{
    "guid": "10562250_gab",
    "gt_cls": 1,
    "coalitions": [
        [
            "hex",
            "those",
            "faggots",
            "with",
            "your",
            "witch",
            "broom"
        ],
        [
            "hex",
            "those",
            "faggots",
            "with",
            "your",
            "witch",
            "broom"
        ],
        [
            "hex"
        ],
        [
            "those",
            "faggots"
        ],
        [
            "with",
            "your",
            "witch",
            "broom"
        ],
        [
            "those"
        ],
        [
            "faggots"
        ],
        [
            "with"
        ],
        [
            "your",
            "witch",
            "broom"
        ],
        [
            "your"
        ],
        [
            "witch"
        ],
        [
            "broom"
        ]
    ],
    "value_func": [
        1.0000000242701181,
        0.9985847502671249,
        0.21778875701262695,
        0.4203580170200239,
        0.35902270223148086,
        0.07688132919849389,
        0.3426558985353965,
        0.05785492207989747,
        0.3000732355712377,
        0.06973697522518885,
        0.10250349668481987,
        0.1265920768764749
    ],
    "dividend_dir": [
        1,
        1,
        1,
        1,
        1,
        1,
        1,
        1,
        1,
        1,
        1,
        1
    ],
    "p_tree": [
        [
            null,
            0
        ],
        [
            0,
            1
        ],
        [
            1,
            2
        ],
        [
            1,
            3
        ],
        [
            1,
            4
        ],
        [
            3,
            5
        ],
        [
            3,
            6
        ],
        [
            4,
            7
        ],
        [
            4,
            8
        ],
        [
            8,
            9
        ],
        [
            8,
            10
        ],
        [
            8,
            11
        ]
    ]
}