{
    "guid": "10647080_gab",
    "gt_cls": 0,
    "coalitions": [
        [
            "yeah",
            "it",
            "a",
            "sad",
            "for",
            "in",
            "america",
            "when",
            "white",
            "supremacists",
            "start",
            "a1",
            "violence",
            "protest"
        ],
        [
            "yeah"
        ],
        [
            "it"
        ],
        [
            "a",
            "sad"
        ],
        [
            "for",
            "in",
            "america"
        ],
        [
            "when",
            "white",
            "supremacists",
            "start",
            "a1",
            "violence",
            "protest"
        ],
        [
            "a"
        ],
        [
            "sad"
        ],
        [
            "for"
        ],
        [
            "in",
            "america"
        ],
        [
            "when"
        ],
        [
            "white",
            "supremacists",
            "start",
            "a1",
            "violence",
            "protest"
        ],
        [
            "in"
        ],
        [
            "america"
        ],
        [
            "white",
            "supremacists"
        ],
        [
            "start",
            "a1",
            "violence",
            "protest"
        ],
        [
            "white"
        ],
        [
            "supremacists"
        ],
        [
            "start"
        ],
        [
            "a1",
            "violence",
            "protest"
        ],
        [
            "a1"
        ],
        [
            "violence"
        ],
        [
            "protest"
        ]
    ],
    "value_func": [
        1.0000000067325734,
        0.05686667235705932,
        0.03955126506673035,
        0.10752434925102917,
        0.16508845137156503,
        0.6308209915621908,
        0.043640242255961914,
        0.06341934338003859,
        0.044633045214857205,
        0.1203724168616642,
        0.04195843724720154,
        0.5882292513376476,
        0.03957910013502376,
        0.08071544565562647,
        0.3773967025031692,
        0.2101726440552027,
        0.10422753640068459,
        0.2723155911465999,
        0.045005208622880356,
        0.1651601427534975,
        0.033410198156628525,
        0.07172064858526353,
        0.05990369297344185
    ],
    "dividend_dir": [
        1,
        -1,
        -1,
        -1,
        -1,
        1,
        -1,
        -1,
        -1,
        1,
        1,
        1,
        1,
        1,
        1,
        1,
        1,
        1,
        -1,
        1,
        1,
        1,
        1
    ],
    "p_tree": [
        [
            null,
            0
        ],
        [
            0,
            1
        ],
        [
            0,
            2
        ],
        [
            0,
            3
        ],
        [
            0,
            4
        ],
        [
            0,
            5
        ],
        [
            3,
            6
        ],
        [
            3,
            7
        ],
        [
            4,
            8
        ],
        [
            4,
            9
        ],
        [
            5,
            10
        ],
        [
            5,
            11
        ],
        [
            9,
            12
        ],
        [
            9,
            13
        ],
        [
            11,
            14
        ],
        [
            11,
            15
        ],
        [
            14,
            16
        ],
        [
            14,
            17
        ],
        [
            15,
            18
        ],
        [
            15,
            19
        ],
        [
            19,
            20
        ],
        [
            19,
            21
        ],
        [
            19,
            22
        ]
    ]
}