{
    "guid": "10706335_gab",
    "gt_cls": 1,
    "coalitions": [
        [
            "that",
            "nigger",
            "does",
            "not",
            "need",
            "another",
            "reason",
            "to",
            "hang"
        ],
        [
            "that"
        ],
        [
            "nigger",
            "does",
            "not",
            "need",
            "another",
            "reason",
            "to",
            "hang"
        ],
        [
            "nigger"
        ],
        [
            "does",
            "not",
            "need",
            "another",
            "reason",
            "to",
            "hang"
        ],
        [
            "does"
        ],
        [
            "not"
        ],
        [
            "need",
            "another",
            "reason",
            "to",
            "hang"
        ],
        [
            "need"
        ],
        [
            "another",
            "reason",
            "to",
            "hang"
        ],
        [
            "another",
            "reason"
        ],
        [
            "to",
            "hang"
        ],
        [
            "another"
        ],
        [
            "reason"
        ],
        [
            "to",
            "hang"
        ],
        [
            "to",
            "hang"
        ],
        [
            "to"
        ],
        [
            "hang"
        ]
    ],
    "value_func": [
        0.9999999800478292,
        0.08183578303606837,
        0.9165998752967465,
        0.4155032710586164,
        0.49957796299310747,
        0.11183466105070597,
        0.05246086220774628,
        0.334944207082126,
        0.056966626790656415,
        0.2774316980622567,
        0.11395558601343184,
        0.16289369358420108,
        0.05270717868112174,
        0.06100050632027974,
        0.16231361712581302,
        0.16173354066742496,
        0.04552195318034113,
        0.11563151102869577
    ],
    "dividend_dir": [
        1,
        1,
        1,
        1,
        1,
        -1,
        -1,
        1,
        1,
        1,
        1,
        1,
        1,
        1,
        1,
        1,
        1,
        1
    ],
    "p_tree": [
        [
            null,
            0
        ],
        [
            0,
            1
        ],
        [
            0,
            2
        ],
        [
            2,
            3
        ],
        [
            2,
            4
        ],
        [
            4,
            5
        ],
        [
            4,
            6
        ],
        [
            4,
            7
        ],
        [
            7,
            8
        ],
        [
            7,
            9
        ],
        [
            9,
            10
        ],
        [
            9,
            11
        ],
        [
            10,
            12
        ],
        [
            10,
            13
        ],
        [
            11,
            14
        ],
        [
            14,
            15
        ],
        [
            15,
            16
        ],
        [
            15,
            17
        ]
    ]
}