{
    "guid": "1081965704939749376_twitter",
    "gt_cls": 1,
    "coalitions": [
        [
            "you",
            "niggers",
            "are",
            "absolutely",
            "disgusting"
        ],
        [
            "you",
            "niggers"
        ],
        [
            "are",
            "absolutely",
            "disgusting"
        ],
        [
            "you"
        ],
        [
            "niggers"
        ],
        [
            "are"
        ],
        [
            "absolutely",
            "disgusting"
        ],
        [
            "absolutely"
        ],
        [
            "disgusting"
        ]
    ],
    "value_func": [
        0.9999999996885082,
        0.5826686279989379,
        0.41452981111658704,
        0.08723245470618574,
        0.49310572752723353,
        0.07907120188124389,
        0.33388874648758243,
        0.11067118799990378,
        0.22140302854022212
    ],
    "dividend_dir": [
        1,
        1,
        1,
        1,
        1,
        1,
        1,
        1,
        1
    ],
    "p_tree": [
        [
            null,
            0
        ],
        [
            0,
            1
        ],
        [
            0,
            2
        ],
        [
            1,
            3
        ],
        [
            1,
            4
        ],
        [
            2,
            5
        ],
        [
            2,
            6
        ],
        [
            6,
            7
        ],
        [
            6,
            8
        ]
    ]
}