{
    "guid": "1082260457396809728_twitter",
    "gt_cls": 0,
    "coalitions": [
        [
            "<user>",
            "<user>1",
            "please",
            "look",
            "at",
            "refugees",
            "iraqi",
            "in",
            "turkey",
            "they",
            "want",
            "home",
            "standwithiraqirefugees"
        ],
        [
            "<user>",
            "<user>1"
        ],
        [
            "please"
        ],
        [
            "look",
            "at",
            "refugees",
            "iraqi",
            "in",
            "turkey",
            "they",
            "want",
            "home",
            "standwithiraqirefugees"
        ],
        [
            "<user>"
        ],
        [
            "<user>1"
        ],
        [
            "look"
        ],
        [
            "at",
            "refugees"
        ],
        [
            "iraqi",
            "in",
            "turkey",
            "they",
            "want",
            "home",
            "standwithiraqirefugees"
        ],
        [
            "at"
        ],
        [
            "refugees"
        ],
        [
            "iraqi",
            "in",
            "turkey"
        ],
        [
            "they",
            "want",
            "home",
            "standwithiraqirefugees"
        ],
        [
            "iraqi"
        ],
        [
            "in",
            "turkey"
        ],
        [
            "they",
            "want",
            "home",
            "standwithiraqirefugees"
        ],
        [
            "in"
        ],
        [
            "turkey"
        ],
        [
            "they"
        ],
        [
            "want",
            "home",
            "standwithiraqirefugees"
        ],
        [
            "want"
        ],
        [
            "home",
            "standwithiraqirefugees"
        ],
        [
            "home"
        ],
        [
            "standwithiraqirefugees"
        ]
    ],
    "value_func": [
        1.0000000160881748,
        0.10432148047253426,
        0.04755447345207102,
        0.8480268566303888,
        0.05628167580570933,
        0.04771907320961886,
        0.03225054755267617,
        0.08843232453941424,
        0.7273095063612236,
        0.02802083163379939,
        0.06031119001559671,
        0.1412159200553178,
        0.5860746435295145,
        0.05912270603343601,
        0.08190394515450963,
        0.585963727456502,
        0.026682825983639323,
        0.0550422558140793,
        0.02484008485050583,
        0.5610127265329837,
        0.025723011184765353,
        0.5351881426883889,
        0.030314292029139225,
        0.5047551351976834
    ],
    "dividend_dir": [
        1,
        1,
        1,
        1,
        1,
        -1,
        -1,
        1,
        1,
        -1,
        1,
        -1,
        1,
        -1,
        -1,
        1,
        -1,
        -1,
        1,
        1,
        -1,
        1,
        1,
        1
    ],
    "p_tree": [
        [
            null,
            0
        ],
        [
            0,
            1
        ],
        [
            0,
            2
        ],
        [
            0,
            3
        ],
        [
            1,
            4
        ],
        [
            1,
            5
        ],
        [
            3,
            6
        ],
        [
            3,
            7
        ],
        [
            3,
            8
        ],
        [
            7,
            9
        ],
        [
            7,
            10
        ],
        [
            8,
            11
        ],
        [
            8,
            12
        ],
        [
            11,
            13
        ],
        [
            11,
            14
        ],
        [
            12,
            15
        ],
        [
            14,
            16
        ],
        [
            14,
            17
        ],
        [
            15,
            18
        ],
        [
            15,
            19
        ],
        [
            19,
            20
        ],
        [
            19,
            21
        ],
        [
            21,
            22
        ],
        [
            21,
            23
        ]
    ]
}