{
    "guid": "1084991014455201794_twitter",
    "gt_cls": 0,
    "coalitions": [
        [
            "we",
            "need",
            "some",
            "women",
            "on",
            "here",
            "with",
            "actual",
            "life",
            "experiences",
            "the",
            "bachelor"
        ],
        [
            "we"
        ],
        [
            "need",
            "some",
            "women",
            "on",
            "here",
            "with",
            "actual",
            "life",
            "experiences",
            "the",
            "bachelor"
        ],
        [
            "need"
        ],
        [
            "some",
            "women",
            "on",
            "here",
            "with",
            "actual",
            "life",
            "experiences",
            "the",
            "bachelor"
        ],
        [
            "some",
            "women",
            "on",
            "here",
            "with",
            "actual",
            "life",
            "experiences"
        ],
        [
            "the",
            "bachelor"
        ],
        [
            "some",
            "women"
        ],
        [
            "on",
            "here"
        ],
        [
            "with",
            "actual",
            "life",
            "experiences"
        ],
        [
            "the"
        ],
        [
            "bachelor"
        ],
        [
            "some"
        ],
        [
            "women"
        ],
        [
            "on"
        ],
        [
            "here"
        ],
        [
            "with"
        ],
        [
            "actual",
            "life",
            "experiences"
        ],
        [
            "actual"
        ],
        [
            "life"
        ],
        [
            "experiences"
        ]
    ],
    "value_func": [
        1.000000005658291,
        0.07329794344864883,
        0.9263920961352016,
        0.08049513933480791,
        0.8453065536521109,
        0.6479785769738434,
        0.19645452293784899,
        0.17761488729410127,
        0.14236288033380662,
        0.32696404798305684,
        0.05984953444620655,
        0.1364891682893445,
        0.06844465520717963,
        0.10867560326089554,
        0.07233768009717617,
        0.06950308755271968,
        0.04544196829426877,
        0.28077438362332074,
        0.07060633394114899,
        0.08812197034856696,
        0.12123049833969715
    ],
    "dividend_dir": [
        1,
        -1,
        1,
        -1,
        1,
        1,
        -1,
        1,
        1,
        1,
        1,
        -1,
        1,
        -1,
        1,
        1,
        1,
        1,
        1,
        -1,
        1
    ],
    "p_tree": [
        [
            null,
            0
        ],
        [
            0,
            1
        ],
        [
            0,
            2
        ],
        [
            2,
            3
        ],
        [
            2,
            4
        ],
        [
            4,
            5
        ],
        [
            4,
            6
        ],
        [
            5,
            7
        ],
        [
            5,
            8
        ],
        [
            5,
            9
        ],
        [
            6,
            10
        ],
        [
            6,
            11
        ],
        [
            7,
            12
        ],
        [
            7,
            13
        ],
        [
            8,
            14
        ],
        [
            8,
            15
        ],
        [
            9,
            16
        ],
        [
            9,
            17
        ],
        [
            17,
            18
        ],
        [
            17,
            19
        ],
        [
            17,
            20
        ]
    ]
}