{
    "guid": "1087834593204539392_twitter",
    "gt_cls": 0,
    "coalitions": [
        [
            "a",
            "covington",
            "catholic",
            "a1",
            "native",
            "american",
            "indian",
            "and",
            "a2",
            "black",
            "hebrew",
            "israelite",
            "walk",
            "into",
            "a3",
            "bar"
        ],
        [
            "a",
            "covington",
            "catholic",
            "a1",
            "native",
            "american",
            "indian",
            "and",
            "a2",
            "black",
            "hebrew",
            "israelite"
        ],
        [
            "walk",
            "into",
            "a3",
            "bar"
        ],
        [
            "a",
            "covington",
            "catholic",
            "a1",
            "native",
            "american",
            "indian"
        ],
        [
            "and"
        ],
        [
            "a2",
            "black",
            "hebrew",
            "israelite"
        ],
        [
            "walk"
        ],
        [
            "into",
            "a3",
            "bar"
        ],
        [
            "a",
            "covington",
            "catholic"
        ],
        [
            "a1",
            "native",
            "american",
            "indian"
        ],
        [
            "a2"
        ],
        [
            "black"
        ],
        [
            "hebrew"
        ],
        [
            "israelite"
        ],
        [
            "into"
        ],
        [
            "a3",
            "bar"
        ],
        [
            "a",
            "covington"
        ],
        [
            "catholic"
        ],
        [
            "a1"
        ],
        [
            "native"
        ],
        [
            "american"
        ],
        [
            "indian"
        ],
        [
            "a3"
        ],
        [
            "bar"
        ],
        [
            "a"
        ],
        [
            "covington"
        ]
    ],
    "value_func": [
        0.9999999792166535,
        0.8270620022254794,
        0.1727056144307411,
        0.41976843031535394,
        0.03427687685961913,
        0.3728699058821789,
        0.05001847689804764,
        0.12247126664319838,
        0.2388877858028561,
        0.18065349417762713,
        0.03285908230787025,
        0.05439897041941656,
        0.08349084867103215,
        0.2020841070045556,
        0.03246134706130638,
        0.08989002336484629,
        0.17030682139097275,
        0.06830753336666129,
        0.03445062117163721,
        0.0463632890687017,
        0.046331764869728086,
        0.05345919554580849,
        0.028886097669607112,
        0.06084903355449903,
        0.035886191507547,
        0.13426757408384585
    ],
    "dividend_dir": [
        -1,
        -1,
        -1,
        -1,
        1,
        -1,
        -1,
        -1,
        -1,
        -1,
        -1,
        -1,
        -1,
        1,
        1,
        -1,
        -1,
        -1,
        -1,
        1,
        -1,
        1,
        -1,
        -1,
        -1,
        -1
    ],
    "p_tree": [
        [
            null,
            0
        ],
        [
            0,
            1
        ],
        [
            0,
            2
        ],
        [
            1,
            3
        ],
        [
            1,
            4
        ],
        [
            1,
            5
        ],
        [
            2,
            6
        ],
        [
            2,
            7
        ],
        [
            3,
            8
        ],
        [
            3,
            9
        ],
        [
            5,
            10
        ],
        [
            5,
            11
        ],
        [
            5,
            12
        ],
        [
            5,
            13
        ],
        [
            7,
            14
        ],
        [
            7,
            15
        ],
        [
            8,
            16
        ],
        [
            8,
            17
        ],
        [
            9,
            18
        ],
        [
            9,
            19
        ],
        [
            9,
            20
        ],
        [
            9,
            21
        ],
        [
            15,
            22
        ],
        [
            15,
            23
        ],
        [
            16,
            24
        ],
        [
            16,
            25
        ]
    ]
}