{
    "guid": "1087526819342049281_twitter",
    "gt_cls": 0,
    "coalitions": [
        [
            "i",
            "am",
            "tired",
            "of",
            "niggas",
            "acting",
            "like",
            "carmelo",
            "anthony",
            "is",
            "trash"
        ],
        [
            "i"
        ],
        [
            "am",
            "tired",
            "of",
            "niggas",
            "acting",
            "like",
            "carmelo",
            "anthony",
            "is",
            "trash"
        ],
        [
            "am"
        ],
        [
            "tired",
            "of",
            "niggas",
            "acting",
            "like",
            "carmelo",
            "anthony",
            "is",
            "trash"
        ],
        [
            "tired"
        ],
        [
            "of",
            "niggas",
            "acting",
            "like",
            "carmelo",
            "anthony",
            "is",
            "trash"
        ],
        [
            "of"
        ],
        [
            "niggas",
            "acting",
            "like",
            "carmelo",
            "anthony",
            "is",
            "trash"
        ],
        [
            "niggas"
        ],
        [
            "acting",
            "like",
            "carmelo",
            "anthony",
            "is",
            "trash"
        ],
        [
            "acting"
        ],
        [
            "like",
            "carmelo",
            "anthony",
            "is",
            "trash"
        ],
        [
            "like"
        ],
        [
            "carmelo",
            "anthony",
            "is",
            "trash"
        ],
        [
            "carmelo",
            "anthony"
        ],
        [
            "is",
            "trash"
        ],
        [
            "carmelo"
        ],
        [
            "anthony"
        ],
        [
            "is"
        ],
        [
            "trash"
        ]
    ],
    "value_func": [
        1.000000028148459,
        0.03209846486809471,
        0.9678742333009185,
        0.03459464733117151,
        0.9332350018788728,
        0.05449514239332531,
        0.8786644050870797,
        0.03890686412282838,
        0.8396716707878915,
        0.4172758269813672,
        0.42233663525440396,
        0.052215992054392854,
        0.3698105150346637,
        0.03886791283188903,
        0.33051141969627307,
        0.17288038882844628,
        0.15717398299930904,
        0.12723170830565383,
        0.04558173734220713,
        0.0451166358917518,
        0.11142680027799279
    ],
    "dividend_dir": [
        1,
        -1,
        1,
        -1,
        1,
        -1,
        1,
        1,
        1,
        1,
        -1,
        1,
        -1,
        -1,
        -1,
        -1,
        -1,
        -1,
        -1,
        1,
        -1
    ],
    "p_tree": [
        [
            null,
            0
        ],
        [
            0,
            1
        ],
        [
            0,
            2
        ],
        [
            2,
            3
        ],
        [
            2,
            4
        ],
        [
            4,
            5
        ],
        [
            4,
            6
        ],
        [
            6,
            7
        ],
        [
            6,
            8
        ],
        [
            8,
            9
        ],
        [
            8,
            10
        ],
        [
            10,
            11
        ],
        [
            10,
            12
        ],
        [
            12,
            13
        ],
        [
            12,
            14
        ],
        [
            14,
            15
        ],
        [
            14,
            16
        ],
        [
            15,
            17
        ],
        [
            15,
            18
        ],
        [
            16,
            19
        ],
        [
            16,
            20
        ]
    ]
}