{
    "guid": "1087149424256651269_twitter",
    "gt_cls": 0,
    "coalitions": [
        [
            "shout",
            "out",
            "to",
            "whoever",
            "invented",
            "hot",
            "sauce"
        ],
        [
            "shout",
            "out",
            "to",
            "whoever",
            "invented",
            "hot",
            "sauce"
        ],
        [
            "shout"
        ],
        [
            "out"
        ],
        [
            "to",
            "whoever",
            "invented",
            "hot",
            "sauce"
        ],
        [
            "to"
        ],
        [
            "whoever",
            "invented",
            "hot",
            "sauce"
        ],
        [
            "whoever"
        ],
        [
            "invented",
            "hot",
            "sauce"
        ],
        [
            "invented",
            "hot",
            "sauce"
        ],
        [
            "invented"
        ],
        [
            "hot",
            "sauce"
        ],
        [
            "hot"
        ],
        [
            "sauce"
        ]
    ],
    "value_func": [
        0.9999999849515547,
        0.9996434321074478,
        0.17491311147341948,
        0.09968364964069555,
        0.7246901181492258,
        0.08811945223357472,
        0.6365127032993597,
        0.13240786721010106,
        0.5039746081035925,
        0.5038010457951255,
        0.1468200796182038,
        0.3568074038684548,
        0.14391009162587085,
        0.21269351998772792
    ],
    "dividend_dir": [
        1,
        1,
        1,
        1,
        1,
        1,
        -1,
        -1,
        1,
        1,
        -1,
        1,
        1,
        1
    ],
    "p_tree": [
        [
            null,
            0
        ],
        [
            0,
            1
        ],
        [
            1,
            2
        ],
        [
            1,
            3
        ],
        [
            1,
            4
        ],
        [
            4,
            5
        ],
        [
            4,
            6
        ],
        [
            6,
            7
        ],
        [
            6,
            8
        ],
        [
            8,
            9
        ],
        [
            9,
            10
        ],
        [
            9,
            11
        ],
        [
            11,
            12
        ],
        [
            11,
            13
        ]
    ]
}