{
    "guid": "10883257_gab",
    "gt_cls": 0,
    "coalitions": [
        [
            "using",
            "gas",
            "lighting",
            "propaganda",
            "for",
            "you",
            "horrible",
            "white",
            "southerners",
            "meant",
            "nothing",
            "real"
        ],
        [
            "using",
            "gas",
            "lighting",
            "propaganda",
            "for",
            "you"
        ],
        [
            "horrible",
            "white",
            "southerners"
        ],
        [
            "meant",
            "nothing",
            "real"
        ],
        [
            "using",
            "gas",
            "lighting",
            "propaganda",
            "for",
            "you"
        ],
        [
            "horrible"
        ],
        [
            "white"
        ],
        [
            "southerners"
        ],
        [
            "meant"
        ],
        [
            "nothing",
            "real"
        ],
        [
            "using"
        ],
        [
            "gas",
            "lighting",
            "propaganda"
        ],
        [
            "for",
            "you"
        ],
        [
            "nothing"
        ],
        [
            "real"
        ],
        [
            "gas",
            "lighting"
        ],
        [
            "propaganda"
        ],
        [
            "for"
        ],
        [
            "you"
        ],
        [
            "gas"
        ],
        [
            "lighting"
        ]
    ],
    "value_func": [
        1.0000000239250002,
        0.45997102708729987,
        0.4070917896070514,
        0.1328542807429451,
        0.45971476105329284,
        0.12496483645811499,
        0.08790623158018367,
        0.1939951839478392,
        0.04989563656262756,
        0.08289488426669364,
        0.061163577540814446,
        0.29699204080235314,
        0.10130287667611826,
        0.041268109822229095,
        0.041552941942290346,
        0.19087285450160574,
        0.10586088824309245,
        0.04078171172246776,
        0.06043022561665741,
        0.10038405727888243,
        0.09048232813672583
    ],
    "dividend_dir": [
        -1,
        -1,
        1,
        -1,
        -1,
        1,
        1,
        -1,
        -1,
        -1,
        -1,
        -1,
        -1,
        -1,
        1,
        -1,
        -1,
        1,
        -1,
        -1,
        1
    ],
    "p_tree": [
        [
            null,
            0
        ],
        [
            0,
            1
        ],
        [
            0,
            2
        ],
        [
            0,
            3
        ],
        [
            1,
            4
        ],
        [
            2,
            5
        ],
        [
            2,
            6
        ],
        [
            2,
            7
        ],
        [
            3,
            8
        ],
        [
            3,
            9
        ],
        [
            4,
            10
        ],
        [
            4,
            11
        ],
        [
            4,
            12
        ],
        [
            9,
            13
        ],
        [
            9,
            14
        ],
        [
            11,
            15
        ],
        [
            11,
            16
        ],
        [
            12,
            17
        ],
        [
            12,
            18
        ],
        [
            15,
            19
        ],
        [
            15,
            20
        ]
    ]
}