{
    "guid": "1088092706457440256_twitter",
    "gt_cls": 0,
    "coalitions": [
        [
            "i",
            "wana",
            "hoe",
            "out",
            "every",
            "time",
            "i1",
            "hear",
            "thotiana"
        ],
        [
            "i"
        ],
        [
            "wana",
            "hoe",
            "out",
            "every",
            "time",
            "i1",
            "hear",
            "thotiana"
        ],
        [
            "wana"
        ],
        [
            "hoe"
        ],
        [
            "out"
        ],
        [
            "every",
            "time",
            "i1",
            "hear",
            "thotiana"
        ],
        [
            "every",
            "time"
        ],
        [
            "i1",
            "hear",
            "thotiana"
        ],
        [
            "every"
        ],
        [
            "time"
        ],
        [
            "i1",
            "hear",
            "thotiana"
        ],
        [
            "i1"
        ],
        [
            "hear",
            "thotiana"
        ],
        [
            "hear"
        ],
        [
            "thotiana"
        ]
    ],
    "value_func": [
        1.0000000156421696,
        0.05051933902882943,
        0.949010981524773,
        0.1528300335674452,
        0.159956114150767,
        0.04954911303943656,
        0.5862282487294608,
        0.09748662056610002,
        0.4883919554965295,
        0.050738036667514,
        0.04672925818857904,
        0.48799048518823823,
        0.044706179839276265,
        0.4428828350406707,
        0.07418858137348179,
        0.36840057074409693
    ],
    "dividend_dir": [
        1,
        1,
        1,
        1,
        1,
        1,
        1,
        1,
        1,
        1,
        -1,
        1,
        1,
        1,
        1,
        1
    ],
    "p_tree": [
        [
            null,
            0
        ],
        [
            0,
            1
        ],
        [
            0,
            2
        ],
        [
            2,
            3
        ],
        [
            2,
            4
        ],
        [
            2,
            5
        ],
        [
            2,
            6
        ],
        [
            6,
            7
        ],
        [
            6,
            8
        ],
        [
            7,
            9
        ],
        [
            7,
            10
        ],
        [
            8,
            11
        ],
        [
            11,
            12
        ],
        [
            11,
            13
        ],
        [
            13,
            14
        ],
        [
            13,
            15
        ]
    ]
}