{
    "guid": "1088890307884838918_twitter",
    "gt_cls": 0,
    "coalitions": [
        [
            "i",
            "raped",
            "david",
            "cameron",
            "because",
            "it",
            "sneezed",
            "at",
            "me",
            "on",
            "minecraft"
        ],
        [
            "i"
        ],
        [
            "raped",
            "david",
            "cameron",
            "because",
            "it",
            "sneezed",
            "at",
            "me",
            "on",
            "minecraft"
        ],
        [
            "raped"
        ],
        [
            "david",
            "cameron"
        ],
        [
            "because",
            "it",
            "sneezed",
            "at",
            "me",
            "on",
            "minecraft"
        ],
        [
            "david"
        ],
        [
            "cameron"
        ],
        [
            "because"
        ],
        [
            "it",
            "sneezed",
            "at",
            "me",
            "on",
            "minecraft"
        ],
        [
            "it"
        ],
        [
            "sneezed",
            "at",
            "me",
            "on",
            "minecraft"
        ],
        [
            "sneezed"
        ],
        [
            "at",
            "me"
        ],
        [
            "on",
            "minecraft"
        ],
        [
            "at"
        ],
        [
            "me"
        ],
        [
            "on"
        ],
        [
            "minecraft"
        ]
    ],
    "value_func": [
        0.9999999847481389,
        0.05377823088455382,
        0.9461183989536464,
        0.1523820255668639,
        0.1947299327307744,
        0.5988758705505087,
        0.09894606603290419,
        0.09547114933236171,
        0.04814253035937985,
        0.550402512246873,
        0.04277445989466236,
        0.5073211553047767,
        0.23166763488250056,
        0.0849655086789961,
        0.1904399960422758,
        0.03845740510651135,
        0.04616956069410209,
        0.04567093900191448,
        0.14448588779714172
    ],
    "dividend_dir": [
        1,
        -1,
        1,
        -1,
        1,
        1,
        1,
        1,
        1,
        1,
        1,
        1,
        -1,
        1,
        1,
        1,
        1,
        1,
        1
    ],
    "p_tree": [
        [
            null,
            0
        ],
        [
            0,
            1
        ],
        [
            0,
            2
        ],
        [
            2,
            3
        ],
        [
            2,
            4
        ],
        [
            2,
            5
        ],
        [
            4,
            6
        ],
        [
            4,
            7
        ],
        [
            5,
            8
        ],
        [
            5,
            9
        ],
        [
            9,
            10
        ],
        [
            9,
            11
        ],
        [
            11,
            12
        ],
        [
            11,
            13
        ],
        [
            11,
            14
        ],
        [
            13,
            15
        ],
        [
            13,
            16
        ],
        [
            14,
            17
        ],
        [
            14,
            18
        ]
    ]
}