{
    "guid": "1090022971303968771_twitter",
    "gt_cls": 0,
    "coalitions": [
        [
            "<number>",
            "<number>1",
            "people",
            "are",
            "removing",
            "shoes"
        ],
        [
            "<number>",
            "<number>1",
            "people"
        ],
        [
            "are",
            "removing",
            "shoes"
        ],
        [
            "<number>",
            "<number>1"
        ],
        [
            "people"
        ],
        [
            "are"
        ],
        [
            "removing",
            "shoes"
        ],
        [
            "<number>"
        ],
        [
            "<number>1"
        ],
        [
            "removing"
        ],
        [
            "shoes"
        ]
    ],
    "value_func": [
        0.9999999704889614,
        0.4316577795897144,
        0.5675760196669106,
        0.27448093427177805,
        0.1565344135647075,
        0.1152613949391708,
        0.4518243571238663,
        0.13158271624211426,
        0.14243699319127365,
        0.21986642089918518,
        0.23159761203715903
    ],
    "dividend_dir": [
        1,
        1,
        1,
        1,
        1,
        1,
        1,
        1,
        -1,
        1,
        -1
    ],
    "p_tree": [
        [
            null,
            0
        ],
        [
            0,
            1
        ],
        [
            0,
            2
        ],
        [
            1,
            3
        ],
        [
            1,
            4
        ],
        [
            2,
            5
        ],
        [
            2,
            6
        ],
        [
            3,
            7
        ],
        [
            3,
            8
        ],
        [
            6,
            9
        ],
        [
            6,
            10
        ]
    ]
}