{
    "guid": "1090673738545283074_twitter",
    "gt_cls": 1,
    "coalitions": [
        [
            "i",
            "do",
            "not",
            "listen",
            "to",
            "niggershitbullshit"
        ],
        [
            "i"
        ],
        [
            "do",
            "not",
            "listen",
            "to",
            "niggershitbullshit"
        ],
        [
            "do"
        ],
        [
            "not"
        ],
        [
            "listen",
            "to",
            "niggershitbullshit"
        ],
        [
            "listen"
        ],
        [
            "to",
            "niggershitbullshit"
        ],
        [
            "to"
        ],
        [
            "niggershitbullshit"
        ]
    ],
    "value_func": [
        1.000000018148072,
        0.058625427252428856,
        0.9392971910032295,
        0.045729185990431485,
        0.049874047592168916,
        0.8416937956348477,
        0.09406563468303847,
        0.7454396673638141,
        0.052726554047629035,
        0.6906176017476784
    ],
    "dividend_dir": [
        1,
        1,
        1,
        1,
        -1,
        1,
        1,
        1,
        1,
        1
    ],
    "p_tree": [
        [
            null,
            0
        ],
        [
            0,
            1
        ],
        [
            0,
            2
        ],
        [
            2,
            3
        ],
        [
            2,
            4
        ],
        [
            2,
            5
        ],
        [
            5,
            6
        ],
        [
            5,
            7
        ],
        [
            7,
            8
        ],
        [
            7,
            9
        ]
    ]
}