{
    "guid": "1091120440305692672_twitter",
    "gt_cls": 0,
    "coalitions": [
        [
            "<user>",
            "that",
            "nothing",
            "alan",
            "partridge",
            "was",
            "<number>"
        ],
        [
            "<user>"
        ],
        [
            "that",
            "nothing",
            "alan",
            "partridge",
            "was",
            "<number>"
        ],
        [
            "that"
        ],
        [
            "nothing",
            "alan",
            "partridge",
            "was",
            "<number>"
        ],
        [
            "nothing",
            "alan",
            "partridge"
        ],
        [
            "was",
            "<number>"
        ],
        [
            "nothing"
        ],
        [
            "alan"
        ],
        [
            "partridge"
        ],
        [
            "was"
        ],
        [
            "<number>"
        ]
    ],
    "value_func": [
        1.0000000083836822,
        0.11625261677670129,
        0.8833527819528794,
        0.1256373369755685,
        0.7573216125813523,
        0.5304842853410604,
        0.22671042965212226,
        0.15019320849492565,
        0.13545262545674236,
        0.24437692661031976,
        0.10183729859415581,
        0.12435781333294015
    ],
    "dividend_dir": [
        1,
        1,
        1,
        1,
        -1,
        -1,
        1,
        -1,
        1,
        -1,
        1,
        -1
    ],
    "p_tree": [
        [
            null,
            0
        ],
        [
            0,
            1
        ],
        [
            0,
            2
        ],
        [
            2,
            3
        ],
        [
            2,
            4
        ],
        [
            4,
            5
        ],
        [
            4,
            6
        ],
        [
            5,
            7
        ],
        [
            5,
            8
        ],
        [
            5,
            9
        ],
        [
            6,
            10
        ],
        [
            6,
            11
        ]
    ]
}