{
    "guid": "1092772320786214912_twitter",
    "gt_cls": 1,
    "coalitions": [
        [
            "<user>",
            "<user>1",
            "stupid",
            "sand",
            "niggers"
        ],
        [
            "<user>"
        ],
        [
            "<user>1"
        ],
        [
            "stupid"
        ],
        [
            "sand"
        ],
        [
            "niggers"
        ]
    ],
    "value_func": [
        1.0000000076531348,
        0.10192754725209734,
        0.17246437906502254,
        0.17122936442977563,
        0.15635610134443298,
        0.39573972030966786
    ],
    "dividend_dir": [
        1,
        1,
        -1,
        1,
        1,
        1
    ],
    "p_tree": [
        [
            null,
            0
        ],
        [
            0,
            1
        ],
        [
            0,
            2
        ],
        [
            0,
            3
        ],
        [
            0,
            4
        ],
        [
            0,
            5
        ]
    ]
}