{
    "guid": "1092230580312395777_twitter",
    "gt_cls": 1,
    "coalitions": [
        [
            "oh",
            "this",
            "is",
            "getting",
            "niggerish"
        ],
        [
            "oh"
        ],
        [
            "this"
        ],
        [
            "is",
            "getting",
            "niggerish"
        ],
        [
            "is"
        ],
        [
            "getting",
            "niggerish"
        ],
        [
            "getting"
        ],
        [
            "niggerish"
        ]
    ],
    "value_func": [
        0.9999999590014054,
        0.1700753119188982,
        0.09124288678153851,
        0.736797549305042,
        0.07909582027230765,
        0.6561684599253115,
        0.11350263947894702,
        0.5408195271748161
    ],
    "dividend_dir": [
        1,
        1,
        -1,
        1,
        -1,
        1,
        1,
        1
    ],
    "p_tree": [
        [
            null,
            0
        ],
        [
            0,
            1
        ],
        [
            0,
            2
        ],
        [
            0,
            3
        ],
        [
            3,
            4
        ],
        [
            3,
            5
        ],
        [
            5,
            6
        ],
        [
            5,
            7
        ]
    ]
}