{
    "guid": "1092836980176666629_twitter",
    "gt_cls": 0,
    "coalitions": [
        [
            "touch",
            "down",
            "w",
            "them",
            "bricks",
            "go",
            "harder",
            "lil",
            "nigga"
        ],
        [
            "touch",
            "down",
            "w",
            "them",
            "bricks",
            "go",
            "harder",
            "lil",
            "nigga"
        ],
        [
            "touch"
        ],
        [
            "down"
        ],
        [
            "w",
            "them",
            "bricks",
            "go",
            "harder",
            "lil",
            "nigga"
        ],
        [
            "w"
        ],
        [
            "them",
            "bricks",
            "go",
            "harder",
            "lil",
            "nigga"
        ],
        [
            "them"
        ],
        [
            "bricks"
        ],
        [
            "go",
            "harder",
            "lil",
            "nigga"
        ],
        [
            "go"
        ],
        [
            "harder"
        ],
        [
            "lil"
        ],
        [
            "nigga"
        ]
    ],
    "value_func": [
        0.999999983756438,
        0.9995816081155519,
        0.07096254848117199,
        0.06920871754841018,
        0.8589919664450836,
        0.08047463602964608,
        0.7783392204236026,
        0.09445259403781694,
        0.17222680384449837,
        0.5114944602668142,
        0.07357872756885067,
        0.1000285920979886,
        0.11777147127135483,
        0.21966653201515662
    ],
    "dividend_dir": [
        1,
        1,
        1,
        1,
        1,
        1,
        1,
        1,
        -1,
        1,
        1,
        1,
        1,
        1
    ],
    "p_tree": [
        [
            null,
            0
        ],
        [
            0,
            1
        ],
        [
            1,
            2
        ],
        [
            1,
            3
        ],
        [
            1,
            4
        ],
        [
            4,
            5
        ],
        [
            4,
            6
        ],
        [
            6,
            7
        ],
        [
            6,
            8
        ],
        [
            6,
            9
        ],
        [
            9,
            10
        ],
        [
            9,
            11
        ],
        [
            9,
            12
        ],
        [
            9,
            13
        ]
    ]
}