{
    "guid": "1092591391086178304_twitter",
    "gt_cls": 0,
    "coalitions": [
        [
            "chipped",
            "black",
            "nail",
            "polish"
        ],
        [
            "chipped",
            "black",
            "nail",
            "polish"
        ],
        [
            "chipped"
        ],
        [
            "black",
            "nail",
            "polish"
        ],
        [
            "black"
        ],
        [
            "nail"
        ],
        [
            "polish"
        ]
    ],
    "value_func": [
        1.0000000414184893,
        0.9995442961923622,
        0.36093250768044244,
        0.6381560432857926,
        0.17346310260818312,
        0.22066217678682004,
        0.24355608332410647
    ],
    "dividend_dir": [
        1,
        1,
        1,
        1,
        1,
        -1,
        1
    ],
    "p_tree": [
        [
            null,
            0
        ],
        [
            0,
            1
        ],
        [
            1,
            2
        ],
        [
            1,
            3
        ],
        [
            3,
            4
        ],
        [
            3,
            5
        ],
        [
            3,
            6
        ]
    ]
}