{
    "guid": "1100389613074558976_twitter",
    "gt_cls": 1,
    "coalitions": [
        [
            "<user>",
            "not",
            "low",
            "class",
            "they",
            "enjoy",
            "to",
            "get",
            "fucked",
            "by",
            "muslims"
        ],
        [
            "<user>",
            "not",
            "low",
            "class"
        ],
        [
            "they",
            "enjoy",
            "to",
            "get",
            "fucked",
            "by",
            "muslims"
        ],
        [
            "<user>"
        ],
        [
            "not",
            "low"
        ],
        [
            "class"
        ],
        [
            "they",
            "enjoy",
            "to",
            "get",
            "fucked",
            "by",
            "muslims"
        ],
        [
            "not"
        ],
        [
            "low"
        ],
        [
            "they"
        ],
        [
            "enjoy",
            "to",
            "get",
            "fucked",
            "by",
            "muslims"
        ],
        [
            "enjoy"
        ],
        [
            "to",
            "get",
            "fucked",
            "by",
            "muslims"
        ],
        [
            "to",
            "get",
            "fucked",
            "by",
            "muslims"
        ],
        [
            "to"
        ],
        [
            "get",
            "fucked",
            "by",
            "muslims"
        ],
        [
            "get"
        ],
        [
            "fucked",
            "by",
            "muslims"
        ],
        [
            "fucked"
        ],
        [
            "by",
            "muslims"
        ],
        [
            "by"
        ],
        [
            "muslims"
        ]
    ],
    "value_func": [
        1.0000000180286552,
        0.20555371856542895,
        0.7935251173987596,
        0.06187891946938847,
        0.08629236060771292,
        0.057222981290060246,
        0.7922694197105213,
        0.037059612139758516,
        0.04915473774806681,
        0.03830497629748205,
        0.752708745724801,
        0.059930028492387606,
        0.6914146112821735,
        0.6898122409359463,
        0.04750855167721241,
        0.6407013189125066,
        0.04995167140501742,
        0.5889318552143797,
        0.11286659771624354,
        0.4737918176287922,
        0.1159137579828031,
        0.3554296527037595
    ],
    "dividend_dir": [
        1,
        -1,
        1,
        -1,
        1,
        -1,
        1,
        1,
        -1,
        1,
        1,
        -1,
        1,
        1,
        -1,
        1,
        -1,
        1,
        1,
        1,
        -1,
        1
    ],
    "p_tree": [
        [
            null,
            0
        ],
        [
            0,
            1
        ],
        [
            0,
            2
        ],
        [
            1,
            3
        ],
        [
            1,
            4
        ],
        [
            1,
            5
        ],
        [
            2,
            6
        ],
        [
            4,
            7
        ],
        [
            4,
            8
        ],
        [
            6,
            9
        ],
        [
            6,
            10
        ],
        [
            10,
            11
        ],
        [
            10,
            12
        ],
        [
            12,
            13
        ],
        [
            13,
            14
        ],
        [
            13,
            15
        ],
        [
            15,
            16
        ],
        [
            15,
            17
        ],
        [
            17,
            18
        ],
        [
            17,
            19
        ],
        [
            19,
            20
        ],
        [
            19,
            21
        ]
    ]
}