{
    "guid": "11012135_gab",
    "gt_cls": 1,
    "coalitions": [
        [
            "all",
            "you",
            "so",
            "called",
            "jewish",
            "people",
            "and",
            "asians",
            "you1",
            "actually",
            "white",
            "supremes"
        ],
        [
            "all",
            "you",
            "so",
            "called",
            "jewish",
            "people"
        ],
        [
            "and"
        ],
        [
            "asians",
            "you1",
            "actually",
            "white",
            "supremes"
        ],
        [
            "all"
        ],
        [
            "you",
            "so",
            "called",
            "jewish",
            "people"
        ],
        [
            "asians"
        ],
        [
            "you1",
            "actually",
            "white",
            "supremes"
        ],
        [
            "you",
            "so",
            "called",
            "jewish",
            "people"
        ],
        [
            "you1"
        ],
        [
            "actually"
        ],
        [
            "white"
        ],
        [
            "supremes"
        ],
        [
            "you"
        ],
        [
            "so"
        ],
        [
            "called",
            "jewish",
            "people"
        ],
        [
            "called"
        ],
        [
            "jewish",
            "people"
        ],
        [
            "jewish",
            "people"
        ],
        [
            "jewish"
        ],
        [
            "people"
        ]
    ],
    "value_func": [
        0.9999999710577875,
        0.4064695204822902,
        0.0387778956609316,
        0.5545818777191429,
        0.0683676664854341,
        0.3376777100750264,
        0.12250068947713741,
        0.4319879232849844,
        0.3376273927005209,
        0.057902060472292786,
        0.06633506085644379,
        0.09622655342510919,
        0.21144901704889932,
        0.05182598394697385,
        0.05167425109671689,
        0.23407684028232464,
        0.06395607378784185,
        0.1700717026392748,
        0.17004543027126998,
        0.11573212581429913,
        0.054287032088966035
    ],
    "dividend_dir": [
        -1,
        -1,
        1,
        1,
        -1,
        -1,
        1,
        1,
        -1,
        -1,
        -1,
        1,
        -1,
        1,
        -1,
        1,
        1,
        1,
        1,
        1,
        -1
    ],
    "p_tree": [
        [
            null,
            0
        ],
        [
            0,
            1
        ],
        [
            0,
            2
        ],
        [
            0,
            3
        ],
        [
            1,
            4
        ],
        [
            1,
            5
        ],
        [
            3,
            6
        ],
        [
            3,
            7
        ],
        [
            5,
            8
        ],
        [
            7,
            9
        ],
        [
            7,
            10
        ],
        [
            7,
            11
        ],
        [
            7,
            12
        ],
        [
            8,
            13
        ],
        [
            8,
            14
        ],
        [
            8,
            15
        ],
        [
            15,
            16
        ],
        [
            15,
            17
        ],
        [
            17,
            18
        ],
        [
            18,
            19
        ],
        [
            18,
            20
        ]
    ]
}