{
    "guid": "1102795985951043584_twitter",
    "gt_cls": 0,
    "coalitions": [
        [
            "rt",
            "mindtendencies2",
            "those",
            "who",
            "hate",
            "you",
            "for",
            "being",
            "real",
            "usually",
            "love",
            "your",
            "mask"
        ],
        [
            "rt",
            "mindtendencies2"
        ],
        [
            "those",
            "who",
            "hate",
            "you",
            "for",
            "being",
            "real"
        ],
        [
            "usually"
        ],
        [
            "love",
            "your",
            "mask"
        ],
        [
            "rt"
        ],
        [
            "mindtendencies2"
        ],
        [
            "those"
        ],
        [
            "who",
            "hate",
            "you",
            "for",
            "being",
            "real"
        ],
        [
            "love"
        ],
        [
            "your",
            "mask"
        ],
        [
            "who"
        ],
        [
            "hate",
            "you",
            "for",
            "being",
            "real"
        ],
        [
            "your"
        ],
        [
            "mask"
        ],
        [
            "hate",
            "you",
            "for",
            "being",
            "real"
        ],
        [
            "hate"
        ],
        [
            "you"
        ],
        [
            "for",
            "being",
            "real"
        ],
        [
            "for"
        ],
        [
            "being",
            "real"
        ],
        [
            "being",
            "real"
        ],
        [
            "being"
        ],
        [
            "real"
        ]
    ],
    "value_func": [
        1.0000000295623757,
        0.43071642485289063,
        0.31414955621427487,
        0.052960833010863184,
        0.2019208596726816,
        0.10721005582701881,
        0.3229427997518563,
        0.04737138909944052,
        0.26671636757071826,
        0.049731069510035704,
        0.15176268045204014,
        0.03814316290953852,
        0.22847167650406397,
        0.05142502279882782,
        0.0997821392812759,
        0.228336777888965,
        0.060315166466159024,
        0.04451209983624755,
        0.12337461297145945,
        0.037442378560040034,
        0.08560176216588075,
        0.08532309302602965,
        0.03591393519522798,
        0.049130488690950574
    ],
    "dividend_dir": [
        1,
        1,
        1,
        1,
        -1,
        1,
        1,
        -1,
        1,
        1,
        -1,
        -1,
        1,
        -1,
        -1,
        1,
        -1,
        1,
        1,
        1,
        1,
        1,
        1,
        1
    ],
    "p_tree": [
        [
            null,
            0
        ],
        [
            0,
            1
        ],
        [
            0,
            2
        ],
        [
            0,
            3
        ],
        [
            0,
            4
        ],
        [
            1,
            5
        ],
        [
            1,
            6
        ],
        [
            2,
            7
        ],
        [
            2,
            8
        ],
        [
            4,
            9
        ],
        [
            4,
            10
        ],
        [
            8,
            11
        ],
        [
            8,
            12
        ],
        [
            10,
            13
        ],
        [
            10,
            14
        ],
        [
            12,
            15
        ],
        [
            15,
            16
        ],
        [
            15,
            17
        ],
        [
            15,
            18
        ],
        [
            18,
            19
        ],
        [
            18,
            20
        ],
        [
            20,
            21
        ],
        [
            21,
            22
        ],
        [
            21,
            23
        ]
    ]
}