{
    "guid": "1104286696089309184_twitter",
    "gt_cls": 0,
    "coalitions": [
        [
            "actually",
            "trapsoul",
            "is",
            "still",
            "that",
            "nigga",
            "still1",
            "still2"
        ],
        [
            "actually"
        ],
        [
            "trapsoul"
        ],
        [
            "is",
            "still",
            "that",
            "nigga",
            "still1",
            "still2"
        ],
        [
            "is"
        ],
        [
            "still"
        ],
        [
            "that",
            "nigga"
        ],
        [
            "still1"
        ],
        [
            "still2"
        ],
        [
            "that"
        ],
        [
            "nigga"
        ]
    ],
    "value_func": [
        0.9999999828844242,
        0.06876251822199622,
        0.22533393314472236,
        0.705341386174549,
        0.0602395562328745,
        0.057909386107314165,
        0.4286419157346683,
        0.08422243873136946,
        0.07388566788126323,
        0.0654692292350382,
        0.36316521035848287
    ],
    "dividend_dir": [
        1,
        1,
        1,
        1,
        1,
        1,
        1,
        1,
        1,
        1,
        -1
    ],
    "p_tree": [
        [
            null,
            0
        ],
        [
            0,
            1
        ],
        [
            0,
            2
        ],
        [
            0,
            3
        ],
        [
            3,
            4
        ],
        [
            3,
            5
        ],
        [
            3,
            6
        ],
        [
            3,
            7
        ],
        [
            3,
            8
        ],
        [
            6,
            9
        ],
        [
            6,
            10
        ]
    ]
}