{
    "guid": "1105564033632165888_twitter",
    "gt_cls": 0,
    "coalitions": [
        [
            "<user>",
            "reported",
            "for",
            "targeted",
            "harassment"
        ],
        [
            "<user>"
        ],
        [
            "reported",
            "for",
            "targeted",
            "harassment"
        ],
        [
            "reported"
        ],
        [
            "for",
            "targeted",
            "harassment"
        ],
        [
            "for"
        ],
        [
            "targeted",
            "harassment"
        ],
        [
            "targeted"
        ],
        [
            "harassment"
        ]
    ],
    "value_func": [
        0.9999999953051132,
        0.16854512432315702,
        0.8307943245981758,
        0.16778863647607686,
        0.6622691895900384,
        0.13917315159490765,
        0.5222733425050581,
        0.219362468519272,
        0.30130656868256145
    ],
    "dividend_dir": [
        -1,
        1,
        -1,
        -1,
        -1,
        1,
        -1,
        1,
        -1
    ],
    "p_tree": [
        [
            null,
            0
        ],
        [
            0,
            1
        ],
        [
            0,
            2
        ],
        [
            2,
            3
        ],
        [
            2,
            4
        ],
        [
            4,
            5
        ],
        [
            4,
            6
        ],
        [
            6,
            7
        ],
        [
            6,
            8
        ]
    ]
}