{
    "guid": "1106251643656372224_twitter",
    "gt_cls": 0,
    "coalitions": [
        [
            "plz",
            "let",
            "nebula",
            "pulverize",
            "that",
            "giant",
            "sadistic",
            "grape"
        ],
        [
            "plz"
        ],
        [
            "let",
            "nebula",
            "pulverize",
            "that",
            "giant",
            "sadistic",
            "grape"
        ],
        [
            "let"
        ],
        [
            "nebula",
            "pulverize",
            "that",
            "giant",
            "sadistic",
            "grape"
        ],
        [
            "nebula"
        ],
        [
            "pulverize",
            "that",
            "giant",
            "sadistic",
            "grape"
        ],
        [
            "pulverize"
        ],
        [
            "that",
            "giant",
            "sadistic",
            "grape"
        ],
        [
            "that"
        ],
        [
            "giant"
        ],
        [
            "sadistic"
        ],
        [
            "grape"
        ]
    ],
    "value_func": [
        1.0000000201516064,
        0.08764429350443012,
        0.9123204695934531,
        0.05845843032758085,
        0.8537905593828383,
        0.12723796044157532,
        0.7265301458659433,
        0.2537962910715699,
        0.4727119068874151,
        0.04975475557051498,
        0.07773317300822145,
        0.22080999046255975,
        0.12429488096104542
    ],
    "dividend_dir": [
        -1,
        1,
        -1,
        -1,
        -1,
        -1,
        -1,
        -1,
        1,
        1,
        -1,
        -1,
        1
    ],
    "p_tree": [
        [
            null,
            0
        ],
        [
            0,
            1
        ],
        [
            0,
            2
        ],
        [
            2,
            3
        ],
        [
            2,
            4
        ],
        [
            4,
            5
        ],
        [
            4,
            6
        ],
        [
            6,
            7
        ],
        [
            6,
            8
        ],
        [
            8,
            9
        ],
        [
            8,
            10
        ],
        [
            8,
            11
        ],
        [
            8,
            12
        ]
    ]
}