{
    "guid": "11084491_gab",
    "gt_cls": 0,
    "coalitions": [
        [
            "definition",
            "of",
            "white",
            "privilege"
        ],
        [
            "definition"
        ],
        [
            "of",
            "white",
            "privilege"
        ],
        [
            "of"
        ],
        [
            "white",
            "privilege"
        ],
        [
            "white"
        ],
        [
            "privilege"
        ]
    ],
    "value_func": [
        1.0000000456209521,
        0.21988965353122422,
        0.7796068925512128,
        0.20021399161971168,
        0.579216512265988,
        0.2881166423221384,
        0.29081713834738127
    ],
    "dividend_dir": [
        1,
        1,
        -1,
        1,
        -1,
        1,
        -1
    ],
    "p_tree": [
        [
            null,
            0
        ],
        [
            0,
            1
        ],
        [
            0,
            2
        ],
        [
            2,
            3
        ],
        [
            2,
            4
        ],
        [
            4,
            5
        ],
        [
            4,
            6
        ]
    ]
}