{
    "guid": "1109547724838457345_twitter",
    "gt_cls": 0,
    "coalitions": [
        [
            "real",
            "nigger",
            "me",
            "please"
        ],
        [
            "real"
        ],
        [
            "nigger"
        ],
        [
            "me"
        ],
        [
            "please"
        ]
    ],
    "value_func": [
        0.9999999667742373,
        0.16022023342370312,
        0.5428212487555415,
        0.15239032373395192,
        0.14248432928224966
    ],
    "dividend_dir": [
        1,
        1,
        1,
        -1,
        -1
    ],
    "p_tree": [
        [
            null,
            0
        ],
        [
            0,
            1
        ],
        [
            0,
            2
        ],
        [
            0,
            3
        ],
        [
            0,
            4
        ]
    ]
}