{
    "guid": "1109896674166624256_twitter",
    "gt_cls": 0,
    "coalitions": [
        [
            "do",
            "you",
            "see",
            "that",
            "nice",
            "black",
            "and",
            "red",
            "fish",
            "with",
            "a",
            "nice1",
            "grin",
            "over",
            "there"
        ],
        [
            "do"
        ],
        [
            "you"
        ],
        [
            "see",
            "that",
            "nice",
            "black",
            "and",
            "red",
            "fish",
            "with",
            "a",
            "nice1",
            "grin",
            "over",
            "there"
        ],
        [
            "see"
        ],
        [
            "that",
            "nice",
            "black",
            "and",
            "red",
            "fish",
            "with",
            "a",
            "nice1",
            "grin",
            "over",
            "there"
        ],
        [
            "that",
            "nice",
            "black",
            "and",
            "red",
            "fish"
        ],
        [
            "with",
            "a",
            "nice1",
            "grin",
            "over",
            "there"
        ],
        [
            "that"
        ],
        [
            "nice"
        ],
        [
            "black",
            "and",
            "red"
        ],
        [
            "fish"
        ],
        [
            "with"
        ],
        [
            "a",
            "nice1",
            "grin",
            "over",
            "there"
        ],
        [
            "black"
        ],
        [
            "and"
        ],
        [
            "red"
        ],
        [
            "a",
            "nice1",
            "grin"
        ],
        [
            "over",
            "there"
        ],
        [
            "a"
        ],
        [
            "nice1"
        ],
        [
            "grin"
        ],
        [
            "over"
        ],
        [
            "there"
        ]
    ],
    "value_func": [
        1.0000000204588377,
        0.04653684248996874,
        0.036913043157273395,
        0.9165178671581722,
        0.044031980668564084,
        0.8724138270970612,
        0.5829557682176829,
        0.2893781819028256,
        0.05500771601510134,
        0.0911261182775929,
        0.24382369369834275,
        0.1927147477156893,
        0.05146188954217939,
        0.23774426782301064,
        0.09445962112997304,
        0.051084865525355565,
        0.09777519873177731,
        0.1426743872164015,
        0.09487473158558402,
        0.03211347541838143,
        0.04723660291436236,
        0.06322739034055914,
        0.04353746487512165,
        0.05092002692754142
    ],
    "dividend_dir": [
        1,
        -1,
        1,
        1,
        -1,
        1,
        1,
        -1,
        1,
        -1,
        1,
        1,
        1,
        -1,
        1,
        1,
        1,
        1,
        -1,
        1,
        1,
        1,
        -1,
        -1
    ],
    "p_tree": [
        [
            null,
            0
        ],
        [
            0,
            1
        ],
        [
            0,
            2
        ],
        [
            0,
            3
        ],
        [
            3,
            4
        ],
        [
            3,
            5
        ],
        [
            5,
            6
        ],
        [
            5,
            7
        ],
        [
            6,
            8
        ],
        [
            6,
            9
        ],
        [
            6,
            10
        ],
        [
            6,
            11
        ],
        [
            7,
            12
        ],
        [
            7,
            13
        ],
        [
            10,
            14
        ],
        [
            10,
            15
        ],
        [
            10,
            16
        ],
        [
            13,
            17
        ],
        [
            13,
            18
        ],
        [
            17,
            19
        ],
        [
            17,
            20
        ],
        [
            17,
            21
        ],
        [
            18,
            22
        ],
        [
            18,
            23
        ]
    ]
}