{
    "guid": "1111442006776016897_twitter",
    "gt_cls": 0,
    "coalitions": [
        [
            "weird",
            "niggas",
            "weird1"
        ],
        [
            "weird",
            "niggas"
        ],
        [
            "weird1"
        ],
        [
            "weird"
        ],
        [
            "niggas"
        ]
    ],
    "value_func": [
        0.999999986243282,
        0.8312231273880004,
        0.16801100989636586,
        0.16351326325888507,
        0.6675554166717742
    ],
    "dividend_dir": [
        1,
        1,
        1,
        1,
        1
    ],
    "p_tree": [
        [
            null,
            0
        ],
        [
            0,
            1
        ],
        [
            0,
            2
        ],
        [
            1,
            3
        ],
        [
            1,
            4
        ]
    ]
}