{
    "guid": "1112504910485118979_twitter",
    "gt_cls": 0,
    "coalitions": [
        [
            "<user>",
            "you",
            "’",
            "ll",
            "be",
            "my",
            "next",
            "homorable",
            "mention",
            "🤧"
        ],
        [
            "<user>"
        ],
        [
            "you"
        ],
        [
            "’"
        ],
        [
            "ll"
        ],
        [
            "be",
            "my",
            "next",
            "homorable",
            "mention"
        ],
        [
            "🤧"
        ],
        [
            "be"
        ],
        [
            "my",
            "next",
            "homorable",
            "mention"
        ],
        [
            "my"
        ],
        [
            "next"
        ],
        [
            "homorable"
        ],
        [
            "mention"
        ]
    ],
    "value_func": [
        0.9999999945949539,
        0.06389236352528158,
        0.086904809729953,
        0.18678108420031767,
        0.0704840248003442,
        0.5139261046573143,
        0.07800130634277855,
        0.06145124929501296,
        0.4521287802269676,
        0.06212716977613875,
        0.07157787366536156,
        0.20918973251196699,
        0.10897137523047919
    ],
    "dividend_dir": [
        1,
        1,
        1,
        -1,
        1,
        1,
        -1,
        1,
        1,
        1,
        1,
        -1,
        1
    ],
    "p_tree": [
        [
            null,
            0
        ],
        [
            0,
            1
        ],
        [
            0,
            2
        ],
        [
            0,
            3
        ],
        [
            0,
            4
        ],
        [
            0,
            5
        ],
        [
            0,
            6
        ],
        [
            5,
            7
        ],
        [
            5,
            8
        ],
        [
            8,
            9
        ],
        [
            8,
            10
        ],
        [
            8,
            11
        ],
        [
            8,
            12
        ]
    ]
}