{
    "guid": "1112193907033550848_twitter",
    "gt_cls": 0,
    "coalitions": [
        [
            "<user>",
            "you",
            "me",
            "being",
            "retarded",
            "elderly",
            "pepo"
        ],
        [
            "<user>"
        ],
        [
            "you"
        ],
        [
            "me",
            "being",
            "retarded",
            "elderly",
            "pepo"
        ],
        [
            "me"
        ],
        [
            "being",
            "retarded",
            "elderly",
            "pepo"
        ],
        [
            "being"
        ],
        [
            "retarded",
            "elderly",
            "pepo"
        ],
        [
            "retarded"
        ],
        [
            "elderly",
            "pepo"
        ],
        [
            "elderly"
        ],
        [
            "pepo"
        ]
    ],
    "value_func": [
        0.9999999635286032,
        0.0851487477143981,
        0.06690865518503548,
        0.8476672640344294,
        0.07084542598673006,
        0.7765868592316945,
        0.057836012608451955,
        0.7185461671002528,
        0.20917531591317864,
        0.5093448830957893,
        0.15354441893996992,
        0.35578849466778917
    ],
    "dividend_dir": [
        1,
        1,
        1,
        1,
        1,
        1,
        1,
        1,
        1,
        1,
        -1,
        1
    ],
    "p_tree": [
        [
            null,
            0
        ],
        [
            0,
            1
        ],
        [
            0,
            2
        ],
        [
            0,
            3
        ],
        [
            3,
            4
        ],
        [
            3,
            5
        ],
        [
            5,
            6
        ],
        [
            5,
            7
        ],
        [
            7,
            8
        ],
        [
            7,
            9
        ],
        [
            9,
            10
        ],
        [
            9,
            11
        ]
    ]
}