{
    "guid": "1115292264597741570_twitter",
    "gt_cls": 1,
    "coalitions": [
        [
            "<user>",
            "just",
            "shut",
            "up",
            "jihadi",
            "and",
            "whole",
            "country",
            "will",
            "burn",
            "you",
            "if",
            "you1",
            "oppose"
        ],
        [
            "<user>"
        ],
        [
            "just"
        ],
        [
            "shut",
            "up",
            "jihadi",
            "and",
            "whole",
            "country"
        ],
        [
            "will",
            "burn",
            "you",
            "if",
            "you1",
            "oppose"
        ],
        [
            "shut"
        ],
        [
            "up"
        ],
        [
            "jihadi",
            "and",
            "whole",
            "country"
        ],
        [
            "will"
        ],
        [
            "burn",
            "you",
            "if",
            "you1",
            "oppose"
        ],
        [
            "jihadi"
        ],
        [
            "and"
        ],
        [
            "whole",
            "country"
        ],
        [
            "burn"
        ],
        [
            "you"
        ],
        [
            "if",
            "you1",
            "oppose"
        ],
        [
            "whole"
        ],
        [
            "country"
        ],
        [
            "if"
        ],
        [
            "you1",
            "oppose"
        ],
        [
            "you1"
        ],
        [
            "oppose"
        ]
    ],
    "value_func": [
        0.9999999681293975,
        0.06638087392189129,
        0.0512953227279606,
        0.6360310258141402,
        0.24570307343554987,
        0.06963089957018927,
        0.061326412220097104,
        0.5045614909631257,
        0.0336383599676595,
        0.21180177169115003,
        0.34554614990962346,
        0.05956051421701213,
        0.09875965321366421,
        0.05634387137216768,
        0.036923949348593256,
        0.11825320367354396,
        0.045282717998087585,
        0.053327393709578286,
        0.02967456387248392,
        0.08849773987519001,
        0.0360364748300527,
        0.052387591121849354
    ],
    "dividend_dir": [
        1,
        1,
        1,
        1,
        1,
        1,
        -1,
        1,
        1,
        1,
        1,
        1,
        -1,
        1,
        1,
        1,
        -1,
        -1,
        1,
        1,
        1,
        -1
    ],
    "p_tree": [
        [
            null,
            0
        ],
        [
            0,
            1
        ],
        [
            0,
            2
        ],
        [
            0,
            3
        ],
        [
            0,
            4
        ],
        [
            3,
            5
        ],
        [
            3,
            6
        ],
        [
            3,
            7
        ],
        [
            4,
            8
        ],
        [
            4,
            9
        ],
        [
            7,
            10
        ],
        [
            7,
            11
        ],
        [
            7,
            12
        ],
        [
            9,
            13
        ],
        [
            9,
            14
        ],
        [
            9,
            15
        ],
        [
            12,
            16
        ],
        [
            12,
            17
        ],
        [
            15,
            18
        ],
        [
            15,
            19
        ],
        [
            19,
            20
        ],
        [
            19,
            21
        ]
    ]
}