{
    "guid": "1115973667014496256_twitter",
    "gt_cls": 0,
    "coalitions": [
        [
            "<user>",
            "there",
            "was",
            "no",
            "moslem",
            "ban"
        ],
        [
            "<user>"
        ],
        [
            "there"
        ],
        [
            "was",
            "no",
            "moslem",
            "ban"
        ],
        [
            "was"
        ],
        [
            "no",
            "moslem",
            "ban"
        ],
        [
            "no"
        ],
        [
            "moslem"
        ],
        [
            "ban"
        ]
    ],
    "value_func": [
        1.0000000095082369,
        0.09789926225524431,
        0.07695304569771186,
        0.8244358329624327,
        0.09095800487613133,
        0.7327358074877133,
        0.08820512466198376,
        0.4674614375656541,
        0.17616776929348768
    ],
    "dividend_dir": [
        -1,
        1,
        -1,
        -1,
        1,
        -1,
        -1,
        -1,
        -1
    ],
    "p_tree": [
        [
            null,
            0
        ],
        [
            0,
            1
        ],
        [
            0,
            2
        ],
        [
            0,
            3
        ],
        [
            3,
            4
        ],
        [
            3,
            5
        ],
        [
            5,
            6
        ],
        [
            5,
            7
        ],
        [
            5,
            8
        ]
    ]
}