{
    "guid": "1116713798075858944_twitter",
    "gt_cls": 0,
    "coalitions": [
        [
            "just",
            "had",
            "kabitch",
            "to",
            "the",
            "jeep"
        ],
        [
            "just"
        ],
        [
            "had",
            "kabitch",
            "to",
            "the",
            "jeep"
        ],
        [
            "had"
        ],
        [
            "kabitch",
            "to",
            "the",
            "jeep"
        ],
        [
            "kabitch"
        ],
        [
            "to",
            "the",
            "jeep"
        ],
        [
            "to"
        ],
        [
            "the",
            "jeep"
        ],
        [
            "the"
        ],
        [
            "jeep"
        ]
    ],
    "value_func": [
        0.999999983096402,
        0.09105156861583615,
        0.9088702947383422,
        0.07500026360972396,
        0.8336445690079736,
        0.611960987821158,
        0.22144145760523323,
        0.05348769009880337,
        0.16793708772414775,
        0.06082178828147677,
        0.10705358441439242
    ],
    "dividend_dir": [
        -1,
        1,
        -1,
        -1,
        -1,
        -1,
        -1,
        -1,
        1,
        -1,
        1
    ],
    "p_tree": [
        [
            null,
            0
        ],
        [
            0,
            1
        ],
        [
            0,
            2
        ],
        [
            2,
            3
        ],
        [
            2,
            4
        ],
        [
            4,
            5
        ],
        [
            4,
            6
        ],
        [
            6,
            7
        ],
        [
            6,
            8
        ],
        [
            8,
            9
        ],
        [
            8,
            10
        ]
    ]
}