{
    "guid": "1117523131009204225_twitter",
    "gt_cls": 0,
    "coalitions": [
        [
            "if",
            "she",
            "not",
            "bringing",
            "in",
            "da",
            "bag",
            "leave",
            "dat",
            "hoe"
        ],
        [
            "if"
        ],
        [
            "she",
            "not",
            "bringing",
            "in",
            "da",
            "bag",
            "leave",
            "dat",
            "hoe"
        ],
        [
            "she"
        ],
        [
            "not"
        ],
        [
            "bringing",
            "in",
            "da",
            "bag",
            "leave",
            "dat",
            "hoe"
        ],
        [
            "bringing"
        ],
        [
            "in"
        ],
        [
            "da",
            "bag"
        ],
        [
            "leave",
            "dat",
            "hoe"
        ],
        [
            "da"
        ],
        [
            "bag"
        ],
        [
            "leave"
        ],
        [
            "dat",
            "hoe"
        ],
        [
            "dat"
        ],
        [
            "hoe"
        ]
    ],
    "value_func": [
        1.0000000054070917,
        0.06287955410535749,
        0.9365346835833843,
        0.07757560400653105,
        0.06996930364325928,
        0.7883710145245394,
        0.08388603853443367,
        0.06830520063841082,
        0.20673818937492747,
        0.4291141676726916,
        0.07979577797426506,
        0.1266093016138163,
        0.0957798580936625,
        0.33326950429078084,
        0.13352569404250697,
        0.19961385657163203
    ],
    "dividend_dir": [
        1,
        -1,
        1,
        1,
        1,
        1,
        1,
        1,
        1,
        1,
        1,
        1,
        -1,
        1,
        1,
        1
    ],
    "p_tree": [
        [
            null,
            0
        ],
        [
            0,
            1
        ],
        [
            0,
            2
        ],
        [
            2,
            3
        ],
        [
            2,
            4
        ],
        [
            2,
            5
        ],
        [
            5,
            6
        ],
        [
            5,
            7
        ],
        [
            5,
            8
        ],
        [
            5,
            9
        ],
        [
            8,
            10
        ],
        [
            8,
            11
        ],
        [
            9,
            12
        ],
        [
            9,
            13
        ],
        [
            13,
            14
        ],
        [
            13,
            15
        ]
    ]
}