{
    "guid": "1117170620700217349_twitter",
    "gt_cls": 0,
    "coalitions": [
        [
            "<user>",
            "so",
            "the",
            "nazis",
            "at",
            "<user>1",
            "hate",
            "free",
            "speech"
        ],
        [
            "<user>",
            "so"
        ],
        [
            "the",
            "nazis",
            "at",
            "<user>1"
        ],
        [
            "hate",
            "free",
            "speech"
        ],
        [
            "<user>"
        ],
        [
            "so"
        ],
        [
            "the",
            "nazis"
        ],
        [
            "at",
            "<user>1"
        ],
        [
            "hate"
        ],
        [
            "free",
            "speech"
        ],
        [
            "the"
        ],
        [
            "nazis"
        ],
        [
            "at"
        ],
        [
            "<user>1"
        ],
        [
            "free"
        ],
        [
            "speech"
        ]
    ],
    "value_func": [
        1.0000000124030124,
        0.17919662329600783,
        0.4850672664952722,
        0.3353564189605697,
        0.07758783938019963,
        0.10133615493863254,
        0.30279415221744577,
        0.18217198936194007,
        0.1342801100269814,
        0.2007643191842788,
        0.08848984361350708,
        0.21428468595987352,
        0.07551555908675057,
        0.10651847263362271,
        0.08924766477902604,
        0.11094099243770573
    ],
    "dividend_dir": [
        1,
        1,
        1,
        1,
        1,
        1,
        1,
        1,
        -1,
        1,
        1,
        -1,
        1,
        1,
        1,
        1
    ],
    "p_tree": [
        [
            null,
            0
        ],
        [
            0,
            1
        ],
        [
            0,
            2
        ],
        [
            0,
            3
        ],
        [
            1,
            4
        ],
        [
            1,
            5
        ],
        [
            2,
            6
        ],
        [
            2,
            7
        ],
        [
            3,
            8
        ],
        [
            3,
            9
        ],
        [
            6,
            10
        ],
        [
            6,
            11
        ],
        [
            7,
            12
        ],
        [
            7,
            13
        ],
        [
            9,
            14
        ],
        [
            9,
            15
        ]
    ]
}