{
    "guid": "1117300455409741825_twitter",
    "gt_cls": 0,
    "coalitions": [
        [
            "split",
            "her",
            "like",
            "a",
            "twix",
            "smoking",
            "on",
            "zkittles",
            "high",
            "as",
            "a1",
            "bitch"
        ],
        [
            "split",
            "her",
            "like",
            "a",
            "twix",
            "smoking",
            "on",
            "zkittles",
            "high",
            "as",
            "a1",
            "bitch"
        ],
        [
            "split"
        ],
        [
            "her"
        ],
        [
            "like",
            "a",
            "twix",
            "smoking",
            "on",
            "zkittles",
            "high",
            "as",
            "a1",
            "bitch"
        ],
        [
            "like"
        ],
        [
            "a",
            "twix",
            "smoking",
            "on",
            "zkittles",
            "high",
            "as",
            "a1",
            "bitch"
        ],
        [
            "a",
            "twix"
        ],
        [
            "smoking",
            "on",
            "zkittles",
            "high",
            "as",
            "a1",
            "bitch"
        ],
        [
            "a"
        ],
        [
            "twix"
        ],
        [
            "smoking"
        ],
        [
            "on",
            "zkittles"
        ],
        [
            "high",
            "as",
            "a1",
            "bitch"
        ],
        [
            "on"
        ],
        [
            "zkittles"
        ],
        [
            "high"
        ],
        [
            "as",
            "a1",
            "bitch"
        ],
        [
            "as"
        ],
        [
            "a1",
            "bitch"
        ],
        [
            "a1"
        ],
        [
            "bitch"
        ]
    ],
    "value_func": [
        1.000000011720431,
        0.9998738231580532,
        0.07326210865386495,
        0.03895679031116638,
        0.8875287356306439,
        0.03838892656681888,
        0.849025449209279,
        0.1907295545026878,
        0.6581897554288663,
        0.02548620125376759,
        0.16521909563214313,
        0.08623615413574694,
        0.40031394211270854,
        0.17152945825282773,
        0.03612665284743877,
        0.3641530370186115,
        0.04065911691890517,
        0.13081321196459142,
        0.02532619483085981,
        0.10541024324533776,
        0.026223098026712324,
        0.07901437626285542
    ],
    "dividend_dir": [
        -1,
        -1,
        -1,
        1,
        -1,
        -1,
        -1,
        -1,
        -1,
        -1,
        -1,
        -1,
        -1,
        -1,
        -1,
        -1,
        1,
        -1,
        1,
        -1,
        1,
        -1
    ],
    "p_tree": [
        [
            null,
            0
        ],
        [
            0,
            1
        ],
        [
            1,
            2
        ],
        [
            1,
            3
        ],
        [
            1,
            4
        ],
        [
            4,
            5
        ],
        [
            4,
            6
        ],
        [
            6,
            7
        ],
        [
            6,
            8
        ],
        [
            7,
            9
        ],
        [
            7,
            10
        ],
        [
            8,
            11
        ],
        [
            8,
            12
        ],
        [
            8,
            13
        ],
        [
            12,
            14
        ],
        [
            12,
            15
        ],
        [
            13,
            16
        ],
        [
            13,
            17
        ],
        [
            17,
            18
        ],
        [
            17,
            19
        ],
        [
            19,
            20
        ],
        [
            19,
            21
        ]
    ]
}