{
    "guid": "1118271659058847744_twitter",
    "gt_cls": 0,
    "coalitions": [
        [
            "<user>",
            "<user>1",
            "like",
            "nigga",
            "care"
        ],
        [
            "<user>",
            "<user>1"
        ],
        [
            "like",
            "nigga",
            "care"
        ],
        [
            "<user>"
        ],
        [
            "<user>1"
        ],
        [
            "like"
        ],
        [
            "nigga",
            "care"
        ],
        [
            "nigga"
        ],
        [
            "care"
        ]
    ],
    "value_func": [
        0.9999999684719618,
        0.30602813479981006,
        0.6939340264981071,
        0.1604141455826553,
        0.14500427494706478,
        0.12767724738932504,
        0.5660729370887122,
        0.402140405939388,
        0.16355175768006736
    ],
    "dividend_dir": [
        -1,
        1,
        -1,
        1,
        -1,
        1,
        -1,
        -1,
        1
    ],
    "p_tree": [
        [
            null,
            0
        ],
        [
            0,
            1
        ],
        [
            0,
            2
        ],
        [
            1,
            3
        ],
        [
            1,
            4
        ],
        [
            2,
            5
        ],
        [
            2,
            6
        ],
        [
            6,
            7
        ],
        [
            6,
            8
        ]
    ]
}