{
    "guid": "1118625457010823169_twitter",
    "gt_cls": 0,
    "coalitions": [
        [
            "why",
            "does",
            "it",
            "smell",
            "like",
            "black",
            "sesame",
            "mochi"
        ],
        [
            "why"
        ],
        [
            "does",
            "it",
            "smell",
            "like",
            "black",
            "sesame",
            "mochi"
        ],
        [
            "does"
        ],
        [
            "it"
        ],
        [
            "smell",
            "like",
            "black",
            "sesame",
            "mochi"
        ],
        [
            "smell"
        ],
        [
            "like",
            "black",
            "sesame",
            "mochi"
        ],
        [
            "like"
        ],
        [
            "black",
            "sesame",
            "mochi"
        ],
        [
            "black"
        ],
        [
            "sesame"
        ],
        [
            "mochi"
        ]
    ],
    "value_func": [
        1.000000018252977,
        0.06274731702850014,
        0.9369569776249309,
        0.05129019773629361,
        0.059652538855895845,
        0.8257522320324767,
        0.11211760638541299,
        0.7135931064292266,
        0.057246443368811725,
        0.656227901381065,
        0.10404818015177261,
        0.2749351646053435,
        0.27711631045446156
    ],
    "dividend_dir": [
        1,
        1,
        1,
        1,
        1,
        1,
        -1,
        1,
        1,
        1,
        1,
        -1,
        -1
    ],
    "p_tree": [
        [
            null,
            0
        ],
        [
            0,
            1
        ],
        [
            0,
            2
        ],
        [
            2,
            3
        ],
        [
            2,
            4
        ],
        [
            2,
            5
        ],
        [
            5,
            6
        ],
        [
            5,
            7
        ],
        [
            7,
            8
        ],
        [
            7,
            9
        ],
        [
            9,
            10
        ],
        [
            9,
            11
        ],
        [
            9,
            12
        ]
    ]
}