{
    "guid": "1118233205708976128_twitter",
    "gt_cls": 0,
    "coalitions": [
        [
            "gg",
            "raped",
            "by",
            "the",
            "goat"
        ],
        [
            "gg"
        ],
        [
            "raped",
            "by",
            "the",
            "goat"
        ],
        [
            "raped"
        ],
        [
            "by",
            "the",
            "goat"
        ],
        [
            "by"
        ],
        [
            "the",
            "goat"
        ],
        [
            "the"
        ],
        [
            "goat"
        ]
    ],
    "value_func": [
        1.0000000207678528,
        0.1938722167393818,
        0.8055129983086989,
        0.26025695147659794,
        0.5442430731333238,
        0.10302554595156543,
        0.4409274614323368,
        0.11279447728359196,
        0.3277108402842705
    ],
    "dividend_dir": [
        1,
        -1,
        1,
        1,
        1,
        -1,
        1,
        -1,
        1
    ],
    "p_tree": [
        [
            null,
            0
        ],
        [
            0,
            1
        ],
        [
            0,
            2
        ],
        [
            2,
            3
        ],
        [
            2,
            4
        ],
        [
            4,
            5
        ],
        [
            4,
            6
        ],
        [
            6,
            7
        ],
        [
            6,
            8
        ]
    ]
}