{
    "guid": "1122558468429352961_twitter",
    "gt_cls": 0,
    "coalitions": [
        [
            "bitches",
            "broken",
            "hearts"
        ],
        [
            "bitches"
        ],
        [
            "broken",
            "hearts"
        ],
        [
            "broken"
        ],
        [
            "hearts"
        ]
    ],
    "value_func": [
        1.000000035376482,
        0.5804009315163504,
        0.4187239149400264,
        0.21184957071464258,
        0.20683010731615406
    ],
    "dividend_dir": [
        1,
        1,
        1,
        1,
        -1
    ],
    "p_tree": [
        [
            null,
            0
        ],
        [
            0,
            1
        ],
        [
            0,
            2
        ],
        [
            2,
            3
        ],
        [
            2,
            4
        ]
    ]
}