{
    "guid": "1122013674485506048_twitter",
    "gt_cls": 0,
    "coalitions": [
        [
            "renjun",
            "is",
            "a",
            "lesbian",
            "entende"
        ],
        [
            "renjun"
        ],
        [
            "is",
            "a",
            "lesbian",
            "entende"
        ],
        [
            "is"
        ],
        [
            "a",
            "lesbian",
            "entende"
        ],
        [
            "a",
            "lesbian"
        ],
        [
            "entende"
        ],
        [
            "a"
        ],
        [
            "lesbian"
        ]
    ],
    "value_func": [
        1.000000020693975,
        0.2125060558946805,
        0.7871760018843571,
        0.08232326893234032,
        0.7045831106913785,
        0.301727685671075,
        0.40281887558263907,
        0.0845806097062532,
        0.21688396209326263
    ],
    "dividend_dir": [
        1,
        1,
        1,
        1,
        1,
        -1,
        1,
        1,
        -1
    ],
    "p_tree": [
        [
            null,
            0
        ],
        [
            0,
            1
        ],
        [
            0,
            2
        ],
        [
            2,
            3
        ],
        [
            2,
            4
        ],
        [
            4,
            5
        ],
        [
            4,
            6
        ],
        [
            5,
            7
        ],
        [
            5,
            8
        ]
    ]
}