{
    "guid": "1122614344959660032_twitter",
    "gt_cls": 0,
    "coalitions": [
        [
            "<user>",
            "its",
            "human",
            "violence",
            "stupid",
            "address",
            "the",
            "human1"
        ],
        [
            "<user>"
        ],
        [
            "its",
            "human",
            "violence",
            "stupid",
            "address",
            "the",
            "human1"
        ],
        [
            "its",
            "human",
            "violence",
            "stupid"
        ],
        [
            "address",
            "the",
            "human1"
        ],
        [
            "its",
            "human",
            "violence"
        ],
        [
            "stupid"
        ],
        [
            "address"
        ],
        [
            "the",
            "human1"
        ],
        [
            "its"
        ],
        [
            "human"
        ],
        [
            "violence"
        ],
        [
            "the"
        ],
        [
            "human1"
        ]
    ],
    "value_func": [
        1.0000000051865872,
        0.11520358664328369,
        0.8836662659086797,
        0.5432980937004568,
        0.339323776409077,
        0.37988540421244116,
        0.162784245888206,
        0.13857168283455987,
        0.19989176919872023,
        0.12566080058405202,
        0.11694182833133884,
        0.13652764900278894,
        0.08304473195342223,
        0.11616373211599244
    ],
    "dividend_dir": [
        1,
        1,
        1,
        1,
        1,
        1,
        -1,
        1,
        1,
        1,
        1,
        1,
        1,
        1
    ],
    "p_tree": [
        [
            null,
            0
        ],
        [
            0,
            1
        ],
        [
            0,
            2
        ],
        [
            2,
            3
        ],
        [
            2,
            4
        ],
        [
            3,
            5
        ],
        [
            3,
            6
        ],
        [
            4,
            7
        ],
        [
            4,
            8
        ],
        [
            5,
            9
        ],
        [
            5,
            10
        ],
        [
            5,
            11
        ],
        [
            8,
            12
        ],
        [
            8,
            13
        ]
    ]
}