{
    "guid": "1123697297467031558_twitter",
    "gt_cls": 0,
    "coalitions": [
        [
            "kiske",
            "to",
            "kick",
            "someone",
            "gay",
            "old",
            "for",
            "a",
            "gay1",
            "little",
            "ass"
        ],
        [
            "kiske",
            "to",
            "kick",
            "someone",
            "gay",
            "old",
            "for",
            "a",
            "gay1",
            "little",
            "ass"
        ],
        [
            "kiske"
        ],
        [
            "to",
            "kick",
            "someone",
            "gay",
            "old",
            "for",
            "a",
            "gay1",
            "little",
            "ass"
        ],
        [
            "to",
            "kick",
            "someone",
            "gay",
            "old",
            "for",
            "a",
            "gay1",
            "little",
            "ass"
        ],
        [
            "to"
        ],
        [
            "kick",
            "someone",
            "gay",
            "old",
            "for",
            "a",
            "gay1",
            "little",
            "ass"
        ],
        [
            "kick"
        ],
        [
            "someone",
            "gay",
            "old"
        ],
        [
            "for",
            "a",
            "gay1",
            "little",
            "ass"
        ],
        [
            "someone"
        ],
        [
            "gay",
            "old"
        ],
        [
            "for"
        ],
        [
            "a",
            "gay1",
            "little",
            "ass"
        ],
        [
            "gay"
        ],
        [
            "old"
        ],
        [
            "a"
        ],
        [
            "gay1"
        ],
        [
            "little"
        ],
        [
            "ass"
        ]
    ],
    "value_func": [
        0.9999999831242665,
        0.9998730681717769,
        0.33663413517696544,
        0.6631120180423218,
        0.6630492161630167,
        0.05098996612881946,
        0.6119964481548922,
        0.10637406442071884,
        0.21010168979435706,
        0.2954705095735043,
        0.053776074333383585,
        0.15625495265847616,
        0.040855291990679644,
        0.2545009930529724,
        0.0776819287877514,
        0.07847732957455023,
        0.04217972279689537,
        0.08138606878939908,
        0.05946270793885429,
        0.07138408331180421
    ],
    "dividend_dir": [
        -1,
        -1,
        -1,
        1,
        1,
        1,
        1,
        -1,
        1,
        1,
        -1,
        1,
        1,
        1,
        1,
        -1,
        -1,
        1,
        1,
        1
    ],
    "p_tree": [
        [
            null,
            0
        ],
        [
            0,
            1
        ],
        [
            1,
            2
        ],
        [
            1,
            3
        ],
        [
            3,
            4
        ],
        [
            4,
            5
        ],
        [
            4,
            6
        ],
        [
            6,
            7
        ],
        [
            6,
            8
        ],
        [
            6,
            9
        ],
        [
            8,
            10
        ],
        [
            8,
            11
        ],
        [
            9,
            12
        ],
        [
            9,
            13
        ],
        [
            11,
            14
        ],
        [
            11,
            15
        ],
        [
            13,
            16
        ],
        [
            13,
            17
        ],
        [
            13,
            18
        ],
        [
            13,
            19
        ]
    ]
}