{
    "guid": "1123358393517821952_twitter",
    "gt_cls": 1,
    "coalitions": [
        [
            "additionally",
            "furries",
            "can",
            "also",
            "transmit",
            "the",
            "infectious",
            "disease",
            "of",
            "furfaggotry",
            "to",
            "others"
        ],
        [
            "additionally",
            "furries"
        ],
        [
            "can",
            "also",
            "transmit",
            "the",
            "infectious",
            "disease",
            "of",
            "furfaggotry",
            "to",
            "others"
        ],
        [
            "additionally"
        ],
        [
            "furries"
        ],
        [
            "can"
        ],
        [
            "also"
        ],
        [
            "transmit",
            "the",
            "infectious",
            "disease",
            "of",
            "furfaggotry",
            "to",
            "others"
        ],
        [
            "transmit"
        ],
        [
            "the",
            "infectious",
            "disease",
            "of",
            "furfaggotry"
        ],
        [
            "to",
            "others"
        ],
        [
            "the",
            "infectious",
            "disease"
        ],
        [
            "of",
            "furfaggotry"
        ],
        [
            "to"
        ],
        [
            "others"
        ],
        [
            "the"
        ],
        [
            "infectious"
        ],
        [
            "disease"
        ],
        [
            "of"
        ],
        [
            "furfaggotry"
        ]
    ],
    "value_func": [
        0.9999999991770755,
        0.1636540708825319,
        0.8356861362675947,
        0.04094383502350822,
        0.12258298046745623,
        0.029716637053770135,
        0.025278048606401773,
        0.77991144526961,
        0.044060316929419495,
        0.6659153936530204,
        0.06915232761705044,
        0.1464372717581586,
        0.5187298825528615,
        0.025264102406863408,
        0.043709218512199464,
        0.02534569791199285,
        0.05537305538144845,
        0.06545735433626078,
        0.03537398001117163,
        0.4826321810251472
    ],
    "dividend_dir": [
        1,
        -1,
        1,
        1,
        -1,
        1,
        1,
        1,
        1,
        1,
        1,
        1,
        1,
        1,
        1,
        -1,
        1,
        1,
        1,
        1
    ],
    "p_tree": [
        [
            null,
            0
        ],
        [
            0,
            1
        ],
        [
            0,
            2
        ],
        [
            1,
            3
        ],
        [
            1,
            4
        ],
        [
            2,
            5
        ],
        [
            2,
            6
        ],
        [
            2,
            7
        ],
        [
            7,
            8
        ],
        [
            7,
            9
        ],
        [
            7,
            10
        ],
        [
            9,
            11
        ],
        [
            9,
            12
        ],
        [
            10,
            13
        ],
        [
            10,
            14
        ],
        [
            11,
            15
        ],
        [
            11,
            16
        ],
        [
            11,
            17
        ],
        [
            12,
            18
        ],
        [
            12,
            19
        ]
    ]
}