{
    "guid": "1123884485081223169_twitter",
    "gt_cls": 0,
    "coalitions": [
        [
            "that",
            "girl",
            "o",
            "jewa",
            "ke",
            "enged",
            "her",
            "way",
            "to",
            "twitter",
            "verification"
        ],
        [
            "that",
            "girl",
            "o",
            "jewa"
        ],
        [
            "ke"
        ],
        [
            "enged",
            "her",
            "way",
            "to",
            "twitter",
            "verification"
        ],
        [
            "that"
        ],
        [
            "girl"
        ],
        [
            "o"
        ],
        [
            "jewa"
        ],
        [
            "enged"
        ],
        [
            "her",
            "way",
            "to",
            "twitter",
            "verification"
        ],
        [
            "her",
            "way"
        ],
        [
            "to",
            "twitter",
            "verification"
        ],
        [
            "her"
        ],
        [
            "way"
        ],
        [
            "to"
        ],
        [
            "twitter",
            "verification"
        ],
        [
            "twitter"
        ],
        [
            "verification"
        ]
    ],
    "value_func": [
        1.0000000103631772,
        0.5886249985137277,
        0.06575056178766936,
        0.34546053130743937,
        0.03558382922399487,
        0.06464651518595164,
        0.08773884109824016,
        0.40049908836462117,
        0.1042712574197403,
        0.24107866067233638,
        0.06530240958097705,
        0.17567554423667736,
        0.033312591829383884,
        0.031857633625856654,
        0.028443511172737555,
        0.1469858586914865,
        0.08445403340072861,
        0.06213969163229605
    ],
    "dividend_dir": [
        -1,
        -1,
        1,
        -1,
        1,
        1,
        1,
        -1,
        -1,
        -1,
        1,
        -1,
        1,
        1,
        1,
        -1,
        -1,
        -1
    ],
    "p_tree": [
        [
            null,
            0
        ],
        [
            0,
            1
        ],
        [
            0,
            2
        ],
        [
            0,
            3
        ],
        [
            1,
            4
        ],
        [
            1,
            5
        ],
        [
            1,
            6
        ],
        [
            1,
            7
        ],
        [
            3,
            8
        ],
        [
            3,
            9
        ],
        [
            9,
            10
        ],
        [
            9,
            11
        ],
        [
            10,
            12
        ],
        [
            10,
            13
        ],
        [
            11,
            14
        ],
        [
            11,
            15
        ],
        [
            15,
            16
        ],
        [
            15,
            17
        ]
    ]
}