{
    "guid": "1123306824571158529_twitter",
    "gt_cls": 0,
    "coalitions": [
        [
            "fell",
            "outta",
            "love",
            "and",
            "found",
            "a",
            "boss",
            "bitch"
        ],
        [
            "fell",
            "outta",
            "love"
        ],
        [
            "and"
        ],
        [
            "found",
            "a",
            "boss",
            "bitch"
        ],
        [
            "fell"
        ],
        [
            "outta"
        ],
        [
            "love"
        ],
        [
            "found"
        ],
        [
            "a",
            "boss",
            "bitch"
        ],
        [
            "a"
        ],
        [
            "boss"
        ],
        [
            "bitch"
        ]
    ],
    "value_func": [
        1.0000000159223528,
        0.4131733755674343,
        0.14088381984931408,
        0.4449135546705028,
        0.1444002393672266,
        0.13285309819776872,
        0.13533928523744643,
        0.10631695908594137,
        0.33814908484484496,
        0.08920117370024021,
        0.12173498785967185,
        0.12716657192551573
    ],
    "dividend_dir": [
        1,
        1,
        1,
        1,
        1,
        -1,
        1,
        1,
        1,
        1,
        -1,
        -1
    ],
    "p_tree": [
        [
            null,
            0
        ],
        [
            0,
            1
        ],
        [
            0,
            2
        ],
        [
            0,
            3
        ],
        [
            1,
            4
        ],
        [
            1,
            5
        ],
        [
            1,
            6
        ],
        [
            3,
            7
        ],
        [
            3,
            8
        ],
        [
            8,
            9
        ],
        [
            8,
            10
        ],
        [
            8,
            11
        ]
    ]
}