{
    "guid": "1125244030948921344_twitter",
    "gt_cls": 0,
    "coalitions": [
        [
            "cheating",
            "is",
            "not",
            "the",
            "wave",
            "grow",
            "up",
            "you",
            "dumbass",
            "nigga"
        ],
        [
            "cheating"
        ],
        [
            "is",
            "not",
            "the",
            "wave",
            "grow",
            "up",
            "you",
            "dumbass",
            "nigga"
        ],
        [
            "is"
        ],
        [
            "not"
        ],
        [
            "the",
            "wave",
            "grow",
            "up",
            "you",
            "dumbass",
            "nigga"
        ],
        [
            "the",
            "wave"
        ],
        [
            "grow",
            "up",
            "you",
            "dumbass",
            "nigga"
        ],
        [
            "the"
        ],
        [
            "wave"
        ],
        [
            "grow"
        ],
        [
            "up"
        ],
        [
            "you",
            "dumbass",
            "nigga"
        ],
        [
            "you",
            "dumbass",
            "nigga"
        ],
        [
            "you"
        ],
        [
            "dumbass",
            "nigga"
        ],
        [
            "dumbass"
        ],
        [
            "nigga"
        ]
    ],
    "value_func": [
        1.0000000005795375,
        0.09633355057570174,
        0.9035404619625049,
        0.03904887104398741,
        0.03383543573099331,
        0.8306048345752992,
        0.14487729938489485,
        0.6857194277606503,
        0.04228981577886589,
        0.10209339153179764,
        0.07200787032556562,
        0.04599389102693567,
        0.5674488927644666,
        0.5672172760061052,
        0.06122289533275693,
        0.5057627639149868,
        0.20009995586434112,
        0.305511969366884
    ],
    "dividend_dir": [
        1,
        1,
        1,
        1,
        1,
        -1,
        1,
        -1,
        1,
        1,
        -1,
        1,
        -1,
        -1,
        -1,
        -1,
        1,
        -1
    ],
    "p_tree": [
        [
            null,
            0
        ],
        [
            0,
            1
        ],
        [
            0,
            2
        ],
        [
            2,
            3
        ],
        [
            2,
            4
        ],
        [
            2,
            5
        ],
        [
            5,
            6
        ],
        [
            5,
            7
        ],
        [
            6,
            8
        ],
        [
            6,
            9
        ],
        [
            7,
            10
        ],
        [
            7,
            11
        ],
        [
            7,
            12
        ],
        [
            12,
            13
        ],
        [
            13,
            14
        ],
        [
            13,
            15
        ],
        [
            15,
            16
        ],
        [
            15,
            17
        ]
    ]
}