{
    "guid": "11258511_gab",
    "gt_cls": 1,
    "coalitions": [
        [
            "yfw",
            "deadpool",
            "is",
            "trolling",
            "niggers",
            "to",
            "death",
            "irl"
        ],
        [
            "yfw",
            "deadpool"
        ],
        [
            "is",
            "trolling",
            "niggers",
            "to",
            "death",
            "irl"
        ],
        [
            "yfw"
        ],
        [
            "deadpool"
        ],
        [
            "is"
        ],
        [
            "trolling",
            "niggers",
            "to",
            "death",
            "irl"
        ],
        [
            "trolling"
        ],
        [
            "niggers"
        ],
        [
            "to",
            "death",
            "irl"
        ],
        [
            "to"
        ],
        [
            "death",
            "irl"
        ],
        [
            "death"
        ],
        [
            "irl"
        ]
    ],
    "value_func": [
        1.0000000406215859,
        0.32038426912254203,
        0.6785363874186798,
        0.14225672357796984,
        0.17750101112060396,
        0.05379317335346563,
        0.6238642559234818,
        0.12992497610948572,
        0.2909059009610633,
        0.202064406113615,
        0.04359440753681936,
        0.15812606128151718,
        0.0627278438273474,
        0.09508692439065763
    ],
    "dividend_dir": [
        1,
        1,
        1,
        1,
        1,
        -1,
        1,
        1,
        1,
        1,
        1,
        1,
        1,
        1
    ],
    "p_tree": [
        [
            null,
            0
        ],
        [
            0,
            1
        ],
        [
            0,
            2
        ],
        [
            1,
            3
        ],
        [
            1,
            4
        ],
        [
            2,
            5
        ],
        [
            2,
            6
        ],
        [
            6,
            7
        ],
        [
            6,
            8
        ],
        [
            6,
            9
        ],
        [
            9,
            10
        ],
        [
            9,
            11
        ],
        [
            11,
            12
        ],
        [
            11,
            13
        ]
    ]
}