{
    "guid": "11311964_gab",
    "gt_cls": 0,
    "coalitions": [
        [
            "another",
            "bbc",
            "poster",
            "paki",
            "stani"
        ],
        [
            "another"
        ],
        [
            "bbc",
            "poster"
        ],
        [
            "paki"
        ],
        [
            "stani"
        ],
        [
            "bbc"
        ],
        [
            "poster"
        ]
    ],
    "value_func": [
        1.0000000025599316,
        0.06734612831236975,
        0.2833634413703982,
        0.4363407140805,
        0.21275101292275397,
        0.13014489416291725,
        0.15288885798867183
    ],
    "dividend_dir": [
        -1,
        -1,
        1,
        -1,
        1,
        1,
        1
    ],
    "p_tree": [
        [
            null,
            0
        ],
        [
            0,
            1
        ],
        [
            0,
            2
        ],
        [
            0,
            3
        ],
        [
            0,
            4
        ],
        [
            2,
            5
        ],
        [
            2,
            6
        ]
    ]
}