{
    "guid": "1139185939408990213_twitter",
    "gt_cls": 0,
    "coalitions": [
        [
            "cassie",
            "pregnant",
            "all",
            "the",
            "twitter",
            "niggas",
            "mad",
            "about",
            "it",
            "lmao",
            "you",
            "all1",
            "niggas1",
            "weirdos"
        ],
        [
            "cassie",
            "pregnant",
            "all",
            "the",
            "twitter",
            "niggas",
            "mad",
            "about",
            "it"
        ],
        [
            "lmao",
            "you",
            "all1",
            "niggas1",
            "weirdos"
        ],
        [
            "cassie",
            "pregnant"
        ],
        [
            "all",
            "the",
            "twitter",
            "niggas",
            "mad",
            "about",
            "it"
        ],
        [
            "lmao"
        ],
        [
            "you",
            "all1",
            "niggas1",
            "weirdos"
        ],
        [
            "cassie"
        ],
        [
            "pregnant"
        ],
        [
            "all",
            "the",
            "twitter",
            "niggas"
        ],
        [
            "mad",
            "about",
            "it"
        ],
        [
            "you"
        ],
        [
            "all1",
            "niggas1",
            "weirdos"
        ],
        [
            "all"
        ],
        [
            "the"
        ],
        [
            "twitter"
        ],
        [
            "niggas"
        ],
        [
            "mad"
        ],
        [
            "about",
            "it"
        ],
        [
            "all1"
        ],
        [
            "niggas1"
        ],
        [
            "weirdos"
        ],
        [
            "about"
        ],
        [
            "it"
        ]
    ],
    "value_func": [
        1.0000000091347965,
        0.5819075565781554,
        0.4177945157198989,
        0.11497237278651082,
        0.46679769527946613,
        0.08881901554374427,
        0.32868905865497733,
        0.048647053810591374,
        0.06603214503144911,
        0.3617804723770773,
        0.10473968350504873,
        0.03233929897771433,
        0.2961808331896888,
        0.03628656134471096,
        0.04148668742162435,
        0.07302167951445616,
        0.210686686733599,
        0.04449124023753048,
        0.06019083365375387,
        0.033526368374354736,
        0.17010348812652867,
        0.09233332362094489,
        0.03407478971094183,
        0.02588385262723163
    ],
    "dividend_dir": [
        1,
        1,
        1,
        -1,
        1,
        1,
        1,
        -1,
        -1,
        1,
        1,
        -1,
        1,
        1,
        1,
        1,
        1,
        -1,
        1,
        1,
        1,
        -1,
        1,
        1
    ],
    "p_tree": [
        [
            null,
            0
        ],
        [
            0,
            1
        ],
        [
            0,
            2
        ],
        [
            1,
            3
        ],
        [
            1,
            4
        ],
        [
            2,
            5
        ],
        [
            2,
            6
        ],
        [
            3,
            7
        ],
        [
            3,
            8
        ],
        [
            4,
            9
        ],
        [
            4,
            10
        ],
        [
            6,
            11
        ],
        [
            6,
            12
        ],
        [
            9,
            13
        ],
        [
            9,
            14
        ],
        [
            9,
            15
        ],
        [
            9,
            16
        ],
        [
            10,
            17
        ],
        [
            10,
            18
        ],
        [
            12,
            19
        ],
        [
            12,
            20
        ],
        [
            12,
            21
        ],
        [
            18,
            22
        ],
        [
            18,
            23
        ]
    ]
}