{
    "guid": "1139067471288160257_twitter",
    "gt_cls": 0,
    "coalitions": [
        [
            "<user>",
            "i",
            "fucking",
            "hate",
            "that",
            "man",
            "legit"
        ],
        [
            "<user>"
        ],
        [
            "i",
            "fucking"
        ],
        [
            "hate",
            "that",
            "man",
            "legit"
        ],
        [
            "i"
        ],
        [
            "fucking"
        ],
        [
            "hate"
        ],
        [
            "that",
            "man"
        ],
        [
            "legit"
        ],
        [
            "that"
        ],
        [
            "man"
        ]
    ],
    "value_func": [
        0.9999999869899949,
        0.07787590335182305,
        0.1966039145043177,
        0.7251945197185222,
        0.09332546473318097,
        0.10320315584147086,
        0.16183112548594777,
        0.2577102229646468,
        0.3053318723924546,
        0.10644298758800526,
        0.1507782133722334
    ],
    "dividend_dir": [
        1,
        1,
        1,
        1,
        1,
        -1,
        -1,
        1,
        1,
        1,
        1
    ],
    "p_tree": [
        [
            null,
            0
        ],
        [
            0,
            1
        ],
        [
            0,
            2
        ],
        [
            0,
            3
        ],
        [
            2,
            4
        ],
        [
            2,
            5
        ],
        [
            3,
            6
        ],
        [
            3,
            7
        ],
        [
            3,
            8
        ],
        [
            7,
            9
        ],
        [
            7,
            10
        ]
    ]
}