{
    "guid": "1142982217892814854_twitter",
    "gt_cls": 1,
    "coalitions": [
        [
            "<user>",
            "<user>1",
            "women",
            "can",
            "not",
            "be",
            "wise",
            "estrogen",
            "makes",
            "them",
            "retarded"
        ],
        [
            "<user>",
            "<user>1",
            "women"
        ],
        [
            "can",
            "not",
            "be",
            "wise",
            "estrogen"
        ],
        [
            "makes",
            "them",
            "retarded"
        ],
        [
            "<user>"
        ],
        [
            "<user>1"
        ],
        [
            "women"
        ],
        [
            "can"
        ],
        [
            "not"
        ],
        [
            "be",
            "wise",
            "estrogen"
        ],
        [
            "makes"
        ],
        [
            "them",
            "retarded"
        ],
        [
            "be"
        ],
        [
            "wise",
            "estrogen"
        ],
        [
            "them"
        ],
        [
            "retarded"
        ],
        [
            "wise"
        ],
        [
            "estrogen"
        ]
    ],
    "value_func": [
        0.9999999693025562,
        0.3324878166803291,
        0.41294526374607043,
        0.25446909607279805,
        0.11576581443765803,
        0.11656685748237076,
        0.09983010873675151,
        0.04048304891921234,
        0.030940980062601448,
        0.3413961961695684,
        0.04241780121394933,
        0.21192074803853497,
        0.03464481782450771,
        0.3065446381541192,
        0.04936927905783023,
        0.16245969405386157,
        0.0973568257819896,
        0.2089648865972348
    ],
    "dividend_dir": [
        1,
        1,
        -1,
        1,
        1,
        1,
        1,
        1,
        1,
        -1,
        1,
        1,
        -1,
        -1,
        1,
        -1,
        -1,
        -1
    ],
    "p_tree": [
        [
            null,
            0
        ],
        [
            0,
            1
        ],
        [
            0,
            2
        ],
        [
            0,
            3
        ],
        [
            1,
            4
        ],
        [
            1,
            5
        ],
        [
            1,
            6
        ],
        [
            2,
            7
        ],
        [
            2,
            8
        ],
        [
            2,
            9
        ],
        [
            3,
            10
        ],
        [
            3,
            11
        ],
        [
            9,
            12
        ],
        [
            9,
            13
        ],
        [
            11,
            14
        ],
        [
            11,
            15
        ],
        [
            13,
            16
        ],
        [
            13,
            17
        ]
    ]
}