{
    "guid": "1142977246283599872_twitter",
    "gt_cls": 0,
    "coalitions": [
        [
            "blue",
            "jeans",
            "white",
            "t",
            "shirt"
        ],
        [
            "blue",
            "jeans"
        ],
        [
            "white"
        ],
        [
            "t"
        ],
        [
            "shirt"
        ],
        [
            "blue"
        ],
        [
            "jeans"
        ]
    ],
    "value_func": [
        1.0000000331374213,
        0.3956467177489211,
        0.15316081505844564,
        0.1839452861933974,
        0.2659462591049912,
        0.166070107317712,
        0.22897667462009372
    ],
    "dividend_dir": [
        1,
        1,
        1,
        1,
        1,
        1,
        1
    ],
    "p_tree": [
        [
            null,
            0
        ],
        [
            0,
            1
        ],
        [
            0,
            2
        ],
        [
            0,
            3
        ],
        [
            0,
            4
        ],
        [
            1,
            5
        ],
        [
            1,
            6
        ]
    ]
}