{
    "guid": "1143847627286556679_twitter",
    "gt_cls": 0,
    "coalitions": [
        [
            "<user>",
            "“",
            "lets",
            "go",
            "gays",
            "”"
        ],
        [
            "<user>",
            "“"
        ],
        [
            "lets",
            "go",
            "gays"
        ],
        [
            "”"
        ],
        [
            "<user>"
        ],
        [
            "“"
        ],
        [
            "lets"
        ],
        [
            "go",
            "gays"
        ],
        [
            "go"
        ],
        [
            "gays"
        ]
    ],
    "value_func": [
        1.0000000015280988,
        0.18168187358038462,
        0.7434849253885234,
        0.07467504491788413,
        0.08492473912734129,
        0.0961381300635727,
        0.18300119957301356,
        0.5603841196845293,
        0.14307326047604513,
        0.41728349268108683
    ],
    "dividend_dir": [
        -1,
        -1,
        1,
        -1,
        1,
        -1,
        1,
        1,
        1,
        -1
    ],
    "p_tree": [
        [
            null,
            0
        ],
        [
            0,
            1
        ],
        [
            0,
            2
        ],
        [
            0,
            3
        ],
        [
            1,
            4
        ],
        [
            1,
            5
        ],
        [
            2,
            6
        ],
        [
            2,
            7
        ],
        [
            7,
            8
        ],
        [
            7,
            9
        ]
    ]
}