{
    "guid": "1143479082157576192_twitter",
    "gt_cls": 0,
    "coalitions": [
        [
            "teen",
            "choice",
            "blackpink",
            "choice1",
            "international",
            "artist",
            "<user>"
        ],
        [
            "teen"
        ],
        [
            "choice"
        ],
        [
            "blackpink",
            "choice1"
        ],
        [
            "international"
        ],
        [
            "artist"
        ],
        [
            "<user>"
        ],
        [
            "blackpink"
        ],
        [
            "choice1"
        ]
    ],
    "value_func": [
        0.9999999819618611,
        0.08933395578973151,
        0.09628727942257358,
        0.5846638578127086,
        0.06199895880142298,
        0.08739032844197914,
        0.07978862596858337,
        0.502195414258099,
        0.08209032434137038
    ],
    "dividend_dir": [
        1,
        1,
        1,
        1,
        1,
        1,
        -1,
        1,
        1
    ],
    "p_tree": [
        [
            null,
            0
        ],
        [
            0,
            1
        ],
        [
            0,
            2
        ],
        [
            0,
            3
        ],
        [
            0,
            4
        ],
        [
            0,
            5
        ],
        [
            0,
            6
        ],
        [
            3,
            7
        ],
        [
            3,
            8
        ]
    ]
}