{
    "guid": "1143852094220193792_twitter",
    "gt_cls": 0,
    "coalitions": [
        [
            "shes",
            "homophobic",
            "and",
            "transphobic",
            "and1",
            "really",
            "rude"
        ],
        [
            "shes"
        ],
        [
            "homophobic",
            "and",
            "transphobic",
            "and1",
            "really",
            "rude"
        ],
        [
            "homophobic",
            "and",
            "transphobic"
        ],
        [
            "and1"
        ],
        [
            "really",
            "rude"
        ],
        [
            "homophobic"
        ],
        [
            "and"
        ],
        [
            "transphobic"
        ],
        [
            "really"
        ],
        [
            "rude"
        ]
    ],
    "value_func": [
        1.0000000206462192,
        0.21638904744755932,
        0.7833609761678019,
        0.5173637046623655,
        0.06647624353951481,
        0.199434943333045,
        0.24014735061847117,
        0.0703687236797496,
        0.2067960991446589,
        0.0798388814019864,
        0.11928744338625333
    ],
    "dividend_dir": [
        1,
        1,
        -1,
        1,
        1,
        -1,
        1,
        -1,
        -1,
        -1,
        -1
    ],
    "p_tree": [
        [
            null,
            0
        ],
        [
            0,
            1
        ],
        [
            0,
            2
        ],
        [
            2,
            3
        ],
        [
            2,
            4
        ],
        [
            2,
            5
        ],
        [
            3,
            6
        ],
        [
            3,
            7
        ],
        [
            3,
            8
        ],
        [
            5,
            9
        ],
        [
            5,
            10
        ]
    ]
}