{
    "guid": "1143334538065698816_twitter",
    "gt_cls": 0,
    "coalitions": [
        [
            "frank",
            "dicpario",
            "and",
            "the",
            "misogenous",
            "potatoes",
            "a",
            "blackened",
            "math",
            "metal",
            "band"
        ],
        [
            "frank",
            "dicpario",
            "and",
            "the",
            "misogenous",
            "potatoes"
        ],
        [
            "a",
            "blackened",
            "math",
            "metal",
            "band"
        ],
        [
            "frank",
            "dicpario"
        ],
        [
            "and"
        ],
        [
            "the",
            "misogenous",
            "potatoes"
        ],
        [
            "a"
        ],
        [
            "blackened"
        ],
        [
            "math",
            "metal"
        ],
        [
            "band"
        ],
        [
            "frank"
        ],
        [
            "dicpario"
        ],
        [
            "the"
        ],
        [
            "misogenous"
        ],
        [
            "potatoes"
        ],
        [
            "math"
        ],
        [
            "metal"
        ]
    ],
    "value_func": [
        1.0000000056935172,
        0.5766682298803771,
        0.423281592692925,
        0.20273402372568594,
        0.04639309279987759,
        0.32743935074349195,
        0.05775393501625681,
        0.14991546260119037,
        0.14854593557367035,
        0.06700784245302016,
        0.04514758539260742,
        0.15758056168221077,
        0.03436805125588588,
        0.1829001012843754,
        0.11016624785722745,
        0.07375262947042364,
        0.07468885720960604
    ],
    "dividend_dir": [
        1,
        1,
        -1,
        -1,
        1,
        -1,
        -1,
        -1,
        1,
        1,
        -1,
        1,
        1,
        1,
        -1,
        1,
        1
    ],
    "p_tree": [
        [
            null,
            0
        ],
        [
            0,
            1
        ],
        [
            0,
            2
        ],
        [
            1,
            3
        ],
        [
            1,
            4
        ],
        [
            1,
            5
        ],
        [
            2,
            6
        ],
        [
            2,
            7
        ],
        [
            2,
            8
        ],
        [
            2,
            9
        ],
        [
            3,
            10
        ],
        [
            3,
            11
        ],
        [
            5,
            12
        ],
        [
            5,
            13
        ],
        [
            5,
            14
        ],
        [
            8,
            15
        ],
        [
            8,
            16
        ]
    ]
}