{
    "guid": "1144571404752265217_twitter",
    "gt_cls": 0,
    "coalitions": [
        [
            "<user>",
            "not",
            "white",
            "again"
        ],
        [
            "<user>"
        ],
        [
            "not",
            "white",
            "again"
        ],
        [
            "not"
        ],
        [
            "white"
        ],
        [
            "again"
        ]
    ],
    "value_func": [
        1.0000000390713695,
        0.2424213134966277,
        0.7561610264326181,
        0.23038153180829546,
        0.2854464533215745,
        0.2388832912536481
    ],
    "dividend_dir": [
        1,
        -1,
        1,
        1,
        1,
        1
    ],
    "p_tree": [
        [
            null,
            0
        ],
        [
            0,
            1
        ],
        [
            0,
            2
        ],
        [
            2,
            3
        ],
        [
            2,
            4
        ],
        [
            2,
            5
        ]
    ]
}