{
    "guid": "1145109160691941377_twitter",
    "gt_cls": 0,
    "coalitions": [
        [
            "<user>",
            "bitch",
            "was",
            "tiny",
            "but",
            "powerful"
        ],
        [
            "<user>",
            "bitch"
        ],
        [
            "was",
            "tiny",
            "but",
            "powerful"
        ],
        [
            "<user>"
        ],
        [
            "bitch"
        ],
        [
            "was"
        ],
        [
            "tiny",
            "but",
            "powerful"
        ],
        [
            "tiny"
        ],
        [
            "but"
        ],
        [
            "powerful"
        ]
    ],
    "value_func": [
        0.9999999924519671,
        0.3909134092766695,
        0.608973475339315,
        0.1640038517987492,
        0.22621163843489403,
        0.11799902592979171,
        0.4904554633227587,
        0.1707705715504011,
        0.13915754554842485,
        0.1802753791676666
    ],
    "dividend_dir": [
        1,
        -1,
        1,
        1,
        -1,
        1,
        -1,
        -1,
        1,
        -1
    ],
    "p_tree": [
        [
            null,
            0
        ],
        [
            0,
            1
        ],
        [
            0,
            2
        ],
        [
            1,
            3
        ],
        [
            1,
            4
        ],
        [
            2,
            5
        ],
        [
            2,
            6
        ],
        [
            6,
            7
        ],
        [
            6,
            8
        ],
        [
            6,
            9
        ]
    ]
}