{
    "guid": "1146423210973573120_twitter",
    "gt_cls": 0,
    "coalitions": [
        [
            "<user>",
            "<user>1",
            "but",
            "answer",
            "the",
            "question",
            "first",
            "ya",
            "islam",
            "mein",
            "sawaal",
            "puchna",
            "bhi",
            "haraam",
            "hai"
        ],
        [
            "<user>",
            "<user>1",
            "but"
        ],
        [
            "answer",
            "the",
            "question",
            "first",
            "ya",
            "islam",
            "mein",
            "sawaal",
            "puchna",
            "bhi",
            "haraam",
            "hai"
        ],
        [
            "<user>"
        ],
        [
            "<user>1"
        ],
        [
            "but"
        ],
        [
            "answer"
        ],
        [
            "the",
            "question"
        ],
        [
            "first",
            "ya",
            "islam",
            "mein",
            "sawaal",
            "puchna",
            "bhi",
            "haraam",
            "hai"
        ],
        [
            "the"
        ],
        [
            "question"
        ],
        [
            "first"
        ],
        [
            "ya"
        ],
        [
            "islam"
        ],
        [
            "mein"
        ],
        [
            "sawaal"
        ],
        [
            "puchna"
        ],
        [
            "bhi"
        ],
        [
            "haraam"
        ],
        [
            "hai"
        ]
    ],
    "value_func": [
        1.0000000021044966,
        0.1464152818937215,
        0.8530972145053447,
        0.05079908745548538,
        0.05111674045930516,
        0.04400869029063657,
        0.0516925206084185,
        0.07820362827237932,
        0.7228227428738562,
        0.035117408983034636,
        0.042783767779745324,
        0.04027800934657619,
        0.07368165295878583,
        0.12855165026345755,
        0.08559183059182553,
        0.10318296467439048,
        0.08887081651428884,
        0.060817328864880046,
        0.08787749271518792,
        0.05374077056328904
    ],
    "dividend_dir": [
        1,
        1,
        1,
        1,
        1,
        1,
        1,
        1,
        1,
        1,
        1,
        1,
        1,
        -1,
        1,
        1,
        1,
        1,
        1,
        1
    ],
    "p_tree": [
        [
            null,
            0
        ],
        [
            0,
            1
        ],
        [
            0,
            2
        ],
        [
            1,
            3
        ],
        [
            1,
            4
        ],
        [
            1,
            5
        ],
        [
            2,
            6
        ],
        [
            2,
            7
        ],
        [
            2,
            8
        ],
        [
            7,
            9
        ],
        [
            7,
            10
        ],
        [
            8,
            11
        ],
        [
            8,
            12
        ],
        [
            8,
            13
        ],
        [
            8,
            14
        ],
        [
            8,
            15
        ],
        [
            8,
            16
        ],
        [
            8,
            17
        ],
        [
            8,
            18
        ],
        [
            8,
            19
        ]
    ]
}