{
    "guid": "11542146_gab",
    "gt_cls": 1,
    "coalitions": [
        [
            "this",
            "is",
            "the",
            "general",
            "attitude",
            "of",
            "all",
            "ghetto",
            "apes"
        ],
        [
            "this"
        ],
        [
            "is",
            "the",
            "general",
            "attitude",
            "of",
            "all",
            "ghetto",
            "apes"
        ],
        [
            "is"
        ],
        [
            "the",
            "general",
            "attitude",
            "of",
            "all",
            "ghetto",
            "apes"
        ],
        [
            "the",
            "general",
            "attitude"
        ],
        [
            "of",
            "all",
            "ghetto",
            "apes"
        ],
        [
            "the"
        ],
        [
            "general"
        ],
        [
            "attitude"
        ],
        [
            "of"
        ],
        [
            "all",
            "ghetto",
            "apes"
        ],
        [
            "all"
        ],
        [
            "ghetto"
        ],
        [
            "apes"
        ]
    ],
    "value_func": [
        0.9999999947015108,
        0.04276905258421149,
        0.9560714899885869,
        0.052809192182716395,
        0.9020398187958005,
        0.19234615135195066,
        0.70836740103579,
        0.04478553158019025,
        0.060517940230203,
        0.08698806588491292,
        0.05390653012871493,
        0.6527609865440782,
        0.0761009096889359,
        0.24770084630106465,
        0.3271155338419218
    ],
    "dividend_dir": [
        1,
        1,
        1,
        -1,
        1,
        1,
        1,
        -1,
        1,
        1,
        1,
        1,
        1,
        1,
        1
    ],
    "p_tree": [
        [
            null,
            0
        ],
        [
            0,
            1
        ],
        [
            0,
            2
        ],
        [
            2,
            3
        ],
        [
            2,
            4
        ],
        [
            4,
            5
        ],
        [
            4,
            6
        ],
        [
            5,
            7
        ],
        [
            5,
            8
        ],
        [
            5,
            9
        ],
        [
            6,
            10
        ],
        [
            6,
            11
        ],
        [
            11,
            12
        ],
        [
            11,
            13
        ],
        [
            11,
            14
        ]
    ]
}