{
    "guid": "11578894_gab",
    "gt_cls": 1,
    "coalitions": [
        [
            "a",
            "profile",
            "of",
            "a1",
            "mudshark"
        ],
        [
            "a",
            "profile"
        ],
        [
            "of",
            "a1",
            "mudshark"
        ],
        [
            "a"
        ],
        [
            "profile"
        ],
        [
            "of"
        ],
        [
            "a1",
            "mudshark"
        ],
        [
            "a1"
        ],
        [
            "mudshark"
        ]
    ],
    "value_func": [
        1.0000000129370832,
        0.2039230119013273,
        0.793878828788033,
        0.08075685285019604,
        0.12294874812578162,
        0.08698998258043955,
        0.704163569676921,
        0.11348467399422547,
        0.5877853011554909
    ],
    "dividend_dir": [
        1,
        -1,
        1,
        -1,
        -1,
        1,
        1,
        1,
        1
    ],
    "p_tree": [
        [
            null,
            0
        ],
        [
            0,
            1
        ],
        [
            0,
            2
        ],
        [
            1,
            3
        ],
        [
            1,
            4
        ],
        [
            2,
            5
        ],
        [
            2,
            6
        ],
        [
            6,
            7
        ],
        [
            6,
            8
        ]
    ]
}