{
    "guid": "1160816648783159296_twitter",
    "gt_cls": 0,
    "coalitions": [
        [
            "color",
            "blue",
            "and",
            "white",
            "porcelain"
        ],
        [
            "color",
            "blue",
            "and",
            "white"
        ],
        [
            "porcelain"
        ],
        [
            "color"
        ],
        [
            "blue"
        ],
        [
            "and"
        ],
        [
            "white"
        ]
    ],
    "value_func": [
        0.9999999621275372,
        0.7031674832964941,
        0.2959680170264536,
        0.1908496198995416,
        0.16089775700721207,
        0.1720271173176805,
        0.17814794886612292
    ],
    "dividend_dir": [
        1,
        1,
        -1,
        -1,
        1,
        1,
        1
    ],
    "p_tree": [
        [
            null,
            0
        ],
        [
            0,
            1
        ],
        [
            0,
            2
        ],
        [
            1,
            3
        ],
        [
            1,
            4
        ],
        [
            1,
            5
        ],
        [
            1,
            6
        ]
    ]
}