{
    "guid": "1161856513230692352_twitter",
    "gt_cls": 0,
    "coalitions": [
        [
            "i",
            "’",
            "m",
            "sorry",
            "gay",
            "community",
            "call",
            "me",
            "by",
            "my",
            "name",
            "wasn",
            "’1",
            "t",
            "it",
            "fam"
        ],
        [
            "i",
            "’",
            "m",
            "sorry",
            "gay",
            "community"
        ],
        [
            "call",
            "me",
            "by",
            "my",
            "name",
            "wasn",
            "’1",
            "t",
            "it",
            "fam"
        ],
        [
            "i"
        ],
        [
            "’"
        ],
        [
            "m"
        ],
        [
            "sorry"
        ],
        [
            "gay"
        ],
        [
            "community"
        ],
        [
            "call"
        ],
        [
            "me"
        ],
        [
            "by",
            "my",
            "name",
            "wasn",
            "’1",
            "t",
            "it",
            "fam"
        ],
        [
            "by"
        ],
        [
            "my",
            "name",
            "wasn",
            "’1",
            "t",
            "it",
            "fam"
        ],
        [
            "my",
            "name"
        ],
        [
            "wasn",
            "’1",
            "t",
            "it",
            "fam"
        ],
        [
            "my"
        ],
        [
            "name"
        ],
        [
            "wasn"
        ],
        [
            "’1"
        ],
        [
            "t"
        ],
        [
            "it"
        ],
        [
            "fam"
        ]
    ],
    "value_func": [
        1.0000000182843107,
        0.452057716427527,
        0.5476079354797554,
        0.04481673732564006,
        0.07369380615517135,
        0.05077427143929072,
        0.0834467474572154,
        0.11193246028682122,
        0.08732939409527234,
        0.05709020308418225,
        0.04570498392390321,
        0.4443562409542609,
        0.03797332662129405,
        0.4060550485548708,
        0.09533116681622641,
        0.3104220652653005,
        0.04083095128279152,
        0.054269546510973994,
        0.04653054243676519,
        0.06583499706503798,
        0.037702329730454585,
        0.05179690577804544,
        0.10834486297898244
    ],
    "dividend_dir": [
        1,
        -1,
        1,
        1,
        -1,
        1,
        1,
        -1,
        1,
        1,
        1,
        1,
        1,
        1,
        1,
        1,
        1,
        1,
        1,
        -1,
        1,
        1,
        -1
    ],
    "p_tree": [
        [
            null,
            0
        ],
        [
            0,
            1
        ],
        [
            0,
            2
        ],
        [
            1,
            3
        ],
        [
            1,
            4
        ],
        [
            1,
            5
        ],
        [
            1,
            6
        ],
        [
            1,
            7
        ],
        [
            1,
            8
        ],
        [
            2,
            9
        ],
        [
            2,
            10
        ],
        [
            2,
            11
        ],
        [
            11,
            12
        ],
        [
            11,
            13
        ],
        [
            13,
            14
        ],
        [
            13,
            15
        ],
        [
            14,
            16
        ],
        [
            14,
            17
        ],
        [
            15,
            18
        ],
        [
            15,
            19
        ],
        [
            15,
            20
        ],
        [
            15,
            21
        ],
        [
            15,
            22
        ]
    ]
}