{
    "guid": "1161422700566503426_twitter",
    "gt_cls": 0,
    "coalitions": [
        [
            "meryl",
            "streep",
            "in",
            "little",
            "women",
            "🥺"
        ],
        [
            "meryl",
            "streep"
        ],
        [
            "in",
            "little",
            "women"
        ],
        [
            "🥺"
        ],
        [
            "meryl"
        ],
        [
            "streep"
        ],
        [
            "in"
        ],
        [
            "little",
            "women"
        ],
        [
            "little"
        ],
        [
            "women"
        ]
    ],
    "value_func": [
        1.000000002774683,
        0.5569829791695615,
        0.35094589649835983,
        0.0918018575768933,
        0.23738824959500796,
        0.31920732246102795,
        0.1133789167181316,
        0.23742330708054968,
        0.11102550565664164,
        0.12598980430438256
    ],
    "dividend_dir": [
        1,
        1,
        -1,
        1,
        1,
        1,
        1,
        -1,
        -1,
        -1
    ],
    "p_tree": [
        [
            null,
            0
        ],
        [
            0,
            1
        ],
        [
            0,
            2
        ],
        [
            0,
            3
        ],
        [
            1,
            4
        ],
        [
            1,
            5
        ],
        [
            2,
            6
        ],
        [
            2,
            7
        ],
        [
            7,
            8
        ],
        [
            7,
            9
        ]
    ]
}