{
    "guid": "1161396083530055686_twitter",
    "gt_cls": 0,
    "coalitions": [
        [
            "this",
            "nigga",
            "a",
            "goat",
            "but",
            "switched",
            "his",
            "style",
            "four",
            "different",
            "times",
            "sure"
        ],
        [
            "this",
            "nigga",
            "a",
            "goat"
        ],
        [
            "but"
        ],
        [
            "switched",
            "his",
            "style",
            "four",
            "different",
            "times",
            "sure"
        ],
        [
            "this",
            "nigga"
        ],
        [
            "a",
            "goat"
        ],
        [
            "switched"
        ],
        [
            "his",
            "style"
        ],
        [
            "four",
            "different",
            "times",
            "sure"
        ],
        [
            "this"
        ],
        [
            "nigga"
        ],
        [
            "a"
        ],
        [
            "goat"
        ],
        [
            "his"
        ],
        [
            "style"
        ],
        [
            "four",
            "different",
            "times",
            "sure"
        ],
        [
            "four",
            "different",
            "times"
        ],
        [
            "sure"
        ],
        [
            "four"
        ],
        [
            "different"
        ],
        [
            "times"
        ]
    ],
    "value_func": [
        0.9999999803190498,
        0.5761804868657334,
        0.05777292020467573,
        0.36571976121327426,
        0.29040841170189136,
        0.28538088829189934,
        0.05699222254282768,
        0.14318855375937573,
        0.1649069540092589,
        0.05131795043180448,
        0.23881790738371228,
        0.08061335666922527,
        0.2037865351833772,
        0.06637372132061675,
        0.07592058732698671,
        0.16469431171822518,
        0.11920891004617375,
        0.045272759381017734,
        0.03847060082848967,
        0.03948076633466874,
        0.041116402096567146
    ],
    "dividend_dir": [
        1,
        -1,
        1,
        1,
        1,
        -1,
        -1,
        1,
        1,
        1,
        1,
        1,
        -1,
        1,
        1,
        1,
        1,
        1,
        1,
        -1,
        1
    ],
    "p_tree": [
        [
            null,
            0
        ],
        [
            0,
            1
        ],
        [
            0,
            2
        ],
        [
            0,
            3
        ],
        [
            1,
            4
        ],
        [
            1,
            5
        ],
        [
            3,
            6
        ],
        [
            3,
            7
        ],
        [
            3,
            8
        ],
        [
            4,
            9
        ],
        [
            4,
            10
        ],
        [
            5,
            11
        ],
        [
            5,
            12
        ],
        [
            7,
            13
        ],
        [
            7,
            14
        ],
        [
            8,
            15
        ],
        [
            15,
            16
        ],
        [
            15,
            17
        ],
        [
            16,
            18
        ],
        [
            16,
            19
        ],
        [
            16,
            20
        ]
    ]
}