{
    "guid": "1162952606517383168_twitter",
    "gt_cls": 1,
    "coalitions": [
        [
            "you",
            "are",
            "going",
            "to",
            "heaven",
            "furry",
            "faggot",
            "jk",
            "hell",
            "for",
            "you1"
        ],
        [
            "you"
        ],
        [
            "are",
            "going",
            "to",
            "heaven",
            "furry",
            "faggot",
            "jk",
            "hell",
            "for",
            "you1"
        ],
        [
            "are"
        ],
        [
            "going",
            "to",
            "heaven",
            "furry",
            "faggot",
            "jk",
            "hell",
            "for",
            "you1"
        ],
        [
            "going"
        ],
        [
            "to",
            "heaven",
            "furry",
            "faggot",
            "jk",
            "hell",
            "for",
            "you1"
        ],
        [
            "to",
            "heaven",
            "furry",
            "faggot",
            "jk",
            "hell",
            "for",
            "you1"
        ],
        [
            "to"
        ],
        [
            "heaven",
            "furry",
            "faggot",
            "jk",
            "hell",
            "for",
            "you1"
        ],
        [
            "heaven"
        ],
        [
            "furry",
            "faggot",
            "jk",
            "hell"
        ],
        [
            "for",
            "you1"
        ],
        [
            "furry"
        ],
        [
            "faggot"
        ],
        [
            "jk"
        ],
        [
            "hell"
        ],
        [
            "for"
        ],
        [
            "you1"
        ]
    ],
    "value_func": [
        1.0000000118843355,
        0.0548944908536024,
        0.9439686580694664,
        0.0368952635822024,
        0.9060389487475473,
        0.04238519688305002,
        0.8625559529930265,
        0.8613399154747017,
        0.03698751712174268,
        0.8231363608346343,
        0.08451610999371023,
        0.6539772996557327,
        0.0833466309210149,
        0.13590786478761963,
        0.31783361815746936,
        0.12040240147819088,
        0.07845017860938987,
        0.04205584900685662,
        0.04111993881762029
    ],
    "dividend_dir": [
        1,
        1,
        1,
        -1,
        1,
        -1,
        1,
        1,
        -1,
        1,
        1,
        1,
        1,
        1,
        1,
        1,
        1,
        1,
        1
    ],
    "p_tree": [
        [
            null,
            0
        ],
        [
            0,
            1
        ],
        [
            0,
            2
        ],
        [
            2,
            3
        ],
        [
            2,
            4
        ],
        [
            4,
            5
        ],
        [
            4,
            6
        ],
        [
            6,
            7
        ],
        [
            7,
            8
        ],
        [
            7,
            9
        ],
        [
            9,
            10
        ],
        [
            9,
            11
        ],
        [
            9,
            12
        ],
        [
            11,
            13
        ],
        [
            11,
            14
        ],
        [
            11,
            15
        ],
        [
            11,
            16
        ],
        [
            12,
            17
        ],
        [
            12,
            18
        ]
    ]
}