{
    "guid": "1162576410982133760_twitter",
    "gt_cls": 0,
    "coalitions": [
        [
            "<user>",
            "i",
            "just",
            "watched",
            "my",
            "two",
            "retarded",
            "4",
            "th",
            "grade",
            "teachers",
            "be",
            "retarded1",
            "assholes"
        ],
        [
            "<user>",
            "i"
        ],
        [
            "just"
        ],
        [
            "watched",
            "my",
            "two",
            "retarded",
            "4",
            "th",
            "grade",
            "teachers",
            "be",
            "retarded1",
            "assholes"
        ],
        [
            "<user>"
        ],
        [
            "i"
        ],
        [
            "watched"
        ],
        [
            "my",
            "two",
            "retarded",
            "4",
            "th",
            "grade",
            "teachers",
            "be",
            "retarded1",
            "assholes"
        ],
        [
            "my",
            "two",
            "retarded",
            "4",
            "th",
            "grade",
            "teachers"
        ],
        [
            "be",
            "retarded1",
            "assholes"
        ],
        [
            "my"
        ],
        [
            "two"
        ],
        [
            "retarded"
        ],
        [
            "4",
            "th"
        ],
        [
            "grade"
        ],
        [
            "teachers"
        ],
        [
            "be"
        ],
        [
            "retarded1",
            "assholes"
        ],
        [
            "4"
        ],
        [
            "th"
        ],
        [
            "retarded1"
        ],
        [
            "assholes"
        ]
    ],
    "value_func": [
        1.0000000200378163,
        0.07777703569826394,
        0.037490703823217245,
        0.8845389310567162,
        0.042839413864819105,
        0.03484008131353697,
        0.04338572418391316,
        0.841002213248557,
        0.47709911820455175,
        0.3637742135054459,
        0.03440957841783688,
        0.03789791904838299,
        0.15102739342446053,
        0.09630907009982549,
        0.05686619457875057,
        0.1005317394419124,
        0.043211442376835,
        0.32028957069302066,
        0.04505562738855136,
        0.05120443018987414,
        0.1532148375741828,
        0.16668893254829653
    ],
    "dividend_dir": [
        -1,
        -1,
        -1,
        -1,
        -1,
        -1,
        -1,
        -1,
        1,
        -1,
        -1,
        1,
        -1,
        1,
        1,
        1,
        1,
        -1,
        1,
        -1,
        1,
        -1
    ],
    "p_tree": [
        [
            null,
            0
        ],
        [
            0,
            1
        ],
        [
            0,
            2
        ],
        [
            0,
            3
        ],
        [
            1,
            4
        ],
        [
            1,
            5
        ],
        [
            3,
            6
        ],
        [
            3,
            7
        ],
        [
            7,
            8
        ],
        [
            7,
            9
        ],
        [
            8,
            10
        ],
        [
            8,
            11
        ],
        [
            8,
            12
        ],
        [
            8,
            13
        ],
        [
            8,
            14
        ],
        [
            8,
            15
        ],
        [
            9,
            16
        ],
        [
            9,
            17
        ],
        [
            13,
            18
        ],
        [
            13,
            19
        ],
        [
            17,
            20
        ],
        [
            17,
            21
        ]
    ]
}