{
    "guid": "1162249536292569091_twitter",
    "gt_cls": 0,
    "coalitions": [
        [
            "<user>",
            "<user>1",
            "what",
            "a",
            "vile",
            "islamist",
            "you",
            "have",
            "become",
            "shame"
        ],
        [
            "<user>",
            "<user>1"
        ],
        [
            "what",
            "a",
            "vile",
            "islamist",
            "you",
            "have",
            "become",
            "shame"
        ],
        [
            "<user>"
        ],
        [
            "<user>1"
        ],
        [
            "what",
            "a",
            "vile",
            "islamist"
        ],
        [
            "you",
            "have",
            "become",
            "shame"
        ],
        [
            "what"
        ],
        [
            "a"
        ],
        [
            "vile"
        ],
        [
            "islamist"
        ],
        [
            "you"
        ],
        [
            "have",
            "become",
            "shame"
        ],
        [
            "have"
        ],
        [
            "become",
            "shame"
        ],
        [
            "become"
        ],
        [
            "shame"
        ]
    ],
    "value_func": [
        0.999999993306535,
        0.15897682403208754,
        0.8406125022360645,
        0.07214969222034513,
        0.08666486331487225,
        0.6017888868838338,
        0.23837752752661345,
        0.0477221872709473,
        0.06205241966010104,
        0.1251777292159962,
        0.36617052940002737,
        0.10049051576103006,
        0.13785628821637066,
        0.03595564029917426,
        0.10182657281685333,
        0.044364166718518824,
        0.0574540427691946
    ],
    "dividend_dir": [
        -1,
        1,
        -1,
        -1,
        1,
        -1,
        1,
        1,
        1,
        1,
        -1,
        -1,
        1,
        1,
        -1,
        -1,
        1
    ],
    "p_tree": [
        [
            null,
            0
        ],
        [
            0,
            1
        ],
        [
            0,
            2
        ],
        [
            1,
            3
        ],
        [
            1,
            4
        ],
        [
            2,
            5
        ],
        [
            2,
            6
        ],
        [
            5,
            7
        ],
        [
            5,
            8
        ],
        [
            5,
            9
        ],
        [
            5,
            10
        ],
        [
            6,
            11
        ],
        [
            6,
            12
        ],
        [
            12,
            13
        ],
        [
            12,
            14
        ],
        [
            14,
            15
        ],
        [
            14,
            16
        ]
    ]
}