{
    "guid": "1163214633056047106_twitter",
    "gt_cls": 0,
    "coalitions": [
        [
            "niggas",
            "love",
            "staying",
            "in",
            "contact",
            "with",
            "they",
            "old",
            "bitches"
        ],
        [
            "niggas"
        ],
        [
            "love",
            "staying",
            "in",
            "contact",
            "with",
            "they",
            "old",
            "bitches"
        ],
        [
            "love"
        ],
        [
            "staying",
            "in",
            "contact",
            "with",
            "they",
            "old",
            "bitches"
        ],
        [
            "staying",
            "in",
            "contact",
            "with",
            "they",
            "old",
            "bitches"
        ],
        [
            "staying"
        ],
        [
            "in",
            "contact",
            "with",
            "they",
            "old",
            "bitches"
        ],
        [
            "in"
        ],
        [
            "contact",
            "with",
            "they",
            "old",
            "bitches"
        ],
        [
            "contact"
        ],
        [
            "with",
            "they",
            "old",
            "bitches"
        ],
        [
            "with"
        ],
        [
            "they",
            "old",
            "bitches"
        ],
        [
            "they"
        ],
        [
            "old"
        ],
        [
            "bitches"
        ]
    ],
    "value_func": [
        1.0000000044049897,
        0.34778926121271764,
        0.6520334510284063,
        0.10001096297857487,
        0.5517037354259448,
        0.5516056385016863,
        0.050049741682290504,
        0.5014577998951374,
        0.035538969927631,
        0.4658403990400261,
        0.0604211676022674,
        0.4053050992857674,
        0.036083594375407486,
        0.3690698737991067,
        0.059313685058724176,
        0.10321464826905985,
        0.20631175566986953
    ],
    "dividend_dir": [
        1,
        -1,
        1,
        1,
        1,
        1,
        1,
        1,
        -1,
        1,
        -1,
        1,
        -1,
        1,
        -1,
        1,
        1
    ],
    "p_tree": [
        [
            null,
            0
        ],
        [
            0,
            1
        ],
        [
            0,
            2
        ],
        [
            2,
            3
        ],
        [
            2,
            4
        ],
        [
            4,
            5
        ],
        [
            5,
            6
        ],
        [
            5,
            7
        ],
        [
            7,
            8
        ],
        [
            7,
            9
        ],
        [
            9,
            10
        ],
        [
            9,
            11
        ],
        [
            11,
            12
        ],
        [
            11,
            13
        ],
        [
            13,
            14
        ],
        [
            13,
            15
        ],
        [
            13,
            16
        ]
    ]
}