{
    "guid": "1165283220629442560_twitter",
    "gt_cls": 0,
    "coalitions": [
        [
            "getting",
            "paid",
            "biweekly",
            "is",
            "so",
            "ghetto"
        ],
        [
            "getting",
            "paid",
            "biweekly"
        ],
        [
            "is",
            "so",
            "ghetto"
        ],
        [
            "getting",
            "paid",
            "biweekly"
        ],
        [
            "is"
        ],
        [
            "so",
            "ghetto"
        ],
        [
            "getting"
        ],
        [
            "paid",
            "biweekly"
        ],
        [
            "so"
        ],
        [
            "ghetto"
        ],
        [
            "paid"
        ],
        [
            "biweekly"
        ]
    ],
    "value_func": [
        1.000000016779275,
        0.6282410692227921,
        0.3710133042962216,
        0.6278299359320225,
        0.09276506655673454,
        0.27755753310530756,
        0.1161126539081084,
        0.5113061487331445,
        0.0973776616170049,
        0.1797823880091745,
        0.14827255770528677,
        0.3626516861595502
    ],
    "dividend_dir": [
        1,
        1,
        1,
        1,
        1,
        1,
        1,
        1,
        1,
        1,
        1,
        1
    ],
    "p_tree": [
        [
            null,
            0
        ],
        [
            0,
            1
        ],
        [
            0,
            2
        ],
        [
            1,
            3
        ],
        [
            2,
            4
        ],
        [
            2,
            5
        ],
        [
            3,
            6
        ],
        [
            3,
            7
        ],
        [
            5,
            8
        ],
        [
            5,
            9
        ],
        [
            7,
            10
        ],
        [
            7,
            11
        ]
    ]
}