{
    "guid": "1166007662032621568_twitter",
    "gt_cls": 0,
    "coalitions": [
        [
            "taehyung",
            "dislikes",
            "white",
            "people",
            "so",
            "much"
        ],
        [
            "taehyung"
        ],
        [
            "dislikes",
            "white",
            "people",
            "so",
            "much"
        ],
        [
            "dislikes"
        ],
        [
            "white",
            "people"
        ],
        [
            "so",
            "much"
        ],
        [
            "white"
        ],
        [
            "people"
        ],
        [
            "so"
        ],
        [
            "much"
        ]
    ],
    "value_func": [
        0.9999999908646697,
        0.37041272022148164,
        0.629384362317462,
        0.21516370672574303,
        0.2688192726898466,
        0.14503818626448706,
        0.1451025997390587,
        0.1229570838023664,
        0.0684609957380929,
        0.0764929974376109
    ],
    "dividend_dir": [
        1,
        -1,
        1,
        -1,
        1,
        1,
        1,
        1,
        1,
        -1
    ],
    "p_tree": [
        [
            null,
            0
        ],
        [
            0,
            1
        ],
        [
            0,
            2
        ],
        [
            2,
            3
        ],
        [
            2,
            4
        ],
        [
            2,
            5
        ],
        [
            4,
            6
        ],
        [
            4,
            7
        ],
        [
            5,
            8
        ],
        [
            5,
            9
        ]
    ]
}