{
    "guid": "1167536833988890624_twitter",
    "gt_cls": 0,
    "coalitions": [
        [
            "<user>",
            "<user>1",
            "i",
            "’",
            "m",
            "super",
            "gay",
            "fuck"
        ],
        [
            "<user>",
            "<user>1",
            "i",
            "’"
        ],
        [
            "m",
            "super",
            "gay",
            "fuck"
        ],
        [
            "<user>"
        ],
        [
            "<user>1"
        ],
        [
            "i"
        ],
        [
            "’"
        ],
        [
            "m"
        ],
        [
            "super",
            "gay",
            "fuck"
        ],
        [
            "super",
            "gay"
        ],
        [
            "fuck"
        ],
        [
            "super"
        ],
        [
            "gay"
        ]
    ],
    "value_func": [
        1.0000000095567332,
        0.46121011946989104,
        0.538637613463704,
        0.07528203505604408,
        0.10490335735413998,
        0.09337559184103916,
        0.1873304107529508,
        0.08797339628036438,
        0.4506458946391497,
        0.29097198862438517,
        0.15928001072555734,
        0.11372830065105084,
        0.17703515490900595
    ],
    "dividend_dir": [
        -1,
        -1,
        1,
        1,
        1,
        1,
        -1,
        1,
        -1,
        -1,
        -1,
        -1,
        -1
    ],
    "p_tree": [
        [
            null,
            0
        ],
        [
            0,
            1
        ],
        [
            0,
            2
        ],
        [
            1,
            3
        ],
        [
            1,
            4
        ],
        [
            1,
            5
        ],
        [
            1,
            6
        ],
        [
            2,
            7
        ],
        [
            2,
            8
        ],
        [
            8,
            9
        ],
        [
            8,
            10
        ],
        [
            9,
            11
        ],
        [
            9,
            12
        ]
    ]
}