{
    "guid": "1170008981902897152_twitter",
    "gt_cls": 0,
    "coalitions": [
        [
            "yellow",
            "kirby",
            "likes",
            "to",
            "wear",
            "women",
            "clothing"
        ],
        [
            "yellow",
            "kirby"
        ],
        [
            "likes",
            "to",
            "wear",
            "women",
            "clothing"
        ],
        [
            "yellow"
        ],
        [
            "kirby"
        ],
        [
            "likes"
        ],
        [
            "to",
            "wear",
            "women",
            "clothing"
        ],
        [
            "to",
            "wear",
            "women",
            "clothing"
        ],
        [
            "to"
        ],
        [
            "wear",
            "women",
            "clothing"
        ],
        [
            "wear"
        ],
        [
            "women"
        ],
        [
            "clothing"
        ]
    ],
    "value_func": [
        0.999999985589832,
        0.4001436237594752,
        0.5992056861370636,
        0.20738950911771392,
        0.19232465309891755,
        0.12784321683818023,
        0.47034555012146595,
        0.4691629695230502,
        0.09829395222842796,
        0.3696864366962065,
        0.13679096271128902,
        0.1113056909337613,
        0.12067746502608799
    ],
    "dividend_dir": [
        1,
        -1,
        1,
        -1,
        -1,
        -1,
        1,
        1,
        1,
        1,
        1,
        1,
        1
    ],
    "p_tree": [
        [
            null,
            0
        ],
        [
            0,
            1
        ],
        [
            0,
            2
        ],
        [
            1,
            3
        ],
        [
            1,
            4
        ],
        [
            2,
            5
        ],
        [
            2,
            6
        ],
        [
            6,
            7
        ],
        [
            7,
            8
        ],
        [
            7,
            9
        ],
        [
            9,
            10
        ],
        [
            9,
            11
        ],
        [
            9,
            12
        ]
    ]
}