{
    "guid": "1171476443072581632_twitter",
    "gt_cls": 0,
    "coalitions": [
        [
            "the",
            "blur",
            "the1",
            "retard"
        ],
        [
            "the"
        ],
        [
            "blur",
            "the1",
            "retard"
        ],
        [
            "blur"
        ],
        [
            "the1",
            "retard"
        ],
        [
            "the1"
        ],
        [
            "retard"
        ]
    ],
    "value_func": [
        1.0000000229513206,
        0.09344723315217462,
        0.9062009188917584,
        0.1831375379355436,
        0.7226190492480571,
        0.10718339736104766,
        0.6152510039423338
    ],
    "dividend_dir": [
        -1,
        1,
        -1,
        -1,
        -1,
        1,
        -1
    ],
    "p_tree": [
        [
            null,
            0
        ],
        [
            0,
            1
        ],
        [
            0,
            2
        ],
        [
            2,
            3
        ],
        [
            2,
            4
        ],
        [
            4,
            5
        ],
        [
            4,
            6
        ]
    ]
}