{
    "guid": "1173341490682179585_twitter",
    "gt_cls": 0,
    "coalitions": [
        [
            "god",
            "i",
            "fucking",
            "hate",
            "allergies"
        ],
        [
            "god",
            "i"
        ],
        [
            "fucking",
            "hate",
            "allergies"
        ],
        [
            "god"
        ],
        [
            "i"
        ],
        [
            "fucking"
        ],
        [
            "hate"
        ],
        [
            "allergies"
        ]
    ],
    "value_func": [
        1.0000000080711737,
        0.1531065079858974,
        0.8465715868809165,
        0.09208578887217564,
        0.06064661130575792,
        0.0826219025999207,
        0.15030879191417257,
        0.6134986921821148
    ],
    "dividend_dir": [
        -1,
        -1,
        -1,
        -1,
        1,
        -1,
        -1,
        1
    ],
    "p_tree": [
        [
            null,
            0
        ],
        [
            0,
            1
        ],
        [
            0,
            2
        ],
        [
            1,
            3
        ],
        [
            1,
            4
        ],
        [
            2,
            5
        ],
        [
            2,
            6
        ],
        [
            2,
            7
        ]
    ]
}