{
    "guid": "1174514620704415745_twitter",
    "gt_cls": 0,
    "coalitions": [
        [
            "women",
            "boobs",
            "nude",
            "full",
            "breasted",
            "women1",
            "camsex",
            "site",
            "sex",
            "cam",
            "fetish"
        ],
        [
            "women",
            "boobs",
            "nude",
            "full",
            "breasted",
            "women1"
        ],
        [
            "camsex",
            "site",
            "sex",
            "cam",
            "fetish"
        ],
        [
            "women",
            "boobs"
        ],
        [
            "nude",
            "full",
            "breasted",
            "women1"
        ],
        [
            "camsex"
        ],
        [
            "site",
            "sex",
            "cam",
            "fetish"
        ],
        [
            "women"
        ],
        [
            "boobs"
        ],
        [
            "nude"
        ],
        [
            "full",
            "breasted",
            "women1"
        ],
        [
            "site"
        ],
        [
            "sex",
            "cam",
            "fetish"
        ],
        [
            "full",
            "breasted"
        ],
        [
            "women1"
        ],
        [
            "sex",
            "cam"
        ],
        [
            "fetish"
        ],
        [
            "full"
        ],
        [
            "breasted"
        ],
        [
            "sex"
        ],
        [
            "cam"
        ]
    ],
    "value_func": [
        0.9999999854371392,
        0.4725502849058732,
        0.5273012482023322,
        0.18777593478074026,
        0.28452681850437306,
        0.15011145367534545,
        0.3771527033589269,
        0.052101694471781965,
        0.1355459536667045,
        0.07384487477244336,
        0.21046816593818132,
        0.06320642891694828,
        0.3138315651411356,
        0.1495486791219719,
        0.06078185223535911,
        0.14171562808962834,
        0.17201791001089423,
        0.039959805661210095,
        0.10956774735732815,
        0.058257925830785894,
        0.08335075947644392
    ],
    "dividend_dir": [
        1,
        1,
        -1,
        1,
        1,
        1,
        -1,
        1,
        1,
        1,
        1,
        -1,
        -1,
        1,
        1,
        1,
        -1,
        1,
        1,
        1,
        1
    ],
    "p_tree": [
        [
            null,
            0
        ],
        [
            0,
            1
        ],
        [
            0,
            2
        ],
        [
            1,
            3
        ],
        [
            1,
            4
        ],
        [
            2,
            5
        ],
        [
            2,
            6
        ],
        [
            3,
            7
        ],
        [
            3,
            8
        ],
        [
            4,
            9
        ],
        [
            4,
            10
        ],
        [
            6,
            11
        ],
        [
            6,
            12
        ],
        [
            10,
            13
        ],
        [
            10,
            14
        ],
        [
            12,
            15
        ],
        [
            12,
            16
        ],
        [
            13,
            17
        ],
        [
            13,
            18
        ],
        [
            15,
            19
        ],
        [
            15,
            20
        ]
    ]
}