{
    "guid": "1174791771949322245_twitter",
    "gt_cls": 0,
    "coalitions": [
        [
            "deadass",
            "gon",
            "go",
            "lesbian"
        ],
        [
            "deadass"
        ],
        [
            "gon",
            "go",
            "lesbian"
        ],
        [
            "gon"
        ],
        [
            "go",
            "lesbian"
        ],
        [
            "go"
        ],
        [
            "lesbian"
        ]
    ],
    "value_func": [
        1.0000000143667302,
        0.3465804623069015,
        0.6529576431121987,
        0.2971277688837071,
        0.35541775114405466,
        0.1381823384647558,
        0.21628364398673308
    ],
    "dividend_dir": [
        -1,
        -1,
        -1,
        1,
        -1,
        -1,
        -1
    ],
    "p_tree": [
        [
            null,
            0
        ],
        [
            0,
            1
        ],
        [
            0,
            2
        ],
        [
            2,
            3
        ],
        [
            2,
            4
        ],
        [
            4,
            5
        ],
        [
            4,
            6
        ]
    ]
}