{
    "guid": "1177977240996499457_twitter",
    "gt_cls": 1,
    "coalitions": [
        [
            "you",
            "niggas",
            "faggots",
            "putting",
            "you1",
            "all",
            "hands",
            "on",
            "females"
        ],
        [
            "you"
        ],
        [
            "niggas",
            "faggots",
            "putting",
            "you1",
            "all",
            "hands",
            "on",
            "females"
        ],
        [
            "niggas"
        ],
        [
            "faggots",
            "putting",
            "you1",
            "all",
            "hands",
            "on",
            "females"
        ],
        [
            "faggots"
        ],
        [
            "putting",
            "you1",
            "all",
            "hands",
            "on",
            "females"
        ],
        [
            "putting"
        ],
        [
            "you1"
        ],
        [
            "all",
            "hands"
        ],
        [
            "on",
            "females"
        ],
        [
            "all"
        ],
        [
            "hands"
        ],
        [
            "on"
        ],
        [
            "females"
        ]
    ],
    "value_func": [
        0.9999999948333326,
        0.04674118444941433,
        0.9525838350766912,
        0.3128945610439496,
        0.6390907363447494,
        0.2581953522575993,
        0.38012753540134697,
        0.049338825819907214,
        0.03596310324265111,
        0.09102311959456474,
        0.203153740201468,
        0.03232479692802985,
        0.058552958543416286,
        0.05348534544860435,
        0.14863957987646548
    ],
    "dividend_dir": [
        1,
        1,
        1,
        -1,
        1,
        1,
        1,
        1,
        1,
        -1,
        1,
        1,
        -1,
        -1,
        1
    ],
    "p_tree": [
        [
            null,
            0
        ],
        [
            0,
            1
        ],
        [
            0,
            2
        ],
        [
            2,
            3
        ],
        [
            2,
            4
        ],
        [
            4,
            5
        ],
        [
            4,
            6
        ],
        [
            6,
            7
        ],
        [
            6,
            8
        ],
        [
            6,
            9
        ],
        [
            6,
            10
        ],
        [
            9,
            11
        ],
        [
            9,
            12
        ],
        [
            10,
            13
        ],
        [
            10,
            14
        ]
    ]
}