{
    "guid": "1177920526649421824_twitter",
    "gt_cls": 0,
    "coalitions": [
        [
            "calling",
            "someone",
            "nigga",
            "is",
            "acceptable",
            "but",
            "calling1",
            "someone1",
            "faggot",
            "it",
            "not",
            "the",
            "same"
        ],
        [
            "calling",
            "someone",
            "nigga",
            "is",
            "acceptable"
        ],
        [
            "but"
        ],
        [
            "calling1",
            "someone1",
            "faggot",
            "it",
            "not",
            "the",
            "same"
        ],
        [
            "calling",
            "someone",
            "nigga"
        ],
        [
            "is",
            "acceptable"
        ],
        [
            "calling1",
            "someone1",
            "faggot",
            "it",
            "not",
            "the",
            "same"
        ],
        [
            "calling",
            "someone",
            "nigga"
        ],
        [
            "is"
        ],
        [
            "acceptable"
        ],
        [
            "calling1"
        ],
        [
            "someone1",
            "faggot",
            "it",
            "not",
            "the",
            "same"
        ],
        [
            "calling"
        ],
        [
            "someone",
            "nigga"
        ],
        [
            "someone1"
        ],
        [
            "faggot",
            "it",
            "not",
            "the",
            "same"
        ],
        [
            "someone"
        ],
        [
            "nigga"
        ],
        [
            "faggot"
        ],
        [
            "it"
        ],
        [
            "not",
            "the",
            "same"
        ],
        [
            "not"
        ],
        [
            "the"
        ],
        [
            "same"
        ]
    ],
    "value_func": [
        0.9999999743674968,
        0.46920545804924124,
        0.03139079935768093,
        0.4990535006305437,
        0.3526928090987164,
        0.11617172629678416,
        0.49895768329346296,
        0.3521955265258149,
        0.041671146588331424,
        0.07436471097095311,
        0.043635341645752834,
        0.4552265243106294,
        0.04515727519390221,
        0.3065409687590111,
        0.046958449798595606,
        0.4082288274359413,
        0.051758121016690556,
        0.2541620200263124,
        0.2791961843986722,
        0.03807894559793052,
        0.09086442713094664,
        0.02913929893408587,
        0.026952522777060364,
        0.0345945708328515
    ],
    "dividend_dir": [
        1,
        1,
        1,
        1,
        1,
        -1,
        1,
        1,
        1,
        -1,
        1,
        -1,
        -1,
        1,
        1,
        -1,
        1,
        1,
        -1,
        1,
        1,
        1,
        -1,
        1
    ],
    "p_tree": [
        [
            null,
            0
        ],
        [
            0,
            1
        ],
        [
            0,
            2
        ],
        [
            0,
            3
        ],
        [
            1,
            4
        ],
        [
            1,
            5
        ],
        [
            3,
            6
        ],
        [
            4,
            7
        ],
        [
            5,
            8
        ],
        [
            5,
            9
        ],
        [
            6,
            10
        ],
        [
            6,
            11
        ],
        [
            7,
            12
        ],
        [
            7,
            13
        ],
        [
            11,
            14
        ],
        [
            11,
            15
        ],
        [
            13,
            16
        ],
        [
            13,
            17
        ],
        [
            15,
            18
        ],
        [
            15,
            19
        ],
        [
            15,
            20
        ],
        [
            20,
            21
        ],
        [
            20,
            22
        ],
        [
            20,
            23
        ]
    ]
}