{
    "guid": "1177671086139478016_twitter",
    "gt_cls": 1,
    "coalitions": [
        [
            "i",
            "hate",
            "arabs"
        ],
        [
            "i"
        ],
        [
            "hate",
            "arabs"
        ],
        [
            "hate"
        ],
        [
            "arabs"
        ]
    ],
    "value_func": [
        1.0000000408101732,
        0.1973347003729241,
        0.7979528143213465,
        0.27335200184721753,
        0.5183936381298635
    ],
    "dividend_dir": [
        1,
        -1,
        1,
        1,
        1
    ],
    "p_tree": [
        [
            null,
            0
        ],
        [
            0,
            1
        ],
        [
            0,
            2
        ],
        [
            2,
            3
        ],
        [
            2,
            4
        ]
    ]
}