{
    "guid": "1177915478674534401_twitter",
    "gt_cls": 1,
    "coalitions": [
        [
            "<user>",
            "new",
            "look",
            "ching",
            "chong"
        ],
        [
            "<user>"
        ],
        [
            "new"
        ],
        [
            "look"
        ],
        [
            "ching"
        ],
        [
            "chong"
        ]
    ],
    "value_func": [
        0.9999999959617257,
        0.10550945384261301,
        0.11971597457674273,
        0.1828591506652511,
        0.3252607452286225,
        0.2645449774090299
    ],
    "dividend_dir": [
        1,
        -1,
        1,
        -1,
        1,
        1
    ],
    "p_tree": [
        [
            null,
            0
        ],
        [
            0,
            1
        ],
        [
            0,
            2
        ],
        [
            0,
            3
        ],
        [
            0,
            4
        ],
        [
            0,
            5
        ]
    ]
}