{
    "guid": "1177801777154052096_twitter",
    "gt_cls": 0,
    "coalitions": [
        [
            "shut",
            "this",
            "billionaire",
            "bugatti",
            "brick",
            "this1",
            "nigger",
            "pole"
        ],
        [
            "shut",
            "this",
            "billionaire",
            "bugatti",
            "brick",
            "this1",
            "nigger",
            "pole"
        ],
        [
            "shut"
        ],
        [
            "this",
            "billionaire",
            "bugatti",
            "brick"
        ],
        [
            "this1",
            "nigger",
            "pole"
        ],
        [
            "this"
        ],
        [
            "billionaire"
        ],
        [
            "bugatti"
        ],
        [
            "brick"
        ],
        [
            "this1"
        ],
        [
            "nigger"
        ],
        [
            "pole"
        ]
    ],
    "value_func": [
        0.9999999752208395,
        0.9986656265074433,
        0.0960819090849516,
        0.5036054528700165,
        0.39764391583907904,
        0.06152059373127466,
        0.08572894554007178,
        0.2288843669586324,
        0.12710666771321918,
        0.06221993214138745,
        0.233723909090977,
        0.10028444537004731
    ],
    "dividend_dir": [
        1,
        1,
        1,
        1,
        1,
        -1,
        1,
        1,
        1,
        1,
        1,
        1
    ],
    "p_tree": [
        [
            null,
            0
        ],
        [
            0,
            1
        ],
        [
            1,
            2
        ],
        [
            1,
            3
        ],
        [
            1,
            4
        ],
        [
            3,
            5
        ],
        [
            3,
            6
        ],
        [
            3,
            7
        ],
        [
            3,
            8
        ],
        [
            4,
            9
        ],
        [
            4,
            10
        ],
        [
            4,
            11
        ]
    ]
}