{
    "guid": "1178806441991385089_twitter",
    "gt_cls": 0,
    "coalitions": [
        [
            "thinking",
            "about",
            "how",
            "i",
            "can",
            "be",
            "more",
            "unapologetically",
            "queer"
        ],
        [
            "thinking",
            "about",
            "how",
            "i",
            "can",
            "be",
            "more",
            "unapologetically",
            "queer"
        ],
        [
            "thinking"
        ],
        [
            "about",
            "how",
            "i",
            "can",
            "be",
            "more",
            "unapologetically",
            "queer"
        ],
        [
            "about"
        ],
        [
            "how",
            "i",
            "can",
            "be",
            "more",
            "unapologetically",
            "queer"
        ],
        [
            "how"
        ],
        [
            "i",
            "can",
            "be",
            "more",
            "unapologetically",
            "queer"
        ],
        [
            "i"
        ],
        [
            "can",
            "be",
            "more",
            "unapologetically",
            "queer"
        ],
        [
            "can"
        ],
        [
            "be",
            "more",
            "unapologetically",
            "queer"
        ],
        [
            "be"
        ],
        [
            "more",
            "unapologetically",
            "queer"
        ],
        [
            "more"
        ],
        [
            "unapologetically"
        ],
        [
            "queer"
        ]
    ],
    "value_func": [
        0.9999999996986759,
        0.9995733227109926,
        0.10365598289369402,
        0.8954906628296153,
        0.05997553636585815,
        0.8352267820194683,
        0.06720025091529334,
        0.7678073461786941,
        0.05849731823305851,
        0.7092476435770417,
        0.04856763873142403,
        0.6606245828432399,
        0.05908128547988143,
        0.6013839135711422,
        0.058129162019062305,
        0.3603615109358597,
        0.18276780275408322
    ],
    "dividend_dir": [
        1,
        1,
        1,
        1,
        1,
        1,
        1,
        1,
        1,
        -1,
        1,
        -1,
        -1,
        -1,
        1,
        -1,
        -1
    ],
    "p_tree": [
        [
            null,
            0
        ],
        [
            0,
            1
        ],
        [
            1,
            2
        ],
        [
            1,
            3
        ],
        [
            3,
            4
        ],
        [
            3,
            5
        ],
        [
            5,
            6
        ],
        [
            5,
            7
        ],
        [
            7,
            8
        ],
        [
            7,
            9
        ],
        [
            9,
            10
        ],
        [
            9,
            11
        ],
        [
            11,
            12
        ],
        [
            11,
            13
        ],
        [
            13,
            14
        ],
        [
            13,
            15
        ],
        [
            13,
            16
        ]
    ]
}