{
    "guid": "1178765634265636864_twitter",
    "gt_cls": 0,
    "coalitions": [
        [
            "do",
            "u",
            "have",
            "to",
            "be",
            "retarded",
            "to1",
            "be1",
            "a",
            "lino"
        ],
        [
            "do"
        ],
        [
            "u"
        ],
        [
            "have",
            "to",
            "be",
            "retarded",
            "to1",
            "be1",
            "a",
            "lino"
        ],
        [
            "have"
        ],
        [
            "to",
            "be",
            "retarded",
            "to1",
            "be1",
            "a",
            "lino"
        ],
        [
            "to",
            "be",
            "retarded",
            "to1",
            "be1",
            "a",
            "lino"
        ],
        [
            "to"
        ],
        [
            "be",
            "retarded",
            "to1",
            "be1",
            "a",
            "lino"
        ],
        [
            "be"
        ],
        [
            "retarded",
            "to1",
            "be1",
            "a",
            "lino"
        ],
        [
            "retarded"
        ],
        [
            "to1",
            "be1",
            "a",
            "lino"
        ],
        [
            "to1",
            "be1",
            "a",
            "lino"
        ],
        [
            "to1"
        ],
        [
            "be1",
            "a",
            "lino"
        ],
        [
            "be1"
        ],
        [
            "a",
            "lino"
        ],
        [
            "a"
        ],
        [
            "lino"
        ]
    ],
    "value_func": [
        0.9999999935991296,
        0.08791827166047302,
        0.12061710593946857,
        0.7912691149011853,
        0.065200015121372,
        0.7257924823835704,
        0.7255058317620986,
        0.039212083871162116,
        0.6860070972694646,
        0.043191767404762126,
        0.6425918335907054,
        0.20225668550433748,
        0.44024901262437033,
        0.4400998266657292,
        0.03311412612598263,
        0.4068365145811055,
        0.04247281991056523,
        0.3642910254527646,
        0.06104496173792335,
        0.3032277527304311
    ],
    "dividend_dir": [
        1,
        -1,
        1,
        1,
        1,
        1,
        1,
        1,
        1,
        1,
        1,
        -1,
        1,
        1,
        1,
        1,
        1,
        -1,
        1,
        -1
    ],
    "p_tree": [
        [
            null,
            0
        ],
        [
            0,
            1
        ],
        [
            0,
            2
        ],
        [
            0,
            3
        ],
        [
            3,
            4
        ],
        [
            3,
            5
        ],
        [
            5,
            6
        ],
        [
            6,
            7
        ],
        [
            6,
            8
        ],
        [
            8,
            9
        ],
        [
            8,
            10
        ],
        [
            10,
            11
        ],
        [
            10,
            12
        ],
        [
            12,
            13
        ],
        [
            13,
            14
        ],
        [
            13,
            15
        ],
        [
            15,
            16
        ],
        [
            15,
            17
        ],
        [
            17,
            18
        ],
        [
            17,
            19
        ]
    ]
}