{
    "guid": "1178844885715181569_twitter",
    "gt_cls": 0,
    "coalitions": [
        [
            "<user>",
            "i",
            "fucking",
            "hate",
            "you",
            "😂",
            "😂1",
            "😂2"
        ],
        [
            "<user>"
        ],
        [
            "i",
            "fucking"
        ],
        [
            "hate",
            "you",
            "😂",
            "😂1",
            "😂2"
        ],
        [
            "i"
        ],
        [
            "fucking"
        ],
        [
            "hate"
        ],
        [
            "you"
        ],
        [
            "😂",
            "😂1",
            "😂2"
        ],
        [
            "😂"
        ],
        [
            "😂1"
        ],
        [
            "😂2"
        ]
    ],
    "value_func": [
        0.9999999678468086,
        0.0809596018684028,
        0.1675122105247059,
        0.751474254875327,
        0.07353544113557729,
        0.0934973073693586,
        0.1448346050797395,
        0.07667545796308639,
        0.5294201685012675,
        0.10851581768768588,
        0.17132830198775953,
        0.2480926936759444
    ],
    "dividend_dir": [
        -1,
        1,
        1,
        -1,
        1,
        1,
        1,
        -1,
        -1,
        1,
        -1,
        -1
    ],
    "p_tree": [
        [
            null,
            0
        ],
        [
            0,
            1
        ],
        [
            0,
            2
        ],
        [
            0,
            3
        ],
        [
            2,
            4
        ],
        [
            2,
            5
        ],
        [
            3,
            6
        ],
        [
            3,
            7
        ],
        [
            3,
            8
        ],
        [
            8,
            9
        ],
        [
            8,
            10
        ],
        [
            8,
            11
        ]
    ]
}