{
    "guid": "1178981720839749634_twitter",
    "gt_cls": 1,
    "coalitions": [
        [
            "alex",
            "is",
            "my",
            "friend",
            "not",
            "a",
            "stupid",
            "nigger",
            "other",
            "alex1",
            "is1"
        ],
        [
            "alex"
        ],
        [
            "is",
            "my",
            "friend",
            "not",
            "a",
            "stupid",
            "nigger",
            "other",
            "alex1"
        ],
        [
            "is1"
        ],
        [
            "is"
        ],
        [
            "my",
            "friend"
        ],
        [
            "not",
            "a",
            "stupid",
            "nigger",
            "other",
            "alex1"
        ],
        [
            "my"
        ],
        [
            "friend"
        ],
        [
            "not",
            "a",
            "stupid",
            "nigger"
        ],
        [
            "other",
            "alex1"
        ],
        [
            "not"
        ],
        [
            "a"
        ],
        [
            "stupid"
        ],
        [
            "nigger"
        ],
        [
            "other"
        ],
        [
            "alex1"
        ]
    ],
    "value_func": [
        0.9999999772258255,
        0.062276736276583346,
        0.8741866307707146,
        0.062064687497796346,
        0.04713324117155424,
        0.1186747834041767,
        0.7068856276410258,
        0.05697590996093158,
        0.061467625296690004,
        0.574172126865684,
        0.1310362898124532,
        0.04773733678250337,
        0.05414963553949014,
        0.12398740013977706,
        0.34622823661408336,
        0.07480731817959452,
        0.056056889304826524
    ],
    "dividend_dir": [
        1,
        1,
        1,
        -1,
        -1,
        1,
        1,
        1,
        1,
        1,
        -1,
        -1,
        1,
        1,
        1,
        -1,
        1
    ],
    "p_tree": [
        [
            null,
            0
        ],
        [
            0,
            1
        ],
        [
            0,
            2
        ],
        [
            0,
            3
        ],
        [
            2,
            4
        ],
        [
            2,
            5
        ],
        [
            2,
            6
        ],
        [
            5,
            7
        ],
        [
            5,
            8
        ],
        [
            6,
            9
        ],
        [
            6,
            10
        ],
        [
            9,
            11
        ],
        [
            9,
            12
        ],
        [
            9,
            13
        ],
        [
            9,
            14
        ],
        [
            10,
            15
        ],
        [
            10,
            16
        ]
    ]
}