{
    "guid": "1178878538075688961_twitter",
    "gt_cls": 0,
    "coalitions": [
        [
            "donate",
            "to",
            "julian",
            "castro",
            "and",
            "also",
            "fund",
            "abortions",
            "okay",
            "i",
            "am",
            "logging",
            "off",
            "bye"
        ],
        [
            "donate",
            "to",
            "julian",
            "castro",
            "and",
            "also",
            "fund",
            "abortions",
            "okay"
        ],
        [
            "i"
        ],
        [
            "am",
            "logging",
            "off",
            "bye"
        ],
        [
            "donate",
            "to",
            "julian",
            "castro"
        ],
        [
            "and"
        ],
        [
            "also"
        ],
        [
            "fund",
            "abortions",
            "okay"
        ],
        [
            "am"
        ],
        [
            "logging",
            "off",
            "bye"
        ],
        [
            "donate"
        ],
        [
            "to",
            "julian",
            "castro"
        ],
        [
            "fund"
        ],
        [
            "abortions"
        ],
        [
            "okay"
        ],
        [
            "logging"
        ],
        [
            "off"
        ],
        [
            "bye"
        ],
        [
            "to"
        ],
        [
            "julian",
            "castro"
        ],
        [
            "julian"
        ],
        [
            "castro"
        ]
    ],
    "value_func": [
        0.9999999813878441,
        0.7619532909425876,
        0.03549551660926008,
        0.20242431799520894,
        0.4022565258497321,
        0.05078044209552763,
        0.034083249839887676,
        0.2747867329458959,
        0.03456014379512231,
        0.16773442382611967,
        0.07757912448692408,
        0.3245690029525424,
        0.0614179976423323,
        0.1602526848452996,
        0.05302337834588279,
        0.06998267034022061,
        0.037993703664678614,
        0.05962877722347732,
        0.036951204368829454,
        0.2875110815873051,
        0.11380525369382108,
        0.17363952807073135
    ],
    "dividend_dir": [
        1,
        1,
        1,
        1,
        -1,
        1,
        1,
        1,
        1,
        1,
        -1,
        1,
        1,
        -1,
        1,
        1,
        1,
        1,
        1,
        1,
        1,
        -1
    ],
    "p_tree": [
        [
            null,
            0
        ],
        [
            0,
            1
        ],
        [
            0,
            2
        ],
        [
            0,
            3
        ],
        [
            1,
            4
        ],
        [
            1,
            5
        ],
        [
            1,
            6
        ],
        [
            1,
            7
        ],
        [
            3,
            8
        ],
        [
            3,
            9
        ],
        [
            4,
            10
        ],
        [
            4,
            11
        ],
        [
            7,
            12
        ],
        [
            7,
            13
        ],
        [
            7,
            14
        ],
        [
            9,
            15
        ],
        [
            9,
            16
        ],
        [
            9,
            17
        ],
        [
            11,
            18
        ],
        [
            11,
            19
        ],
        [
            19,
            20
        ],
        [
            19,
            21
        ]
    ]
}