{
    "guid": "1178630584320561152_twitter",
    "gt_cls": 0,
    "coalitions": [
        [
            "real",
            "dysphoria",
            "hours",
            "why",
            "are",
            "my",
            "arms",
            "so",
            "hairy"
        ],
        [
            "real",
            "dysphoria",
            "hours"
        ],
        [
            "why",
            "are",
            "my",
            "arms",
            "so",
            "hairy"
        ],
        [
            "real"
        ],
        [
            "dysphoria"
        ],
        [
            "hours"
        ],
        [
            "why"
        ],
        [
            "are",
            "my",
            "arms",
            "so",
            "hairy"
        ],
        [
            "are"
        ],
        [
            "my",
            "arms"
        ],
        [
            "so",
            "hairy"
        ],
        [
            "my"
        ],
        [
            "arms"
        ],
        [
            "so"
        ],
        [
            "hairy"
        ]
    ],
    "value_func": [
        1.000000009833804,
        0.456200171773748,
        0.543472280733418,
        0.07956024098520495,
        0.27496418467912104,
        0.10158207809043084,
        0.06917832107117651,
        0.4739191772499408,
        0.06050193726615096,
        0.14709657393472422,
        0.2658397066172874,
        0.06218821466924871,
        0.08484709255092597,
        0.0732889364744601,
        0.19208596799193156
    ],
    "dividend_dir": [
        1,
        1,
        1,
        1,
        1,
        -1,
        -1,
        1,
        1,
        1,
        1,
        1,
        -1,
        1,
        1
    ],
    "p_tree": [
        [
            null,
            0
        ],
        [
            0,
            1
        ],
        [
            0,
            2
        ],
        [
            1,
            3
        ],
        [
            1,
            4
        ],
        [
            1,
            5
        ],
        [
            2,
            6
        ],
        [
            2,
            7
        ],
        [
            7,
            8
        ],
        [
            7,
            9
        ],
        [
            7,
            10
        ],
        [
            9,
            11
        ],
        [
            9,
            12
        ],
        [
            10,
            13
        ],
        [
            10,
            14
        ]
    ]
}