{
    "guid": "1178760797524238337_twitter",
    "gt_cls": 0,
    "coalitions": [
        [
            "keep",
            "white",
            "ass",
            "off",
            "my",
            "tl",
            "you",
            "all",
            "make",
            "me",
            "sick"
        ],
        [
            "keep",
            "white",
            "ass",
            "off",
            "my",
            "tl"
        ],
        [
            "you",
            "all"
        ],
        [
            "make",
            "me",
            "sick"
        ],
        [
            "keep",
            "white",
            "ass",
            "off",
            "my",
            "tl"
        ],
        [
            "you"
        ],
        [
            "all"
        ],
        [
            "make"
        ],
        [
            "me",
            "sick"
        ],
        [
            "keep"
        ],
        [
            "white",
            "ass"
        ],
        [
            "off",
            "my",
            "tl"
        ],
        [
            "me"
        ],
        [
            "sick"
        ],
        [
            "white"
        ],
        [
            "ass"
        ],
        [
            "off"
        ],
        [
            "my",
            "tl"
        ],
        [
            "my"
        ],
        [
            "tl"
        ]
    ],
    "value_func": [
        1.0000000272169598,
        0.7012169479747561,
        0.09975904473215051,
        0.198750409256585,
        0.7010131217573865,
        0.053016289323360485,
        0.046628104859900085,
        0.05298327718633714,
        0.14562481399370603,
        0.1043410861914635,
        0.3157409669840061,
        0.28072724236454727,
        0.05440645183251059,
        0.09108201174045706,
        0.19240495040484518,
        0.12317088545022532,
        0.08254210264495361,
        0.19763063584840432,
        0.06111899269951183,
        0.13608630250033654
    ],
    "dividend_dir": [
        1,
        1,
        1,
        1,
        1,
        1,
        1,
        1,
        1,
        -1,
        1,
        1,
        1,
        -1,
        1,
        1,
        1,
        1,
        1,
        1
    ],
    "p_tree": [
        [
            null,
            0
        ],
        [
            0,
            1
        ],
        [
            0,
            2
        ],
        [
            0,
            3
        ],
        [
            1,
            4
        ],
        [
            2,
            5
        ],
        [
            2,
            6
        ],
        [
            3,
            7
        ],
        [
            3,
            8
        ],
        [
            4,
            9
        ],
        [
            4,
            10
        ],
        [
            4,
            11
        ],
        [
            8,
            12
        ],
        [
            8,
            13
        ],
        [
            10,
            14
        ],
        [
            10,
            15
        ],
        [
            11,
            16
        ],
        [
            11,
            17
        ],
        [
            17,
            18
        ],
        [
            17,
            19
        ]
    ]
}