{
    "guid": "1178816603619758080_twitter",
    "gt_cls": 0,
    "coalitions": [
        [
            "i",
            "raped",
            "a",
            "sheep",
            "because",
            "it",
            "sneezed",
            "at",
            "a1",
            "pig"
        ],
        [
            "i"
        ],
        [
            "raped",
            "a",
            "sheep",
            "because",
            "it",
            "sneezed",
            "at",
            "a1",
            "pig"
        ],
        [
            "raped"
        ],
        [
            "a",
            "sheep"
        ],
        [
            "because",
            "it",
            "sneezed",
            "at",
            "a1",
            "pig"
        ],
        [
            "a"
        ],
        [
            "sheep"
        ],
        [
            "because"
        ],
        [
            "it",
            "sneezed",
            "at",
            "a1",
            "pig"
        ],
        [
            "it"
        ],
        [
            "sneezed",
            "at",
            "a1",
            "pig"
        ],
        [
            "sneezed"
        ],
        [
            "at",
            "a1",
            "pig"
        ],
        [
            "at"
        ],
        [
            "a1",
            "pig"
        ],
        [
            "a1"
        ],
        [
            "pig"
        ]
    ],
    "value_func": [
        1.000000006274284,
        0.06939043474903982,
        0.9300078445398728,
        0.20009114908100736,
        0.2031490776696351,
        0.5261811121512016,
        0.0658777195545085,
        0.13724427068893977,
        0.049725485719803356,
        0.4763736613159714,
        0.0397617745713768,
        0.43647058177911935,
        0.19860092164243562,
        0.23770595814338843,
        0.041209548034998406,
        0.1961746855642847,
        0.05266012495931939,
        0.1430424476059469
    ],
    "dividend_dir": [
        1,
        1,
        1,
        1,
        1,
        1,
        -1,
        1,
        -1,
        1,
        -1,
        1,
        -1,
        1,
        -1,
        1,
        1,
        1
    ],
    "p_tree": [
        [
            null,
            0
        ],
        [
            0,
            1
        ],
        [
            0,
            2
        ],
        [
            2,
            3
        ],
        [
            2,
            4
        ],
        [
            2,
            5
        ],
        [
            4,
            6
        ],
        [
            4,
            7
        ],
        [
            5,
            8
        ],
        [
            5,
            9
        ],
        [
            9,
            10
        ],
        [
            9,
            11
        ],
        [
            11,
            12
        ],
        [
            11,
            13
        ],
        [
            13,
            14
        ],
        [
            13,
            15
        ],
        [
            15,
            16
        ],
        [
            15,
            17
        ]
    ]
}