{
    "guid": "1178866756435079168_twitter",
    "gt_cls": 0,
    "coalitions": [
        [
            "i",
            "fucking",
            "hate",
            "wifi"
        ],
        [
            "i"
        ],
        [
            "fucking",
            "hate",
            "wifi"
        ],
        [
            "fucking"
        ],
        [
            "hate"
        ],
        [
            "wifi"
        ]
    ],
    "value_func": [
        1.0000000069243538,
        0.09428685190346255,
        0.9051338079795102,
        0.14042314643388337,
        0.20628902812136926,
        0.5578011755230882
    ],
    "dividend_dir": [
        -1,
        -1,
        -1,
        -1,
        -1,
        -1
    ],
    "p_tree": [
        [
            null,
            0
        ],
        [
            0,
            1
        ],
        [
            0,
            2
        ],
        [
            2,
            3
        ],
        [
            2,
            4
        ],
        [
            2,
            5
        ]
    ]
}