{
    "guid": "1178273282610667522_twitter",
    "gt_cls": 1,
    "coalitions": [
        [
            "let",
            "me",
            "go",
            "and",
            "watch",
            "power",
            "because",
            "you",
            "niggers",
            "have",
            "no",
            "respect"
        ],
        [
            "let",
            "me",
            "go",
            "and",
            "watch",
            "power",
            "because",
            "you",
            "niggers",
            "have",
            "no",
            "respect"
        ],
        [
            "let"
        ],
        [
            "me",
            "go",
            "and",
            "watch",
            "power"
        ],
        [
            "because",
            "you",
            "niggers",
            "have",
            "no",
            "respect"
        ],
        [
            "me"
        ],
        [
            "go",
            "and",
            "watch",
            "power"
        ],
        [
            "because"
        ],
        [
            "you",
            "niggers",
            "have",
            "no",
            "respect"
        ],
        [
            "go"
        ],
        [
            "and"
        ],
        [
            "watch",
            "power"
        ],
        [
            "you"
        ],
        [
            "niggers"
        ],
        [
            "have",
            "no",
            "respect"
        ],
        [
            "watch"
        ],
        [
            "power"
        ],
        [
            "have"
        ],
        [
            "no",
            "respect"
        ],
        [
            "no"
        ],
        [
            "respect"
        ]
    ],
    "value_func": [
        1.000000008407718,
        0.9987051076750982,
        0.09135546095201101,
        0.30313934760921224,
        0.6029153983812553,
        0.05933525022492937,
        0.24341140812180445,
        0.0472163397077895,
        0.5547219948002764,
        0.05481252312065841,
        0.04682902636340128,
        0.14123469591658522,
        0.05962791835363506,
        0.353288407590811,
        0.1407790338595421,
        0.06858189306226192,
        0.07221270906123119,
        0.03902016394599315,
        0.10154903371284782,
        0.03474353173491804,
        0.06664365936921622
    ],
    "dividend_dir": [
        1,
        1,
        1,
        1,
        1,
        -1,
        1,
        1,
        1,
        1,
        1,
        1,
        1,
        1,
        1,
        1,
        1,
        1,
        1,
        -1,
        1
    ],
    "p_tree": [
        [
            null,
            0
        ],
        [
            0,
            1
        ],
        [
            1,
            2
        ],
        [
            1,
            3
        ],
        [
            1,
            4
        ],
        [
            3,
            5
        ],
        [
            3,
            6
        ],
        [
            4,
            7
        ],
        [
            4,
            8
        ],
        [
            6,
            9
        ],
        [
            6,
            10
        ],
        [
            6,
            11
        ],
        [
            8,
            12
        ],
        [
            8,
            13
        ],
        [
            8,
            14
        ],
        [
            11,
            15
        ],
        [
            11,
            16
        ],
        [
            14,
            17
        ],
        [
            14,
            18
        ],
        [
            18,
            19
        ],
        [
            18,
            20
        ]
    ]
}