{
    "guid": "1178810018680000513_twitter",
    "gt_cls": 0,
    "coalitions": [
        [
            "nah",
            "its",
            "totally",
            "cool",
            "super",
            "fucking",
            "hate",
            "you",
            "tho",
            "🤗"
        ],
        [
            "nah"
        ],
        [
            "its",
            "totally",
            "cool",
            "super",
            "fucking"
        ],
        [
            "hate",
            "you",
            "tho"
        ],
        [
            "🤗"
        ],
        [
            "its"
        ],
        [
            "totally",
            "cool"
        ],
        [
            "super"
        ],
        [
            "fucking"
        ],
        [
            "hate"
        ],
        [
            "you",
            "tho"
        ],
        [
            "totally"
        ],
        [
            "cool"
        ],
        [
            "you"
        ],
        [
            "tho"
        ]
    ],
    "value_func": [
        0.9999999884973022,
        0.0872621150111288,
        0.47536989990104195,
        0.353912823367297,
        0.08277681902084494,
        0.08398519273441972,
        0.17926129468765634,
        0.0987051082127897,
        0.11245138303284166,
        0.14701214140713437,
        0.2067595446063245,
        0.07642957104484907,
        0.10226182082802776,
        0.06880812361870364,
        0.13781291069172108
    ],
    "dividend_dir": [
        1,
        -1,
        1,
        1,
        1,
        1,
        1,
        1,
        1,
        1,
        1,
        1,
        1,
        1,
        1
    ],
    "p_tree": [
        [
            null,
            0
        ],
        [
            0,
            1
        ],
        [
            0,
            2
        ],
        [
            0,
            3
        ],
        [
            0,
            4
        ],
        [
            2,
            5
        ],
        [
            2,
            6
        ],
        [
            2,
            7
        ],
        [
            2,
            8
        ],
        [
            3,
            9
        ],
        [
            3,
            10
        ],
        [
            6,
            11
        ],
        [
            6,
            12
        ],
        [
            10,
            13
        ],
        [
            10,
            14
        ]
    ]
}