{
    "guid": "1178606198809141249_twitter",
    "gt_cls": 1,
    "coalitions": [
        [
            "pope",
            "is",
            "asian",
            "you",
            "fucking",
            "dumb",
            "nigger"
        ],
        [
            "pope"
        ],
        [
            "is",
            "asian",
            "you",
            "fucking",
            "dumb",
            "nigger"
        ],
        [
            "is"
        ],
        [
            "asian",
            "you",
            "fucking",
            "dumb",
            "nigger"
        ],
        [
            "asian"
        ],
        [
            "you",
            "fucking",
            "dumb",
            "nigger"
        ],
        [
            "you"
        ],
        [
            "fucking",
            "dumb",
            "nigger"
        ],
        [
            "fucking"
        ],
        [
            "dumb",
            "nigger"
        ],
        [
            "dumb"
        ],
        [
            "nigger"
        ]
    ],
    "value_func": [
        1.0000000053318636,
        0.09159702279419107,
        0.9059719410162679,
        0.08365981240657058,
        0.8197379380814181,
        0.09745949428960267,
        0.7192808658165133,
        0.10529974254374899,
        0.610975846241359,
        0.12223714056007413,
        0.4861054876257648,
        0.17240672165179438,
        0.31109523156357966
    ],
    "dividend_dir": [
        1,
        1,
        1,
        -1,
        1,
        1,
        1,
        1,
        1,
        1,
        1,
        1,
        1
    ],
    "p_tree": [
        [
            null,
            0
        ],
        [
            0,
            1
        ],
        [
            0,
            2
        ],
        [
            2,
            3
        ],
        [
            2,
            4
        ],
        [
            4,
            5
        ],
        [
            4,
            6
        ],
        [
            6,
            7
        ],
        [
            6,
            8
        ],
        [
            8,
            9
        ],
        [
            8,
            10
        ],
        [
            10,
            11
        ],
        [
            10,
            12
        ]
    ]
}