{
    "guid": "1178857682511511552_twitter",
    "gt_cls": 0,
    "coalitions": [
        [
            "a",
            "pussy",
            "hoe",
            "could",
            "never",
            "is",
            "so",
            "ghetto",
            "and",
            "i",
            "hate",
            "hearing",
            "it"
        ],
        [
            "a",
            "pussy",
            "hoe",
            "could",
            "never",
            "is",
            "so",
            "ghetto"
        ],
        [
            "and"
        ],
        [
            "i",
            "hate",
            "hearing",
            "it"
        ],
        [
            "a",
            "pussy",
            "hoe"
        ],
        [
            "could",
            "never",
            "is",
            "so",
            "ghetto"
        ],
        [
            "i"
        ],
        [
            "hate",
            "hearing",
            "it"
        ],
        [
            "a"
        ],
        [
            "pussy"
        ],
        [
            "hoe"
        ],
        [
            "could"
        ],
        [
            "never"
        ],
        [
            "is",
            "so",
            "ghetto"
        ],
        [
            "hate"
        ],
        [
            "hearing",
            "it"
        ],
        [
            "is"
        ],
        [
            "so",
            "ghetto"
        ],
        [
            "hearing",
            "it"
        ],
        [
            "so"
        ],
        [
            "ghetto"
        ],
        [
            "hearing"
        ],
        [
            "it"
        ]
    ],
    "value_func": [
        1.0000000145263426,
        0.8085213277101838,
        0.032709695449811435,
        0.15865305983052264,
        0.5394190740440222,
        0.2689350455968639,
        0.03116698612700311,
        0.1274465162686908,
        0.06559251840676017,
        0.22723397929465355,
        0.2462368506475269,
        0.050787886906641044,
        0.0493417263632211,
        0.16870628938763776,
        0.04514489939573381,
        0.08226355615525227,
        0.0364510714615267,
        0.13220728019126166,
        0.08224408497346834,
        0.027005610433592453,
        0.1050791129342491,
        0.04866582849492721,
        0.03355878529675721
    ],
    "dividend_dir": [
        -1,
        -1,
        1,
        -1,
        -1,
        1,
        -1,
        -1,
        -1,
        -1,
        -1,
        1,
        1,
        -1,
        -1,
        1,
        1,
        -1,
        1,
        1,
        -1,
        -1,
        1
    ],
    "p_tree": [
        [
            null,
            0
        ],
        [
            0,
            1
        ],
        [
            0,
            2
        ],
        [
            0,
            3
        ],
        [
            1,
            4
        ],
        [
            1,
            5
        ],
        [
            3,
            6
        ],
        [
            3,
            7
        ],
        [
            4,
            8
        ],
        [
            4,
            9
        ],
        [
            4,
            10
        ],
        [
            5,
            11
        ],
        [
            5,
            12
        ],
        [
            5,
            13
        ],
        [
            7,
            14
        ],
        [
            7,
            15
        ],
        [
            13,
            16
        ],
        [
            13,
            17
        ],
        [
            15,
            18
        ],
        [
            17,
            19
        ],
        [
            17,
            20
        ],
        [
            18,
            21
        ],
        [
            18,
            22
        ]
    ]
}