{
    "guid": "1178708115035955201_twitter",
    "gt_cls": 0,
    "coalitions": [
        [
            "smh",
            "fuckin",
            "wit",
            "them",
            "white",
            "girls",
            "gon",
            "get",
            "u",
            "in",
            "jail",
            "bruh"
        ],
        [
            "smh",
            "fuckin"
        ],
        [
            "wit",
            "them",
            "white",
            "girls",
            "gon",
            "get",
            "u",
            "in",
            "jail",
            "bruh"
        ],
        [
            "smh"
        ],
        [
            "fuckin"
        ],
        [
            "wit"
        ],
        [
            "them"
        ],
        [
            "white",
            "girls",
            "gon",
            "get",
            "u",
            "in",
            "jail",
            "bruh"
        ],
        [
            "white",
            "girls"
        ],
        [
            "gon",
            "get",
            "u",
            "in",
            "jail",
            "bruh"
        ],
        [
            "white"
        ],
        [
            "girls"
        ],
        [
            "gon"
        ],
        [
            "get",
            "u",
            "in",
            "jail",
            "bruh"
        ],
        [
            "get"
        ],
        [
            "u"
        ],
        [
            "in",
            "jail"
        ],
        [
            "bruh"
        ],
        [
            "in"
        ],
        [
            "jail"
        ]
    ],
    "value_func": [
        1.0000000028149747,
        0.280327550539967,
        0.7195051371855655,
        0.10802487207265626,
        0.17178585437904215,
        0.0790990249353302,
        0.059693082879098455,
        0.5806081086268935,
        0.16806680445381084,
        0.41246110147947157,
        0.09270144748656164,
        0.07503729798054158,
        0.06210795402860034,
        0.35028277317933604,
        0.03276511809418596,
        0.053027156674621094,
        0.0896512372438879,
        0.1747478202547752,
        0.030365442631746536,
        0.059268516395431306
    ],
    "dividend_dir": [
        -1,
        -1,
        1,
        -1,
        -1,
        1,
        -1,
        1,
        1,
        -1,
        1,
        1,
        1,
        -1,
        1,
        -1,
        -1,
        -1,
        1,
        -1
    ],
    "p_tree": [
        [
            null,
            0
        ],
        [
            0,
            1
        ],
        [
            0,
            2
        ],
        [
            1,
            3
        ],
        [
            1,
            4
        ],
        [
            2,
            5
        ],
        [
            2,
            6
        ],
        [
            2,
            7
        ],
        [
            7,
            8
        ],
        [
            7,
            9
        ],
        [
            8,
            10
        ],
        [
            8,
            11
        ],
        [
            9,
            12
        ],
        [
            9,
            13
        ],
        [
            13,
            14
        ],
        [
            13,
            15
        ],
        [
            13,
            16
        ],
        [
            13,
            17
        ],
        [
            16,
            18
        ],
        [
            16,
            19
        ]
    ]
}