{
    "guid": "1178934864684470273_twitter",
    "gt_cls": 1,
    "coalitions": [
        [
            "<user>",
            "oh",
            "my",
            "the",
            "niggers",
            "gonna",
            "be",
            "pissed"
        ],
        [
            "<user>"
        ],
        [
            "oh"
        ],
        [
            "my",
            "the",
            "niggers",
            "gonna",
            "be",
            "pissed"
        ],
        [
            "my",
            "the",
            "niggers"
        ],
        [
            "gonna",
            "be",
            "pissed"
        ],
        [
            "my"
        ],
        [
            "the"
        ],
        [
            "niggers"
        ],
        [
            "gonna"
        ],
        [
            "be",
            "pissed"
        ],
        [
            "be"
        ],
        [
            "pissed"
        ]
    ],
    "value_func": [
        1.00000003803258,
        0.07111962303699819,
        0.08799257783887068,
        0.8394150407743365,
        0.6000018984487376,
        0.23791847671600855,
        0.06717868616495722,
        0.0670915204617706,
        0.46415092337228153,
        0.06992281893971879,
        0.16761210117356115,
        0.05533925708764765,
        0.11165521737497833
    ],
    "dividend_dir": [
        1,
        1,
        1,
        1,
        1,
        1,
        1,
        1,
        1,
        -1,
        1,
        1,
        1
    ],
    "p_tree": [
        [
            null,
            0
        ],
        [
            0,
            1
        ],
        [
            0,
            2
        ],
        [
            0,
            3
        ],
        [
            3,
            4
        ],
        [
            3,
            5
        ],
        [
            4,
            6
        ],
        [
            4,
            7
        ],
        [
            4,
            8
        ],
        [
            5,
            9
        ],
        [
            5,
            10
        ],
        [
            10,
            11
        ],
        [
            10,
            12
        ]
    ]
}