{
    "guid": "1178110624905224192_twitter",
    "gt_cls": 1,
    "coalitions": [
        [
            "shoutout",
            "to",
            "all",
            "the",
            "dykes",
            "out",
            "here",
            "still",
            "fucking",
            "niggas"
        ],
        [
            "shoutout",
            "to",
            "all",
            "the",
            "dykes",
            "out",
            "here"
        ],
        [
            "still"
        ],
        [
            "fucking",
            "niggas"
        ],
        [
            "shoutout"
        ],
        [
            "to",
            "all",
            "the",
            "dykes",
            "out",
            "here"
        ],
        [
            "fucking"
        ],
        [
            "niggas"
        ],
        [
            "to"
        ],
        [
            "all",
            "the",
            "dykes",
            "out",
            "here"
        ],
        [
            "all",
            "the",
            "dykes"
        ],
        [
            "out",
            "here"
        ],
        [
            "all"
        ],
        [
            "the"
        ],
        [
            "dykes"
        ],
        [
            "out"
        ],
        [
            "here"
        ]
    ],
    "value_func": [
        0.9999999747317924,
        0.5871826352433926,
        0.03811112993922039,
        0.37422372287571326,
        0.1365872748121007,
        0.45021834555393003,
        0.08778773558598844,
        0.28605901597823835,
        0.033683610820529404,
        0.4161866883907842,
        0.3255783653803716,
        0.09025025168956077,
        0.038412669165308666,
        0.04939409282661295,
        0.23750316647984604,
        0.04333174126366301,
        0.04667829754588389
    ],
    "dividend_dir": [
        1,
        1,
        -1,
        1,
        1,
        1,
        1,
        1,
        1,
        1,
        1,
        1,
        -1,
        -1,
        1,
        1,
        1
    ],
    "p_tree": [
        [
            null,
            0
        ],
        [
            0,
            1
        ],
        [
            0,
            2
        ],
        [
            0,
            3
        ],
        [
            1,
            4
        ],
        [
            1,
            5
        ],
        [
            3,
            6
        ],
        [
            3,
            7
        ],
        [
            5,
            8
        ],
        [
            5,
            9
        ],
        [
            9,
            10
        ],
        [
            9,
            11
        ],
        [
            10,
            12
        ],
        [
            10,
            13
        ],
        [
            10,
            14
        ],
        [
            11,
            15
        ],
        [
            11,
            16
        ]
    ]
}