{
    "guid": "1178695768976302080_twitter",
    "gt_cls": 0,
    "coalitions": [
        [
            "the",
            "mcu",
            "wants",
            "what",
            "disaster",
            "report",
            "by",
            "matthew",
            "del",
            "tubo",
            "has"
        ],
        [
            "the",
            "mcu"
        ],
        [
            "wants",
            "what",
            "disaster",
            "report",
            "by",
            "matthew",
            "del",
            "tubo",
            "has"
        ],
        [
            "the"
        ],
        [
            "mcu"
        ],
        [
            "wants"
        ],
        [
            "what",
            "disaster",
            "report",
            "by",
            "matthew",
            "del",
            "tubo",
            "has"
        ],
        [
            "what",
            "disaster",
            "report"
        ],
        [
            "by",
            "matthew",
            "del",
            "tubo",
            "has"
        ],
        [
            "what"
        ],
        [
            "disaster"
        ],
        [
            "report"
        ],
        [
            "by",
            "matthew",
            "del",
            "tubo"
        ],
        [
            "has"
        ],
        [
            "by"
        ],
        [
            "matthew",
            "del",
            "tubo"
        ],
        [
            "matthew"
        ],
        [
            "del"
        ],
        [
            "tubo"
        ]
    ],
    "value_func": [
        1.0000000148961719,
        0.23548703170084356,
        0.7636616504180731,
        0.05540061966825294,
        0.17956432063325245,
        0.07535108085343153,
        0.6876267858945939,
        0.3013606853358727,
        0.38553689218808224,
        0.08639644618072628,
        0.13291008414952812,
        0.08160378345263433,
        0.2954196221896763,
        0.0895430614561565,
        0.052081792456164726,
        0.24284145915303318,
        0.062518280412149,
        0.05463637492293333,
        0.12539289401638265
    ],
    "dividend_dir": [
        1,
        1,
        1,
        -1,
        1,
        -1,
        1,
        1,
        1,
        1,
        -1,
        1,
        1,
        1,
        1,
        1,
        1,
        1,
        1
    ],
    "p_tree": [
        [
            null,
            0
        ],
        [
            0,
            1
        ],
        [
            0,
            2
        ],
        [
            1,
            3
        ],
        [
            1,
            4
        ],
        [
            2,
            5
        ],
        [
            2,
            6
        ],
        [
            6,
            7
        ],
        [
            6,
            8
        ],
        [
            7,
            9
        ],
        [
            7,
            10
        ],
        [
            7,
            11
        ],
        [
            8,
            12
        ],
        [
            8,
            13
        ],
        [
            12,
            14
        ],
        [
            12,
            15
        ],
        [
            15,
            16
        ],
        [
            15,
            17
        ],
        [
            15,
            18
        ]
    ]
}