{
    "guid": "1178880011035664384_twitter",
    "gt_cls": 0,
    "coalitions": [
        [
            "you",
            "all",
            "taking",
            "harassment",
            "to",
            "another",
            "level",
            "out",
            "here"
        ],
        [
            "you",
            "all"
        ],
        [
            "taking",
            "harassment",
            "to",
            "another",
            "level",
            "out",
            "here"
        ],
        [
            "you"
        ],
        [
            "all"
        ],
        [
            "taking"
        ],
        [
            "harassment"
        ],
        [
            "to",
            "another",
            "level"
        ],
        [
            "out",
            "here"
        ],
        [
            "to"
        ],
        [
            "another",
            "level"
        ],
        [
            "out"
        ],
        [
            "here"
        ],
        [
            "another"
        ],
        [
            "level"
        ]
    ],
    "value_func": [
        1.0000000328503096,
        0.17182124593753537,
        0.8276276045566402,
        0.09195757705650273,
        0.07972106921603404,
        0.09492445882696676,
        0.23992488757619865,
        0.26975264738574933,
        0.22247604839372218,
        0.07312355983060757,
        0.1962262203541216,
        0.09273442163729122,
        0.12943041388696416,
        0.09235174626884969,
        0.10347582711215562
    ],
    "dividend_dir": [
        1,
        1,
        1,
        -1,
        1,
        1,
        1,
        1,
        -1,
        1,
        1,
        -1,
        -1,
        -1,
        1
    ],
    "p_tree": [
        [
            null,
            0
        ],
        [
            0,
            1
        ],
        [
            0,
            2
        ],
        [
            1,
            3
        ],
        [
            1,
            4
        ],
        [
            2,
            5
        ],
        [
            2,
            6
        ],
        [
            2,
            7
        ],
        [
            2,
            8
        ],
        [
            7,
            9
        ],
        [
            7,
            10
        ],
        [
            8,
            11
        ],
        [
            8,
            12
        ],
        [
            10,
            13
        ],
        [
            10,
            14
        ]
    ]
}