{
    "guid": "1178857659019202560_twitter",
    "gt_cls": 0,
    "coalitions": [
        [
            "i",
            "be",
            "under",
            "this",
            "nigga",
            "like",
            "he",
            "mine"
        ],
        [
            "i"
        ],
        [
            "be",
            "under",
            "this",
            "nigga",
            "like",
            "he",
            "mine"
        ],
        [
            "be"
        ],
        [
            "under",
            "this",
            "nigga",
            "like",
            "he"
        ],
        [
            "mine"
        ],
        [
            "under"
        ],
        [
            "this",
            "nigga",
            "like",
            "he"
        ],
        [
            "this",
            "nigga"
        ],
        [
            "like",
            "he"
        ],
        [
            "this"
        ],
        [
            "nigga"
        ],
        [
            "like"
        ],
        [
            "he"
        ]
    ],
    "value_func": [
        0.9999999949366626,
        0.07129978302740662,
        0.9281242893116339,
        0.07119533039767306,
        0.7750551927053331,
        0.08130518749696063,
        0.08893529335029111,
        0.6855937379460164,
        0.5058496251693113,
        0.1794106046027558,
        0.09445660550401574,
        0.4113085377939231,
        0.09701749944309787,
        0.08196182037331261
    ],
    "dividend_dir": [
        1,
        1,
        1,
        1,
        1,
        -1,
        1,
        1,
        1,
        1,
        1,
        1,
        -1,
        1
    ],
    "p_tree": [
        [
            null,
            0
        ],
        [
            0,
            1
        ],
        [
            0,
            2
        ],
        [
            2,
            3
        ],
        [
            2,
            4
        ],
        [
            2,
            5
        ],
        [
            4,
            6
        ],
        [
            4,
            7
        ],
        [
            7,
            8
        ],
        [
            7,
            9
        ],
        [
            8,
            10
        ],
        [
            8,
            11
        ],
        [
            9,
            12
        ],
        [
            9,
            13
        ]
    ]
}