{
    "guid": "1178094223444324352_twitter",
    "gt_cls": 1,
    "coalitions": [
        [
            "yadi",
            "is",
            "a",
            "fucking",
            "faggot"
        ],
        [
            "yadi"
        ],
        [
            "is",
            "a",
            "fucking",
            "faggot"
        ],
        [
            "is"
        ],
        [
            "a",
            "fucking",
            "faggot"
        ],
        [
            "a"
        ],
        [
            "fucking"
        ],
        [
            "faggot"
        ]
    ],
    "value_func": [
        1.0000000072222077,
        0.23828609867224065,
        0.7600270547443264,
        0.07195757719553506,
        0.686677461413113,
        0.07659853744423963,
        0.1568710861964551,
        0.45146361211805175
    ],
    "dividend_dir": [
        1,
        1,
        1,
        -1,
        1,
        1,
        1,
        1
    ],
    "p_tree": [
        [
            null,
            0
        ],
        [
            0,
            1
        ],
        [
            0,
            2
        ],
        [
            2,
            3
        ],
        [
            2,
            4
        ],
        [
            4,
            5
        ],
        [
            4,
            6
        ],
        [
            4,
            7
        ]
    ]
}