{
    "guid": "1178784070463045632_twitter",
    "gt_cls": 0,
    "coalitions": [
        [
            "everybody",
            "say",
            "dyke",
            "keep",
            "it",
            "goin"
        ],
        [
            "everybody"
        ],
        [
            "say",
            "dyke",
            "keep",
            "it",
            "goin"
        ],
        [
            "say"
        ],
        [
            "dyke",
            "keep",
            "it",
            "goin"
        ],
        [
            "dyke"
        ],
        [
            "keep",
            "it",
            "goin"
        ],
        [
            "keep"
        ],
        [
            "it"
        ],
        [
            "goin"
        ]
    ],
    "value_func": [
        0.9999999972179697,
        0.0983556194725324,
        0.9013119708357502,
        0.15418006210587348,
        0.7466392469491737,
        0.4350794252352957,
        0.31106695917192434,
        0.12792854812601342,
        0.0764224904482167,
        0.10653028155761324
    ],
    "dividend_dir": [
        -1,
        1,
        -1,
        -1,
        -1,
        -1,
        -1,
        -1,
        -1,
        -1
    ],
    "p_tree": [
        [
            null,
            0
        ],
        [
            0,
            1
        ],
        [
            0,
            2
        ],
        [
            2,
            3
        ],
        [
            2,
            4
        ],
        [
            4,
            5
        ],
        [
            4,
            6
        ],
        [
            6,
            7
        ],
        [
            6,
            8
        ],
        [
            6,
            9
        ]
    ]
}