{
    "guid": "1178830333246087169_twitter",
    "gt_cls": 0,
    "coalitions": [
        [
            "<user>",
            "so",
            "basically",
            "she",
            "saying",
            "amari",
            "dindu",
            "nuffin"
        ],
        [
            "<user>"
        ],
        [
            "so",
            "basically"
        ],
        [
            "she"
        ],
        [
            "saying",
            "amari",
            "dindu",
            "nuffin"
        ],
        [
            "so",
            "basically"
        ],
        [
            "saying"
        ],
        [
            "amari",
            "dindu",
            "nuffin"
        ],
        [
            "so"
        ],
        [
            "basically"
        ],
        [
            "amari",
            "dindu"
        ],
        [
            "nuffin"
        ],
        [
            "amari"
        ],
        [
            "dindu"
        ]
    ],
    "value_func": [
        1.0000000268698093,
        0.08841880524796064,
        0.1465519583988797,
        0.06371024218473559,
        0.7011813560732971,
        0.1465050862534494,
        0.08236664004846579,
        0.6187147315285255,
        0.06375169262909176,
        0.08270652147892736,
        0.4290683242165343,
        0.18952854574381747,
        0.2285684007621104,
        0.20030858815991445
    ],
    "dividend_dir": [
        1,
        1,
        -1,
        1,
        1,
        -1,
        1,
        -1,
        -1,
        -1,
        1,
        -1,
        1,
        -1
    ],
    "p_tree": [
        [
            null,
            0
        ],
        [
            0,
            1
        ],
        [
            0,
            2
        ],
        [
            0,
            3
        ],
        [
            0,
            4
        ],
        [
            2,
            5
        ],
        [
            4,
            6
        ],
        [
            4,
            7
        ],
        [
            5,
            8
        ],
        [
            5,
            9
        ],
        [
            7,
            10
        ],
        [
            7,
            11
        ],
        [
            10,
            12
        ],
        [
            10,
            13
        ]
    ]
}