{
    "guid": "1178787777078583296_twitter",
    "gt_cls": 0,
    "coalitions": [
        [
            "<user>",
            "i",
            "fucking",
            "hate",
            "you",
            "he",
            "mumbles",
            "looking",
            "up",
            "at",
            "him"
        ],
        [
            "<user>"
        ],
        [
            "i",
            "fucking"
        ],
        [
            "hate",
            "you",
            "he",
            "mumbles",
            "looking",
            "up",
            "at",
            "him"
        ],
        [
            "i"
        ],
        [
            "fucking"
        ],
        [
            "hate"
        ],
        [
            "you"
        ],
        [
            "he",
            "mumbles",
            "looking",
            "up",
            "at",
            "him"
        ],
        [
            "he",
            "mumbles",
            "looking",
            "up",
            "at",
            "him"
        ],
        [
            "he"
        ],
        [
            "mumbles",
            "looking",
            "up",
            "at",
            "him"
        ],
        [
            "mumbles"
        ],
        [
            "looking",
            "up",
            "at",
            "him"
        ],
        [
            "looking",
            "up",
            "at",
            "him"
        ],
        [
            "looking"
        ],
        [
            "up"
        ],
        [
            "at",
            "him"
        ],
        [
            "at"
        ],
        [
            "him"
        ]
    ],
    "value_func": [
        1.0000000174118546,
        0.0750036960416552,
        0.17665356431502832,
        0.7476591950679065,
        0.09546106978026908,
        0.08036967226894418,
        0.132406660790695,
        0.08638758485492251,
        0.5284934619696317,
        0.527909694734973,
        0.08071399138854501,
        0.44661193611176925,
        0.1680354656638078,
        0.27828634294396115,
        0.2780261157523014,
        0.062145460915600546,
        0.06426005655143771,
        0.1513603710936034,
        0.05949142619869665,
        0.0915847630225489
    ],
    "dividend_dir": [
        1,
        -1,
        1,
        1,
        1,
        -1,
        -1,
        -1,
        1,
        1,
        1,
        1,
        1,
        1,
        1,
        1,
        1,
        1,
        1,
        1
    ],
    "p_tree": [
        [
            null,
            0
        ],
        [
            0,
            1
        ],
        [
            0,
            2
        ],
        [
            0,
            3
        ],
        [
            2,
            4
        ],
        [
            2,
            5
        ],
        [
            3,
            6
        ],
        [
            3,
            7
        ],
        [
            3,
            8
        ],
        [
            8,
            9
        ],
        [
            9,
            10
        ],
        [
            9,
            11
        ],
        [
            11,
            12
        ],
        [
            11,
            13
        ],
        [
            13,
            14
        ],
        [
            14,
            15
        ],
        [
            14,
            16
        ],
        [
            14,
            17
        ],
        [
            17,
            18
        ],
        [
            17,
            19
        ]
    ]
}