{
    "guid": "1178965584488230913_twitter",
    "gt_cls": 1,
    "coalitions": [
        [
            "<user>",
            "he",
            "is",
            "infected",
            "with",
            "jihadi",
            "virus",
            "he1",
            "will",
            "spread",
            "it",
            "to",
            "others"
        ],
        [
            "<user>",
            "he",
            "is",
            "infected",
            "with",
            "jihadi",
            "virus"
        ],
        [
            "he1"
        ],
        [
            "will",
            "spread",
            "it",
            "to",
            "others"
        ],
        [
            "<user>"
        ],
        [
            "he",
            "is",
            "infected",
            "with",
            "jihadi",
            "virus"
        ],
        [
            "will"
        ],
        [
            "spread",
            "it",
            "to",
            "others"
        ],
        [
            "he",
            "is",
            "infected",
            "with",
            "jihadi",
            "virus"
        ],
        [
            "spread"
        ],
        [
            "it"
        ],
        [
            "to",
            "others"
        ],
        [
            "he"
        ],
        [
            "is",
            "infected",
            "with",
            "jihadi",
            "virus"
        ],
        [
            "to"
        ],
        [
            "others"
        ],
        [
            "is"
        ],
        [
            "infected",
            "with",
            "jihadi",
            "virus"
        ],
        [
            "infected"
        ],
        [
            "with",
            "jihadi",
            "virus"
        ],
        [
            "with"
        ],
        [
            "jihadi",
            "virus"
        ],
        [
            "jihadi"
        ],
        [
            "virus"
        ]
    ],
    "value_func": [
        1.0000000300076155,
        0.7755147072575435,
        0.03950758656891014,
        0.18468991304733853,
        0.05892254691858385,
        0.716327099936484,
        0.03708800305236897,
        0.14750889746011514,
        0.7160541065030958,
        0.047583244451492854,
        0.02929714510144491,
        0.07051163688434472,
        0.038855754717895305,
        0.6769253583518122,
        0.023075188263062825,
        0.04736576712459347,
        0.046345512532349746,
        0.6302491397667253,
        0.07629355942601117,
        0.5535205978669226,
        0.05154763572253138,
        0.5014760904081896,
        0.3942897759753038,
        0.10659801509036904
    ],
    "dividend_dir": [
        -1,
        -1,
        -1,
        -1,
        1,
        -1,
        1,
        -1,
        -1,
        -1,
        -1,
        -1,
        1,
        -1,
        -1,
        -1,
        1,
        -1,
        1,
        -1,
        1,
        -1,
        -1,
        -1
    ],
    "p_tree": [
        [
            null,
            0
        ],
        [
            0,
            1
        ],
        [
            0,
            2
        ],
        [
            0,
            3
        ],
        [
            1,
            4
        ],
        [
            1,
            5
        ],
        [
            3,
            6
        ],
        [
            3,
            7
        ],
        [
            5,
            8
        ],
        [
            7,
            9
        ],
        [
            7,
            10
        ],
        [
            7,
            11
        ],
        [
            8,
            12
        ],
        [
            8,
            13
        ],
        [
            11,
            14
        ],
        [
            11,
            15
        ],
        [
            13,
            16
        ],
        [
            13,
            17
        ],
        [
            17,
            18
        ],
        [
            17,
            19
        ],
        [
            19,
            20
        ],
        [
            19,
            21
        ],
        [
            21,
            22
        ],
        [
            21,
            23
        ]
    ]
}