{
    "guid": "1178780071252889602_twitter",
    "gt_cls": 0,
    "coalitions": [
        [
            "<user>",
            "your",
            "actually",
            "gonna",
            "get",
            "raped",
            "by",
            "bayern",
            "bro"
        ],
        [
            "<user>",
            "your",
            "actually",
            "gonna"
        ],
        [
            "get",
            "raped",
            "by",
            "bayern",
            "bro"
        ],
        [
            "<user>"
        ],
        [
            "your",
            "actually",
            "gonna"
        ],
        [
            "get"
        ],
        [
            "raped",
            "by",
            "bayern",
            "bro"
        ],
        [
            "your"
        ],
        [
            "actually",
            "gonna"
        ],
        [
            "raped"
        ],
        [
            "by",
            "bayern",
            "bro"
        ],
        [
            "actually"
        ],
        [
            "gonna"
        ],
        [
            "by"
        ],
        [
            "bayern",
            "bro"
        ],
        [
            "bayern"
        ],
        [
            "bro"
        ]
    ],
    "value_func": [
        1.0000000116327585,
        0.40548729269385414,
        0.59426088572638,
        0.14505500883905376,
        0.2603159646855148,
        0.07007542461926386,
        0.5239561217663218,
        0.09448122856415644,
        0.1658089793759684,
        0.14672523009971344,
        0.3771542373334236,
        0.07993883906104887,
        0.08557050918342084,
        0.06894216490526721,
        0.30806778866139745,
        0.20277098115607745,
        0.10493484952692175
    ],
    "dividend_dir": [
        1,
        1,
        1,
        1,
        -1,
        1,
        1,
        -1,
        1,
        1,
        -1,
        1,
        1,
        1,
        -1,
        -1,
        1
    ],
    "p_tree": [
        [
            null,
            0
        ],
        [
            0,
            1
        ],
        [
            0,
            2
        ],
        [
            1,
            3
        ],
        [
            1,
            4
        ],
        [
            2,
            5
        ],
        [
            2,
            6
        ],
        [
            4,
            7
        ],
        [
            4,
            8
        ],
        [
            6,
            9
        ],
        [
            6,
            10
        ],
        [
            8,
            11
        ],
        [
            8,
            12
        ],
        [
            10,
            13
        ],
        [
            10,
            14
        ],
        [
            14,
            15
        ],
        [
            14,
            16
        ]
    ]
}