{
    "guid": "1178899821392023552_twitter",
    "gt_cls": 0,
    "coalitions": [
        [
            "<user>",
            "yeah",
            "that",
            "was",
            "dope"
        ],
        [
            "<user>",
            "yeah"
        ],
        [
            "that"
        ],
        [
            "was",
            "dope"
        ],
        [
            "<user>"
        ],
        [
            "yeah"
        ],
        [
            "was"
        ],
        [
            "dope"
        ]
    ],
    "value_func": [
        0.9999999768338962,
        0.30178730907790224,
        0.14224563389585002,
        0.5554447913526461,
        0.15059208500191282,
        0.15069982521289216,
        0.1292047745842384,
        0.4260005447923916
    ],
    "dividend_dir": [
        1,
        1,
        1,
        1,
        1,
        1,
        1,
        -1
    ],
    "p_tree": [
        [
            null,
            0
        ],
        [
            0,
            1
        ],
        [
            0,
            2
        ],
        [
            0,
            3
        ],
        [
            1,
            4
        ],
        [
            1,
            5
        ],
        [
            3,
            6
        ],
        [
            3,
            7
        ]
    ]
}