{
    "guid": "1178844472869818368_twitter",
    "gt_cls": 0,
    "coalitions": [
        [
            "<user>",
            "the",
            "day",
            "our",
            "master",
            "brought",
            "home",
            "trailer",
            "trash"
        ],
        [
            "<user>"
        ],
        [
            "the",
            "day",
            "our",
            "master",
            "brought",
            "home",
            "trailer",
            "trash"
        ],
        [
            "the",
            "day"
        ],
        [
            "our",
            "master",
            "brought",
            "home",
            "trailer",
            "trash"
        ],
        [
            "the"
        ],
        [
            "day"
        ],
        [
            "our",
            "master",
            "brought",
            "home",
            "trailer",
            "trash"
        ],
        [
            "our",
            "master"
        ],
        [
            "brought",
            "home",
            "trailer",
            "trash"
        ],
        [
            "our"
        ],
        [
            "master"
        ],
        [
            "brought"
        ],
        [
            "home",
            "trailer",
            "trash"
        ],
        [
            "home"
        ],
        [
            "trailer"
        ],
        [
            "trash"
        ]
    ],
    "value_func": [
        0.999999992195124,
        0.07419240016436945,
        0.9257791338615852,
        0.15928696357429492,
        0.7664289069000102,
        0.07085770981399049,
        0.0883009406459373,
        0.766280652100335,
        0.19533667908395616,
        0.5707957182167037,
        0.08978454295784324,
        0.10544626056878305,
        0.08592608839981923,
        0.48461033396639536,
        0.08926574433638024,
        0.1888002561990413,
        0.20618313979305583
    ],
    "dividend_dir": [
        -1,
        1,
        -1,
        1,
        -1,
        1,
        -1,
        -1,
        1,
        -1,
        -1,
        1,
        1,
        -1,
        1,
        1,
        -1
    ],
    "p_tree": [
        [
            null,
            0
        ],
        [
            0,
            1
        ],
        [
            0,
            2
        ],
        [
            2,
            3
        ],
        [
            2,
            4
        ],
        [
            3,
            5
        ],
        [
            3,
            6
        ],
        [
            4,
            7
        ],
        [
            7,
            8
        ],
        [
            7,
            9
        ],
        [
            8,
            10
        ],
        [
            8,
            11
        ],
        [
            9,
            12
        ],
        [
            9,
            13
        ],
        [
            13,
            14
        ],
        [
            13,
            15
        ],
        [
            13,
            16
        ]
    ]
}