{
    "guid": "1178774072563511298_twitter",
    "gt_cls": 0,
    "coalitions": [
        [
            "ayo",
            "paging",
            "dr",
            "faggot",
            "got",
            "me",
            "crying",
            "😭",
            "😭1",
            "😭2",
            "😭3",
            "😭4",
            "😭5",
            "😭6"
        ],
        [
            "ayo",
            "paging",
            "dr",
            "faggot"
        ],
        [
            "got",
            "me",
            "crying",
            "😭",
            "😭1",
            "😭2",
            "😭3",
            "😭4",
            "😭5",
            "😭6"
        ],
        [
            "ayo",
            "paging"
        ],
        [
            "dr"
        ],
        [
            "faggot"
        ],
        [
            "got"
        ],
        [
            "me"
        ],
        [
            "crying",
            "😭",
            "😭1",
            "😭2",
            "😭3",
            "😭4",
            "😭5",
            "😭6"
        ],
        [
            "ayo"
        ],
        [
            "paging"
        ],
        [
            "crying"
        ],
        [
            "😭",
            "😭1",
            "😭2",
            "😭3",
            "😭4",
            "😭5",
            "😭6"
        ],
        [
            "😭"
        ],
        [
            "😭1"
        ],
        [
            "😭2"
        ],
        [
            "😭3"
        ],
        [
            "😭4"
        ],
        [
            "😭5"
        ],
        [
            "😭6"
        ]
    ],
    "value_func": [
        1.0000000067835155,
        0.5615732916117047,
        0.43833292038908894,
        0.22016560729863968,
        0.0906006256864623,
        0.250604357437588,
        0.033467002606483866,
        0.030198611740968547,
        0.3745336411644704,
        0.0811890664365368,
        0.1389492784787205,
        0.031197968122235707,
        0.34332051446101414,
        0.039762675917292135,
        0.07366186233548536,
        0.0441207914538575,
        0.04312800972329894,
        0.04851194761019428,
        0.05230444424105805,
        0.041821792099016694
    ],
    "dividend_dir": [
        -1,
        -1,
        1,
        -1,
        1,
        -1,
        1,
        1,
        -1,
        -1,
        1,
        -1,
        -1,
        1,
        -1,
        1,
        -1,
        1,
        -1,
        1
    ],
    "p_tree": [
        [
            null,
            0
        ],
        [
            0,
            1
        ],
        [
            0,
            2
        ],
        [
            1,
            3
        ],
        [
            1,
            4
        ],
        [
            1,
            5
        ],
        [
            2,
            6
        ],
        [
            2,
            7
        ],
        [
            2,
            8
        ],
        [
            3,
            9
        ],
        [
            3,
            10
        ],
        [
            8,
            11
        ],
        [
            8,
            12
        ],
        [
            12,
            13
        ],
        [
            12,
            14
        ],
        [
            12,
            15
        ],
        [
            12,
            16
        ],
        [
            12,
            17
        ],
        [
            12,
            18
        ],
        [
            12,
            19
        ]
    ]
}