{
    "guid": "1178948001655599109_twitter",
    "gt_cls": 0,
    "coalitions": [
        [
            "a",
            "plain",
            "white",
            "boy",
            "running",
            "from",
            "demons",
            "to",
            "escape",
            "white1",
            "privlege"
        ],
        [
            "a",
            "plain",
            "white",
            "boy"
        ],
        [
            "running",
            "from",
            "demons",
            "to",
            "escape",
            "white1",
            "privlege"
        ],
        [
            "a"
        ],
        [
            "plain"
        ],
        [
            "white"
        ],
        [
            "boy"
        ],
        [
            "running"
        ],
        [
            "from",
            "demons"
        ],
        [
            "to",
            "escape",
            "white1",
            "privlege"
        ],
        [
            "from"
        ],
        [
            "demons"
        ],
        [
            "to",
            "escape",
            "white1",
            "privlege"
        ],
        [
            "to"
        ],
        [
            "escape",
            "white1",
            "privlege"
        ],
        [
            "escape"
        ],
        [
            "white1",
            "privlege"
        ],
        [
            "white1"
        ],
        [
            "privlege"
        ]
    ],
    "value_func": [
        0.9999999926149441,
        0.28341346417618957,
        0.7165524379446339,
        0.04420215396256612,
        0.07826691322010539,
        0.07796731886359967,
        0.0828594596892589,
        0.049718228072056246,
        0.13071248010774178,
        0.5360879110175009,
        0.03267541809369279,
        0.09782349324442736,
        0.5359981805460797,
        0.03732726102279575,
        0.4985811890518629,
        0.07859440449974467,
        0.419887773092812,
        0.08117117509711315,
        0.33860718926596284
    ],
    "dividend_dir": [
        1,
        1,
        -1,
        -1,
        1,
        1,
        -1,
        -1,
        -1,
        1,
        -1,
        -1,
        1,
        -1,
        1,
        -1,
        1,
        1,
        -1
    ],
    "p_tree": [
        [
            null,
            0
        ],
        [
            0,
            1
        ],
        [
            0,
            2
        ],
        [
            1,
            3
        ],
        [
            1,
            4
        ],
        [
            1,
            5
        ],
        [
            1,
            6
        ],
        [
            2,
            7
        ],
        [
            2,
            8
        ],
        [
            2,
            9
        ],
        [
            8,
            10
        ],
        [
            8,
            11
        ],
        [
            9,
            12
        ],
        [
            12,
            13
        ],
        [
            12,
            14
        ],
        [
            14,
            15
        ],
        [
            14,
            16
        ],
        [
            16,
            17
        ],
        [
            16,
            18
        ]
    ]
}