{
    "guid": "1178903237375606785_twitter",
    "gt_cls": 0,
    "coalitions": [
        [
            "my",
            "gay",
            "ass",
            "cant",
            "take",
            "this",
            "anymore"
        ],
        [
            "my",
            "gay",
            "ass"
        ],
        [
            "cant",
            "take",
            "this",
            "anymore"
        ],
        [
            "my"
        ],
        [
            "gay"
        ],
        [
            "ass"
        ],
        [
            "cant"
        ],
        [
            "take",
            "this",
            "anymore"
        ],
        [
            "take"
        ],
        [
            "this"
        ],
        [
            "anymore"
        ]
    ],
    "value_func": [
        1.0000000170951695,
        0.5554834863961774,
        0.444059278931217,
        0.13319153534555989,
        0.2465486696479946,
        0.1754309926192472,
        0.19076302350098837,
        0.25296001918057204,
        0.08755562154949474,
        0.07998130469988636,
        0.08503448388588608
    ],
    "dividend_dir": [
        1,
        1,
        1,
        1,
        -1,
        1,
        1,
        1,
        1,
        1,
        -1
    ],
    "p_tree": [
        [
            null,
            0
        ],
        [
            0,
            1
        ],
        [
            0,
            2
        ],
        [
            1,
            3
        ],
        [
            1,
            4
        ],
        [
            1,
            5
        ],
        [
            2,
            6
        ],
        [
            2,
            7
        ],
        [
            7,
            8
        ],
        [
            7,
            9
        ],
        [
            7,
            10
        ]
    ]
}