{
    "guid": "1178530577206644737_twitter",
    "gt_cls": 0,
    "coalitions": [
        [
            "<user>",
            "dm",
            "me"
        ],
        [
            "<user>"
        ],
        [
            "dm"
        ],
        [
            "me"
        ]
    ],
    "value_func": [
        1.0000000009420482,
        0.23026906642425637,
        0.49780326446841244,
        0.2712096727561011
    ],
    "dividend_dir": [
        1,
        -1,
        1,
        1
    ],
    "p_tree": [
        [
            null,
            0
        ],
        [
            0,
            1
        ],
        [
            0,
            2
        ],
        [
            0,
            3
        ]
    ]
}