{
    "guid": "1178666226702270464_twitter",
    "gt_cls": 0,
    "coalitions": [
        [
            "<user>",
            "respect",
            "the",
            "based",
            "nigress",
            "😤",
            "he",
            "would",
            "be",
            "nothing",
            "without",
            "her"
        ],
        [
            "<user>"
        ],
        [
            "respect",
            "the",
            "based",
            "nigress",
            "😤",
            "he",
            "would",
            "be",
            "nothing",
            "without",
            "her"
        ],
        [
            "respect"
        ],
        [
            "the",
            "based",
            "nigress"
        ],
        [
            "😤",
            "he",
            "would",
            "be",
            "nothing",
            "without",
            "her"
        ],
        [
            "the"
        ],
        [
            "based"
        ],
        [
            "nigress"
        ],
        [
            "😤"
        ],
        [
            "he",
            "would",
            "be",
            "nothing",
            "without",
            "her"
        ],
        [
            "he"
        ],
        [
            "would",
            "be",
            "nothing",
            "without",
            "her"
        ],
        [
            "would"
        ],
        [
            "be",
            "nothing",
            "without",
            "her"
        ],
        [
            "be"
        ],
        [
            "nothing",
            "without",
            "her"
        ],
        [
            "nothing"
        ],
        [
            "without",
            "her"
        ],
        [
            "without"
        ],
        [
            "her"
        ]
    ],
    "value_func": [
        1.0000000018318973,
        0.06434246370785034,
        0.9350047013808637,
        0.07391367678045675,
        0.5828662667531108,
        0.27759645862306126,
        0.049878369474050256,
        0.09056273933971755,
        0.44192852741881045,
        0.06476596924746442,
        0.21258141044297066,
        0.041404186566102216,
        0.17090565000509014,
        0.02985525601835706,
        0.14088510817993818,
        0.023722718703530668,
        0.11698729050454164,
        0.04025826346191985,
        0.07652825467553985,
        0.03465807950378037,
        0.041757664389956047
    ],
    "dividend_dir": [
        1,
        1,
        1,
        1,
        1,
        1,
        1,
        1,
        1,
        -1,
        1,
        1,
        1,
        1,
        1,
        1,
        1,
        1,
        1,
        1,
        -1
    ],
    "p_tree": [
        [
            null,
            0
        ],
        [
            0,
            1
        ],
        [
            0,
            2
        ],
        [
            2,
            3
        ],
        [
            2,
            4
        ],
        [
            2,
            5
        ],
        [
            4,
            6
        ],
        [
            4,
            7
        ],
        [
            4,
            8
        ],
        [
            5,
            9
        ],
        [
            5,
            10
        ],
        [
            10,
            11
        ],
        [
            10,
            12
        ],
        [
            12,
            13
        ],
        [
            12,
            14
        ],
        [
            14,
            15
        ],
        [
            14,
            16
        ],
        [
            16,
            17
        ],
        [
            16,
            18
        ],
        [
            18,
            19
        ],
        [
            18,
            20
        ]
    ]
}