{
    "guid": "1178454688716460033_twitter",
    "gt_cls": 1,
    "coalitions": [
        [
            "ugh",
            "all",
            "the",
            "niggers",
            "are",
            "back",
            "on",
            "campus"
        ],
        [
            "ugh"
        ],
        [
            "all",
            "the",
            "niggers"
        ],
        [
            "are",
            "back",
            "on",
            "campus"
        ],
        [
            "all"
        ],
        [
            "the"
        ],
        [
            "niggers"
        ],
        [
            "are"
        ],
        [
            "back"
        ],
        [
            "on",
            "campus"
        ],
        [
            "on"
        ],
        [
            "campus"
        ]
    ],
    "value_func": [
        1.0000000086632561,
        0.16896268638084797,
        0.5903864032563524,
        0.2393635889169893,
        0.05867688874083074,
        0.06582795715866704,
        0.4641306867910952,
        0.05259803102767464,
        0.05613191413491434,
        0.13062526630211982,
        0.050647631378982316,
        0.07996346793522392
    ],
    "dividend_dir": [
        1,
        1,
        1,
        1,
        1,
        1,
        1,
        -1,
        1,
        -1,
        -1,
        1
    ],
    "p_tree": [
        [
            null,
            0
        ],
        [
            0,
            1
        ],
        [
            0,
            2
        ],
        [
            0,
            3
        ],
        [
            2,
            4
        ],
        [
            2,
            5
        ],
        [
            2,
            6
        ],
        [
            3,
            7
        ],
        [
            3,
            8
        ],
        [
            3,
            9
        ],
        [
            9,
            10
        ],
        [
            9,
            11
        ]
    ]
}