{
    "guid": "1178190727987118080_twitter",
    "gt_cls": 0,
    "coalitions": [
        [
            "bruhh",
            "their",
            "outfits",
            "for",
            "kcon",
            "are",
            "all",
            "white",
            "yes",
            "it",
            "suits",
            "them",
            "🤙",
            "❤"
        ],
        [
            "bruhh",
            "their",
            "outfits",
            "for",
            "kcon"
        ],
        [
            "are",
            "all",
            "white",
            "yes"
        ],
        [
            "it"
        ],
        [
            "suits",
            "them",
            "🤙"
        ],
        [
            "❤"
        ],
        [
            "bruhh"
        ],
        [
            "their",
            "outfits",
            "for",
            "kcon"
        ],
        [
            "are"
        ],
        [
            "all",
            "white",
            "yes"
        ],
        [
            "suits"
        ],
        [
            "them"
        ],
        [
            "🤙"
        ],
        [
            "their",
            "outfits"
        ],
        [
            "for",
            "kcon"
        ],
        [
            "all"
        ],
        [
            "white"
        ],
        [
            "yes"
        ],
        [
            "their"
        ],
        [
            "outfits"
        ],
        [
            "for"
        ],
        [
            "kcon"
        ]
    ],
    "value_func": [
        1.0000000188062634,
        0.5085688834619665,
        0.20655233901439024,
        0.0435472164632851,
        0.1617224351506629,
        0.07907860409433959,
        0.17736209701259106,
        0.33080249177281557,
        0.042861492398165696,
        0.16341400395425992,
        0.05090789295735903,
        0.05238909656888279,
        0.05830434731644561,
        0.14052725360057275,
        0.18983591132537478,
        0.04587226854256686,
        0.06615763914268605,
        0.05118336875723913,
        0.06202561681712878,
        0.07821183485844463,
        0.051315751444691714,
        0.13818828603174385
    ],
    "dividend_dir": [
        1,
        1,
        1,
        1,
        1,
        -1,
        1,
        1,
        1,
        1,
        -1,
        1,
        1,
        1,
        1,
        1,
        1,
        -1,
        1,
        1,
        1,
        1
    ],
    "p_tree": [
        [
            null,
            0
        ],
        [
            0,
            1
        ],
        [
            0,
            2
        ],
        [
            0,
            3
        ],
        [
            0,
            4
        ],
        [
            0,
            5
        ],
        [
            1,
            6
        ],
        [
            1,
            7
        ],
        [
            2,
            8
        ],
        [
            2,
            9
        ],
        [
            4,
            10
        ],
        [
            4,
            11
        ],
        [
            4,
            12
        ],
        [
            7,
            13
        ],
        [
            7,
            14
        ],
        [
            9,
            15
        ],
        [
            9,
            16
        ],
        [
            9,
            17
        ],
        [
            13,
            18
        ],
        [
            13,
            19
        ],
        [
            14,
            20
        ],
        [
            14,
            21
        ]
    ]
}