{
    "guid": "1178276990559801344_twitter",
    "gt_cls": 1,
    "coalitions": [
        [
            "edgy",
            "gg",
            "stans",
            "think",
            "being",
            "racist",
            "is",
            "ok",
            "i",
            "hate",
            "faggots"
        ],
        [
            "edgy",
            "gg",
            "stans"
        ],
        [
            "think",
            "being",
            "racist"
        ],
        [
            "is",
            "ok",
            "i",
            "hate",
            "faggots"
        ],
        [
            "edgy"
        ],
        [
            "gg"
        ],
        [
            "stans"
        ],
        [
            "think"
        ],
        [
            "being",
            "racist"
        ],
        [
            "is"
        ],
        [
            "ok",
            "i",
            "hate",
            "faggots"
        ],
        [
            "being",
            "racist"
        ],
        [
            "ok"
        ],
        [
            "i",
            "hate",
            "faggots"
        ],
        [
            "being"
        ],
        [
            "racist"
        ],
        [
            "i",
            "hate",
            "faggots"
        ],
        [
            "i"
        ],
        [
            "hate",
            "faggots"
        ],
        [
            "hate"
        ],
        [
            "faggots"
        ]
    ],
    "value_func": [
        1.0000000014355919,
        0.41911601492565437,
        0.1408656787909167,
        0.43923122311840207,
        0.14887997206689366,
        0.10365599289465448,
        0.1663859150629077,
        0.05118334849228143,
        0.08952963223153182,
        0.037817993531148474,
        0.4005064705848023,
        0.08951284705054079,
        0.04353017040990349,
        0.35598617045642456,
        0.035224949907461556,
        0.054271111962088205,
        0.3549799149952253,
        0.0422232232387284,
        0.31175043629529764,
        0.06459289580025927,
        0.2461498440716468
    ],
    "dividend_dir": [
        1,
        1,
        1,
        1,
        1,
        1,
        1,
        1,
        -1,
        -1,
        1,
        -1,
        1,
        1,
        -1,
        1,
        1,
        1,
        1,
        1,
        1
    ],
    "p_tree": [
        [
            null,
            0
        ],
        [
            0,
            1
        ],
        [
            0,
            2
        ],
        [
            0,
            3
        ],
        [
            1,
            4
        ],
        [
            1,
            5
        ],
        [
            1,
            6
        ],
        [
            2,
            7
        ],
        [
            2,
            8
        ],
        [
            3,
            9
        ],
        [
            3,
            10
        ],
        [
            8,
            11
        ],
        [
            10,
            12
        ],
        [
            10,
            13
        ],
        [
            11,
            14
        ],
        [
            11,
            15
        ],
        [
            13,
            16
        ],
        [
            16,
            17
        ],
        [
            16,
            18
        ],
        [
            18,
            19
        ],
        [
            18,
            20
        ]
    ]
}