{
    "guid": "1178556707720613888_twitter",
    "gt_cls": 0,
    "coalitions": [
        [
            "<user>",
            "no",
            "he",
            "was",
            "some",
            "porch",
            "monkey",
            "who",
            "got",
            "shot",
            "by",
            "a",
            "mexican"
        ],
        [
            "<user>"
        ],
        [
            "no"
        ],
        [
            "he"
        ],
        [
            "was",
            "some",
            "porch",
            "monkey",
            "who",
            "got",
            "shot",
            "by",
            "a",
            "mexican"
        ],
        [
            "was"
        ],
        [
            "some",
            "porch",
            "monkey",
            "who",
            "got",
            "shot",
            "by",
            "a",
            "mexican"
        ],
        [
            "some",
            "porch",
            "monkey"
        ],
        [
            "who",
            "got",
            "shot",
            "by",
            "a",
            "mexican"
        ],
        [
            "some"
        ],
        [
            "porch"
        ],
        [
            "monkey"
        ],
        [
            "who"
        ],
        [
            "got",
            "shot",
            "by",
            "a",
            "mexican"
        ],
        [
            "got",
            "shot",
            "by",
            "a",
            "mexican"
        ],
        [
            "got"
        ],
        [
            "shot",
            "by",
            "a",
            "mexican"
        ],
        [
            "shot"
        ],
        [
            "by",
            "a",
            "mexican"
        ],
        [
            "by"
        ],
        [
            "a",
            "mexican"
        ],
        [
            "a"
        ],
        [
            "mexican"
        ]
    ],
    "value_func": [
        0.9999999968694605,
        0.07275880577647695,
        0.059514595719673685,
        0.043633262187626365,
        0.8237505117011084,
        0.0447174724276383,
        0.7787992912852761,
        0.44930174853127014,
        0.3292470463949135,
        0.0647546739308761,
        0.21429522518259314,
        0.17018479257773308,
        0.04650052267419576,
        0.2824897047977918,
        0.28222786543549916,
        0.04371415554576268,
        0.23825187052744384,
        0.05956538316311306,
        0.17843675358587874,
        0.032279169126518834,
        0.14591175239832085,
        0.038254381483376725,
        0.10737236240829344
    ],
    "dividend_dir": [
        -1,
        -1,
        -1,
        -1,
        -1,
        1,
        -1,
        -1,
        -1,
        1,
        -1,
        -1,
        -1,
        -1,
        -1,
        -1,
        -1,
        -1,
        -1,
        -1,
        -1,
        -1,
        -1
    ],
    "p_tree": [
        [
            null,
            0
        ],
        [
            0,
            1
        ],
        [
            0,
            2
        ],
        [
            0,
            3
        ],
        [
            0,
            4
        ],
        [
            4,
            5
        ],
        [
            4,
            6
        ],
        [
            6,
            7
        ],
        [
            6,
            8
        ],
        [
            7,
            9
        ],
        [
            7,
            10
        ],
        [
            7,
            11
        ],
        [
            8,
            12
        ],
        [
            8,
            13
        ],
        [
            13,
            14
        ],
        [
            14,
            15
        ],
        [
            14,
            16
        ],
        [
            16,
            17
        ],
        [
            16,
            18
        ],
        [
            18,
            19
        ],
        [
            18,
            20
        ],
        [
            20,
            21
        ],
        [
            20,
            22
        ]
    ]
}