{
    "guid": "1178992429485047808_twitter",
    "gt_cls": 0,
    "coalitions": [
        [
            "<user>",
            "he",
            "dindu",
            "nuffin",
            "and",
            "the",
            "po",
            "po1",
            "done",
            "shot",
            "him"
        ],
        [
            "<user>",
            "he",
            "dindu",
            "nuffin",
            "and",
            "the",
            "po",
            "po1",
            "done"
        ],
        [
            "shot"
        ],
        [
            "him"
        ],
        [
            "<user>"
        ],
        [
            "he",
            "dindu",
            "nuffin",
            "and",
            "the",
            "po",
            "po1",
            "done"
        ],
        [
            "he",
            "dindu",
            "nuffin"
        ],
        [
            "and"
        ],
        [
            "the",
            "po",
            "po1",
            "done"
        ],
        [
            "he"
        ],
        [
            "dindu",
            "nuffin"
        ],
        [
            "the",
            "po",
            "po1"
        ],
        [
            "done"
        ],
        [
            "dindu"
        ],
        [
            "nuffin"
        ],
        [
            "the"
        ],
        [
            "po"
        ],
        [
            "po1"
        ]
    ],
    "value_func": [
        1.000000013823844,
        0.8542800770002683,
        0.09304791536676577,
        0.052609719850204496,
        0.05143924671983674,
        0.8027517215566256,
        0.4724949958707572,
        0.041534178889198005,
        0.288644331471109,
        0.045233918142118884,
        0.4270259247709716,
        0.2129035165022778,
        0.07566629325584123,
        0.20159046627092936,
        0.22511594361444845,
        0.04587220207645511,
        0.08595684770939653,
        0.081060117312621
    ],
    "dividend_dir": [
        1,
        -1,
        1,
        1,
        -1,
        -1,
        -1,
        1,
        1,
        1,
        -1,
        1,
        1,
        -1,
        -1,
        1,
        1,
        -1
    ],
    "p_tree": [
        [
            null,
            0
        ],
        [
            0,
            1
        ],
        [
            0,
            2
        ],
        [
            0,
            3
        ],
        [
            1,
            4
        ],
        [
            1,
            5
        ],
        [
            5,
            6
        ],
        [
            5,
            7
        ],
        [
            5,
            8
        ],
        [
            6,
            9
        ],
        [
            6,
            10
        ],
        [
            8,
            11
        ],
        [
            8,
            12
        ],
        [
            10,
            13
        ],
        [
            10,
            14
        ],
        [
            11,
            15
        ],
        [
            11,
            16
        ],
        [
            11,
            17
        ]
    ]
}