{
    "guid": "1178285709964316679_twitter",
    "gt_cls": 0,
    "coalitions": [
        [
            "<user>",
            "<user>1",
            "<user>2",
            "bring",
            "your",
            "canoe"
        ],
        [
            "<user>",
            "<user>1",
            "<user>2"
        ],
        [
            "bring",
            "your",
            "canoe"
        ],
        [
            "<user>"
        ],
        [
            "<user>1"
        ],
        [
            "<user>2"
        ],
        [
            "bring"
        ],
        [
            "your",
            "canoe"
        ],
        [
            "your"
        ],
        [
            "canoe"
        ]
    ],
    "value_func": [
        1.0000000454964486,
        0.5397441298067491,
        0.459587823550669,
        0.15426402353930968,
        0.2166546178664417,
        0.16845005646709382,
        0.131804814341809,
        0.32720774699344696,
        0.13164804450120232,
        0.19522700236799137
    ],
    "dividend_dir": [
        1,
        1,
        1,
        1,
        1,
        1,
        1,
        1,
        1,
        -1
    ],
    "p_tree": [
        [
            null,
            0
        ],
        [
            0,
            1
        ],
        [
            0,
            2
        ],
        [
            1,
            3
        ],
        [
            1,
            4
        ],
        [
            1,
            5
        ],
        [
            2,
            6
        ],
        [
            2,
            7
        ],
        [
            7,
            8
        ],
        [
            7,
            9
        ]
    ]
}