{
    "guid": "1178894690722054145_twitter",
    "gt_cls": 0,
    "coalitions": [
        [
            "real",
            "street",
            "nigga",
            "ain",
            "t",
            "get",
            "nothing",
            "but",
            "some",
            "pain",
            "from",
            "it"
        ],
        [
            "real",
            "street",
            "nigga",
            "ain"
        ],
        [
            "t",
            "get",
            "nothing",
            "but",
            "some",
            "pain",
            "from",
            "it"
        ],
        [
            "real"
        ],
        [
            "street",
            "nigga"
        ],
        [
            "ain"
        ],
        [
            "t"
        ],
        [
            "get",
            "nothing",
            "but",
            "some",
            "pain",
            "from",
            "it"
        ],
        [
            "street"
        ],
        [
            "nigga"
        ],
        [
            "get"
        ],
        [
            "nothing",
            "but",
            "some",
            "pain"
        ],
        [
            "from",
            "it"
        ],
        [
            "nothing"
        ],
        [
            "but",
            "some",
            "pain"
        ],
        [
            "from"
        ],
        [
            "it"
        ],
        [
            "but"
        ],
        [
            "some",
            "pain"
        ],
        [
            "some"
        ],
        [
            "pain"
        ]
    ],
    "value_func": [
        1.000000006273247,
        0.6602141561419916,
        0.3394955837895031,
        0.07427619214196385,
        0.5014047975471053,
        0.08446428738248388,
        0.04224222780392083,
        0.29682293082883493,
        0.11896759046499565,
        0.38236386018836643,
        0.04309228778293813,
        0.17084353584624032,
        0.0824933556567362,
        0.04041498391521713,
        0.13016419798148735,
        0.03676883589934178,
        0.04534422374320243,
        0.0322001612001437,
        0.09762933047292423,
        0.037443418961305694,
        0.05992735728338656
    ],
    "dividend_dir": [
        1,
        -1,
        1,
        -1,
        1,
        1,
        1,
        1,
        1,
        1,
        -1,
        1,
        1,
        -1,
        1,
        1,
        1,
        1,
        1,
        1,
        1
    ],
    "p_tree": [
        [
            null,
            0
        ],
        [
            0,
            1
        ],
        [
            0,
            2
        ],
        [
            1,
            3
        ],
        [
            1,
            4
        ],
        [
            1,
            5
        ],
        [
            2,
            6
        ],
        [
            2,
            7
        ],
        [
            4,
            8
        ],
        [
            4,
            9
        ],
        [
            7,
            10
        ],
        [
            7,
            11
        ],
        [
            7,
            12
        ],
        [
            11,
            13
        ],
        [
            11,
            14
        ],
        [
            12,
            15
        ],
        [
            12,
            16
        ],
        [
            14,
            17
        ],
        [
            14,
            18
        ],
        [
            18,
            19
        ],
        [
            18,
            20
        ]
    ]
}