{
    "guid": "1178839028776484864_twitter",
    "gt_cls": 0,
    "coalitions": [
        [
            "<user>",
            "ah",
            "man",
            "i",
            "fucking",
            "hate",
            "you",
            "so",
            "much"
        ],
        [
            "<user>",
            "ah",
            "man"
        ],
        [
            "i",
            "fucking",
            "hate",
            "you",
            "so",
            "much"
        ],
        [
            "<user>"
        ],
        [
            "ah"
        ],
        [
            "man"
        ],
        [
            "i",
            "fucking"
        ],
        [
            "hate",
            "you",
            "so",
            "much"
        ],
        [
            "i"
        ],
        [
            "fucking"
        ],
        [
            "hate"
        ],
        [
            "you"
        ],
        [
            "so",
            "much"
        ],
        [
            "so"
        ],
        [
            "much"
        ]
    ],
    "value_func": [
        1.0000000231221295,
        0.38674264049236073,
        0.6129238893287575,
        0.09983358926136188,
        0.15446298194138544,
        0.13218847239297443,
        0.20704371063578308,
        0.405646398690934,
        0.08843725330721669,
        0.11855085069066533,
        0.17527738166715998,
        0.08762645541056667,
        0.1424167541000267,
        0.0608445252903361,
        0.0810004335210431
    ],
    "dividend_dir": [
        1,
        1,
        1,
        1,
        1,
        1,
        -1,
        1,
        1,
        -1,
        -1,
        1,
        1,
        1,
        1
    ],
    "p_tree": [
        [
            null,
            0
        ],
        [
            0,
            1
        ],
        [
            0,
            2
        ],
        [
            1,
            3
        ],
        [
            1,
            4
        ],
        [
            1,
            5
        ],
        [
            2,
            6
        ],
        [
            2,
            7
        ],
        [
            6,
            8
        ],
        [
            6,
            9
        ],
        [
            7,
            10
        ],
        [
            7,
            11
        ],
        [
            7,
            12
        ],
        [
            12,
            13
        ],
        [
            12,
            14
        ]
    ]
}