{
    "guid": "1178899984038682625_twitter",
    "gt_cls": 0,
    "coalitions": [
        [
            "women",
            "be",
            "so",
            "aggressive",
            "when",
            "they",
            "are",
            "horny"
        ],
        [
            "women"
        ],
        [
            "be",
            "so",
            "aggressive",
            "when",
            "they",
            "are",
            "horny"
        ],
        [
            "be"
        ],
        [
            "so",
            "aggressive"
        ],
        [
            "when",
            "they",
            "are",
            "horny"
        ],
        [
            "so"
        ],
        [
            "aggressive"
        ],
        [
            "when"
        ],
        [
            "they",
            "are",
            "horny"
        ],
        [
            "they"
        ],
        [
            "are",
            "horny"
        ],
        [
            "are"
        ],
        [
            "horny"
        ]
    ],
    "value_func": [
        1.000000021504664,
        0.18331076343372127,
        0.8163681010780536,
        0.08641750938650175,
        0.25016229468925505,
        0.47925210284157166,
        0.08116818510537528,
        0.16866403393384666,
        0.06370490059351254,
        0.41532856882411595,
        0.06146928306027906,
        0.3536290225157687,
        0.07335395794487636,
        0.2800523860989605
    ],
    "dividend_dir": [
        1,
        -1,
        1,
        1,
        1,
        1,
        1,
        -1,
        1,
        1,
        1,
        1,
        1,
        1
    ],
    "p_tree": [
        [
            null,
            0
        ],
        [
            0,
            1
        ],
        [
            0,
            2
        ],
        [
            2,
            3
        ],
        [
            2,
            4
        ],
        [
            2,
            5
        ],
        [
            4,
            6
        ],
        [
            4,
            7
        ],
        [
            5,
            8
        ],
        [
            5,
            9
        ],
        [
            9,
            10
        ],
        [
            9,
            11
        ],
        [
            11,
            12
        ],
        [
            11,
            13
        ]
    ]
}