{
    "guid": "1178757718791905280_twitter",
    "gt_cls": 0,
    "coalitions": [
        [
            "<user>",
            "same",
            "with",
            "arabs",
            "loll",
            "im",
            "arab",
            "but",
            "white",
            "af"
        ],
        [
            "<user>",
            "same",
            "with",
            "arabs"
        ],
        [
            "loll",
            "im",
            "arab",
            "but",
            "white",
            "af"
        ],
        [
            "<user>",
            "same"
        ],
        [
            "with",
            "arabs"
        ],
        [
            "loll"
        ],
        [
            "im",
            "arab",
            "but",
            "white",
            "af"
        ],
        [
            "<user>"
        ],
        [
            "same"
        ],
        [
            "with"
        ],
        [
            "arabs"
        ],
        [
            "im"
        ],
        [
            "arab",
            "but",
            "white"
        ],
        [
            "af"
        ],
        [
            "arab"
        ],
        [
            "but"
        ],
        [
            "white"
        ]
    ],
    "value_func": [
        0.9999999768491359,
        0.35194607070309797,
        0.6477843420807322,
        0.15162920694027326,
        0.20021951496698087,
        0.17172500681586259,
        0.4756764140470459,
        0.07594175997986903,
        0.07560867639957033,
        0.06700438643007064,
        0.1330218986425077,
        0.08829932955904769,
        0.31227118579653507,
        0.07464986200259337,
        0.13151658410092534,
        0.0650425505690132,
        0.11525023920304409
    ],
    "dividend_dir": [
        1,
        -1,
        1,
        1,
        -1,
        1,
        1,
        1,
        1,
        1,
        -1,
        1,
        1,
        1,
        -1,
        1,
        1
    ],
    "p_tree": [
        [
            null,
            0
        ],
        [
            0,
            1
        ],
        [
            0,
            2
        ],
        [
            1,
            3
        ],
        [
            1,
            4
        ],
        [
            2,
            5
        ],
        [
            2,
            6
        ],
        [
            3,
            7
        ],
        [
            3,
            8
        ],
        [
            4,
            9
        ],
        [
            4,
            10
        ],
        [
            6,
            11
        ],
        [
            6,
            12
        ],
        [
            6,
            13
        ],
        [
            12,
            14
        ],
        [
            12,
            15
        ],
        [
            12,
            16
        ]
    ]
}