{
    "guid": "1178794715056967680_twitter",
    "gt_cls": 1,
    "coalitions": [
        [
            "no",
            "such",
            "thing",
            "as",
            "lesbophobia",
            "you",
            "dumb",
            "ass",
            "dykes"
        ],
        [
            "no",
            "such",
            "thing"
        ],
        [
            "as",
            "lesbophobia",
            "you",
            "dumb",
            "ass",
            "dykes"
        ],
        [
            "no"
        ],
        [
            "such"
        ],
        [
            "thing"
        ],
        [
            "as"
        ],
        [
            "lesbophobia",
            "you",
            "dumb",
            "ass",
            "dykes"
        ],
        [
            "lesbophobia"
        ],
        [
            "you",
            "dumb",
            "ass",
            "dykes"
        ],
        [
            "you"
        ],
        [
            "dumb",
            "ass",
            "dykes"
        ],
        [
            "dumb"
        ],
        [
            "ass",
            "dykes"
        ],
        [
            "ass"
        ],
        [
            "dykes"
        ]
    ],
    "value_func": [
        1.0000000140063954,
        0.15909054599296754,
        0.839537658500132,
        0.052244404737239215,
        0.04999749973481596,
        0.056330874695055655,
        0.04562178550848074,
        0.7926284950367135,
        0.27168381611363807,
        0.5195765145066802,
        0.06063248852428373,
        0.45766559467734585,
        0.08935854877912587,
        0.36705147452301906,
        0.08761039183786391,
        0.2782908529242416
    ],
    "dividend_dir": [
        1,
        1,
        1,
        1,
        -1,
        1,
        -1,
        1,
        1,
        1,
        1,
        1,
        1,
        1,
        1,
        1
    ],
    "p_tree": [
        [
            null,
            0
        ],
        [
            0,
            1
        ],
        [
            0,
            2
        ],
        [
            1,
            3
        ],
        [
            1,
            4
        ],
        [
            1,
            5
        ],
        [
            2,
            6
        ],
        [
            2,
            7
        ],
        [
            7,
            8
        ],
        [
            7,
            9
        ],
        [
            9,
            10
        ],
        [
            9,
            11
        ],
        [
            11,
            12
        ],
        [
            11,
            13
        ],
        [
            13,
            14
        ],
        [
            13,
            15
        ]
    ]
}