{
    "guid": "1178888096839950336_twitter",
    "gt_cls": 0,
    "coalitions": [
        [
            "rae",
            "accent",
            "is",
            "fuckin",
            "magical",
            "she",
            "my",
            "lil",
            "hillbilly",
            "country",
            "babe",
            "<number>"
        ],
        [
            "rae",
            "accent"
        ],
        [
            "is",
            "fuckin",
            "magical",
            "she",
            "my",
            "lil",
            "hillbilly",
            "country",
            "babe",
            "<number>"
        ],
        [
            "rae"
        ],
        [
            "accent"
        ],
        [
            "is"
        ],
        [
            "fuckin",
            "magical",
            "she",
            "my",
            "lil",
            "hillbilly",
            "country",
            "babe",
            "<number>"
        ],
        [
            "fuckin"
        ],
        [
            "magical"
        ],
        [
            "she",
            "my",
            "lil",
            "hillbilly",
            "country",
            "babe",
            "<number>"
        ],
        [
            "she"
        ],
        [
            "my",
            "lil",
            "hillbilly",
            "country",
            "babe",
            "<number>"
        ],
        [
            "my"
        ],
        [
            "lil",
            "hillbilly"
        ],
        [
            "country"
        ],
        [
            "babe"
        ],
        [
            "<number>"
        ],
        [
            "lil"
        ],
        [
            "hillbilly"
        ]
    ],
    "value_func": [
        0.9999999953141537,
        0.15986002842205865,
        0.8397694063589465,
        0.07029689364204983,
        0.08927059480520813,
        0.04987621137810275,
        0.7896141063580744,
        0.1539588837034529,
        0.05123213279928023,
        0.5842985825805737,
        0.038743685260423925,
        0.5453127994478991,
        0.044055445043178515,
        0.27391224534062397,
        0.08651607390992459,
        0.08837288940244929,
        0.05223706299467239,
        0.06807941837872422,
        0.20559607848112374
    ],
    "dividend_dir": [
        1,
        1,
        1,
        -1,
        1,
        1,
        1,
        -1,
        1,
        1,
        1,
        1,
        1,
        1,
        1,
        -1,
        1,
        -1,
        1
    ],
    "p_tree": [
        [
            null,
            0
        ],
        [
            0,
            1
        ],
        [
            0,
            2
        ],
        [
            1,
            3
        ],
        [
            1,
            4
        ],
        [
            2,
            5
        ],
        [
            2,
            6
        ],
        [
            6,
            7
        ],
        [
            6,
            8
        ],
        [
            6,
            9
        ],
        [
            9,
            10
        ],
        [
            9,
            11
        ],
        [
            11,
            12
        ],
        [
            11,
            13
        ],
        [
            11,
            14
        ],
        [
            11,
            15
        ],
        [
            11,
            16
        ],
        [
            13,
            17
        ],
        [
            13,
            18
        ]
    ]
}