{
    "guid": "1178722465591283713_twitter",
    "gt_cls": 0,
    "coalitions": [
        [
            "nigga",
            "at",
            "work",
            "said",
            "i",
            "look",
            "like",
            "a",
            "subway",
            "surfer"
        ],
        [
            "nigga",
            "at",
            "work"
        ],
        [
            "said",
            "i",
            "look",
            "like",
            "a",
            "subway",
            "surfer"
        ],
        [
            "nigga"
        ],
        [
            "at",
            "work"
        ],
        [
            "said"
        ],
        [
            "i",
            "look",
            "like",
            "a",
            "subway",
            "surfer"
        ],
        [
            "at"
        ],
        [
            "work"
        ],
        [
            "i",
            "look",
            "like",
            "a",
            "subway",
            "surfer"
        ],
        [
            "i"
        ],
        [
            "look",
            "like",
            "a",
            "subway",
            "surfer"
        ],
        [
            "look"
        ],
        [
            "like",
            "a",
            "subway",
            "surfer"
        ],
        [
            "like"
        ],
        [
            "a",
            "subway",
            "surfer"
        ],
        [
            "a"
        ],
        [
            "subway"
        ],
        [
            "surfer"
        ]
    ],
    "value_func": [
        0.9999999999309639,
        0.37873943952837014,
        0.6208287452624971,
        0.21540932804449034,
        0.16287949877674474,
        0.07104710881783392,
        0.5495843934203155,
        0.08254983318825382,
        0.07930113066600161,
        0.5495359132732093,
        0.05833769471837811,
        0.4911497384077249,
        0.06851707532532655,
        0.42237938486253596,
        0.061578423532083176,
        0.36037616736803674,
        0.07456007259662539,
        0.1525964618516132,
        0.1325393579265371
    ],
    "dividend_dir": [
        1,
        1,
        1,
        -1,
        1,
        1,
        1,
        1,
        1,
        1,
        1,
        -1,
        1,
        -1,
        1,
        -1,
        1,
        -1,
        -1
    ],
    "p_tree": [
        [
            null,
            0
        ],
        [
            0,
            1
        ],
        [
            0,
            2
        ],
        [
            1,
            3
        ],
        [
            1,
            4
        ],
        [
            2,
            5
        ],
        [
            2,
            6
        ],
        [
            4,
            7
        ],
        [
            4,
            8
        ],
        [
            6,
            9
        ],
        [
            9,
            10
        ],
        [
            9,
            11
        ],
        [
            11,
            12
        ],
        [
            11,
            13
        ],
        [
            13,
            14
        ],
        [
            13,
            15
        ],
        [
            15,
            16
        ],
        [
            15,
            17
        ],
        [
            15,
            18
        ]
    ]
}