{
    "guid": "1178894579422154752_twitter",
    "gt_cls": 0,
    "coalitions": [
        [
            "<user>",
            "<user>1",
            "they",
            "kill",
            "all",
            "the",
            "women",
            "and",
            "rape",
            "all1",
            "the1",
            "horses"
        ],
        [
            "<user>",
            "<user>1"
        ],
        [
            "they"
        ],
        [
            "kill",
            "all",
            "the",
            "women",
            "and",
            "rape",
            "all1",
            "the1",
            "horses"
        ],
        [
            "<user>"
        ],
        [
            "<user>1"
        ],
        [
            "kill",
            "all",
            "the",
            "women"
        ],
        [
            "and"
        ],
        [
            "rape",
            "all1",
            "the1",
            "horses"
        ],
        [
            "kill"
        ],
        [
            "all",
            "the",
            "women"
        ],
        [
            "rape"
        ],
        [
            "all1",
            "the1",
            "horses"
        ],
        [
            "all"
        ],
        [
            "the"
        ],
        [
            "women"
        ],
        [
            "all1"
        ],
        [
            "the1"
        ],
        [
            "horses"
        ]
    ],
    "value_func": [
        0.9999999864503405,
        0.24737210696937909,
        0.07741094110139822,
        0.675084973208809,
        0.12451263692750801,
        0.12264290079310276,
        0.2754765248987421,
        0.05396356686107754,
        0.3455619105483625,
        0.09120634568966553,
        0.1840374799149413,
        0.11936370284690667,
        0.22615481397200982,
        0.047092956249170786,
        0.05005342378665482,
        0.08686765139717674,
        0.04787052199431157,
        0.051702406358481286,
        0.1261620974842563
    ],
    "dividend_dir": [
        1,
        1,
        1,
        -1,
        -1,
        1,
        -1,
        1,
        1,
        -1,
        -1,
        -1,
        1,
        1,
        1,
        -1,
        1,
        1,
        1
    ],
    "p_tree": [
        [
            null,
            0
        ],
        [
            0,
            1
        ],
        [
            0,
            2
        ],
        [
            0,
            3
        ],
        [
            1,
            4
        ],
        [
            1,
            5
        ],
        [
            3,
            6
        ],
        [
            3,
            7
        ],
        [
            3,
            8
        ],
        [
            6,
            9
        ],
        [
            6,
            10
        ],
        [
            8,
            11
        ],
        [
            8,
            12
        ],
        [
            10,
            13
        ],
        [
            10,
            14
        ],
        [
            10,
            15
        ],
        [
            12,
            16
        ],
        [
            12,
            17
        ],
        [
            12,
            18
        ]
    ]
}