{
    "guid": "1178101883602272256_twitter",
    "gt_cls": 1,
    "coalitions": [
        [
            "my",
            "ching",
            "chong",
            "is",
            "so",
            "cutie"
        ],
        [
            "my",
            "ching",
            "chong"
        ],
        [
            "is",
            "so",
            "cutie"
        ],
        [
            "my"
        ],
        [
            "ching"
        ],
        [
            "chong"
        ],
        [
            "is"
        ],
        [
            "so",
            "cutie"
        ],
        [
            "so"
        ],
        [
            "cutie"
        ]
    ],
    "value_func": [
        1.0000000418499573,
        0.6290965678688334,
        0.3696177639626764,
        0.11750942318294559,
        0.2515275142680102,
        0.2579186648642687,
        0.0988594933631169,
        0.27065410652013605,
        0.06689469631615114,
        0.2037488793731068
    ],
    "dividend_dir": [
        1,
        1,
        -1,
        -1,
        1,
        1,
        -1,
        -1,
        -1,
        1
    ],
    "p_tree": [
        [
            null,
            0
        ],
        [
            0,
            1
        ],
        [
            0,
            2
        ],
        [
            1,
            3
        ],
        [
            1,
            4
        ],
        [
            1,
            5
        ],
        [
            2,
            6
        ],
        [
            2,
            7
        ],
        [
            7,
            8
        ],
        [
            7,
            9
        ]
    ]
}