{
    "guid": "1178837354208993282_twitter",
    "gt_cls": 0,
    "coalitions": [
        [
            "there",
            "so",
            "much",
            "community",
            "in",
            "the",
            "ghetto",
            "tho",
            "😭",
            "💗"
        ],
        [
            "there"
        ],
        [
            "so",
            "much",
            "community",
            "in",
            "the",
            "ghetto",
            "tho",
            "😭",
            "💗"
        ],
        [
            "so",
            "much",
            "community",
            "in",
            "the",
            "ghetto"
        ],
        [
            "tho"
        ],
        [
            "😭"
        ],
        [
            "💗"
        ],
        [
            "so",
            "much",
            "community"
        ],
        [
            "in",
            "the",
            "ghetto"
        ],
        [
            "so",
            "much"
        ],
        [
            "community"
        ],
        [
            "in"
        ],
        [
            "the",
            "ghetto"
        ],
        [
            "so"
        ],
        [
            "much"
        ],
        [
            "the"
        ],
        [
            "ghetto"
        ]
    ],
    "value_func": [
        0.9999999895044664,
        0.05883675939888567,
        0.9406265310943227,
        0.5792129670768315,
        0.1589228569692309,
        0.08473187336389645,
        0.11735731736101694,
        0.22526549660480671,
        0.35342571868205597,
        0.13802195383851656,
        0.0863412564092624,
        0.05715930121304973,
        0.2960869190421405,
        0.06326411341791109,
        0.07404342169680972,
        0.06916470020136249,
        0.22658119911616853
    ],
    "dividend_dir": [
        1,
        1,
        1,
        1,
        -1,
        -1,
        1,
        1,
        -1,
        1,
        1,
        1,
        -1,
        1,
        1,
        1,
        -1
    ],
    "p_tree": [
        [
            null,
            0
        ],
        [
            0,
            1
        ],
        [
            0,
            2
        ],
        [
            2,
            3
        ],
        [
            2,
            4
        ],
        [
            2,
            5
        ],
        [
            2,
            6
        ],
        [
            3,
            7
        ],
        [
            3,
            8
        ],
        [
            7,
            9
        ],
        [
            7,
            10
        ],
        [
            8,
            11
        ],
        [
            8,
            12
        ],
        [
            9,
            13
        ],
        [
            9,
            14
        ],
        [
            12,
            15
        ],
        [
            12,
            16
        ]
    ]
}