{
    "guid": "1178809975931621376_twitter",
    "gt_cls": 0,
    "coalitions": [
        [
            "<user>",
            "<user>1",
            "<user>2",
            "<user>3",
            "men",
            "still",
            "get",
            "raped",
            "and",
            "assaulted",
            "so",
            "this",
            "is",
            "just",
            "stupid"
        ],
        [
            "<user>",
            "<user>1",
            "<user>2",
            "<user>3",
            "men"
        ],
        [
            "still"
        ],
        [
            "get",
            "raped",
            "and",
            "assaulted",
            "so",
            "this",
            "is",
            "just",
            "stupid"
        ],
        [
            "<user>",
            "<user>1",
            "<user>2",
            "<user>3"
        ],
        [
            "men"
        ],
        [
            "get"
        ],
        [
            "raped",
            "and",
            "assaulted",
            "so",
            "this",
            "is",
            "just",
            "stupid"
        ],
        [
            "<user>"
        ],
        [
            "<user>1"
        ],
        [
            "<user>2"
        ],
        [
            "<user>3"
        ],
        [
            "raped"
        ],
        [
            "and"
        ],
        [
            "assaulted"
        ],
        [
            "so",
            "this",
            "is",
            "just",
            "stupid"
        ],
        [
            "so"
        ],
        [
            "this",
            "is",
            "just",
            "stupid"
        ],
        [
            "this"
        ],
        [
            "is",
            "just",
            "stupid"
        ],
        [
            "is"
        ],
        [
            "just",
            "stupid"
        ],
        [
            "just"
        ],
        [
            "stupid"
        ]
    ],
    "value_func": [
        1.000000010947594,
        0.566324750904692,
        0.03324282941310862,
        0.40019340983044127,
        0.4990332584443255,
        0.0667579749494848,
        0.038995284620402484,
        0.36114773006636686,
        0.052136347277253595,
        0.10005127455148245,
        0.2175209523075646,
        0.1286675638417941,
        0.06436109738485203,
        0.033946087181284,
        0.052076037789710476,
        0.21075163569367378,
        0.028945428159366272,
        0.181698876392909,
        0.03253957695199831,
        0.14896564378626534,
        0.030840586405682293,
        0.11781144951309402,
        0.03780607217072371,
        0.0795756569028906
    ],
    "dividend_dir": [
        1,
        1,
        -1,
        1,
        1,
        1,
        1,
        1,
        -1,
        1,
        1,
        -1,
        -1,
        1,
        1,
        -1,
        1,
        -1,
        1,
        -1,
        1,
        -1,
        1,
        -1
    ],
    "p_tree": [
        [
            null,
            0
        ],
        [
            0,
            1
        ],
        [
            0,
            2
        ],
        [
            0,
            3
        ],
        [
            1,
            4
        ],
        [
            1,
            5
        ],
        [
            3,
            6
        ],
        [
            3,
            7
        ],
        [
            4,
            8
        ],
        [
            4,
            9
        ],
        [
            4,
            10
        ],
        [
            4,
            11
        ],
        [
            7,
            12
        ],
        [
            7,
            13
        ],
        [
            7,
            14
        ],
        [
            7,
            15
        ],
        [
            15,
            16
        ],
        [
            15,
            17
        ],
        [
            17,
            18
        ],
        [
            17,
            19
        ],
        [
            19,
            20
        ],
        [
            19,
            21
        ],
        [
            21,
            22
        ],
        [
            21,
            23
        ]
    ]
}