{
    "guid": "1178082052513468417_twitter",
    "gt_cls": 0,
    "coalitions": [
        [
            "<user>",
            "<user>1",
            "a",
            "camel",
            "jockey",
            "midde",
            "east",
            "watering",
            "station"
        ],
        [
            "<user>",
            "<user>1",
            "a",
            "camel",
            "jockey"
        ],
        [
            "midde",
            "east",
            "watering",
            "station"
        ],
        [
            "<user>",
            "<user>1"
        ],
        [
            "a",
            "camel",
            "jockey"
        ],
        [
            "midde"
        ],
        [
            "east",
            "watering",
            "station"
        ],
        [
            "<user>"
        ],
        [
            "<user>1"
        ],
        [
            "a"
        ],
        [
            "camel"
        ],
        [
            "jockey"
        ],
        [
            "east"
        ],
        [
            "watering"
        ],
        [
            "station"
        ]
    ],
    "value_func": [
        0.9999999855581614,
        0.5704119572893815,
        0.4294152583736174,
        0.15437000548660867,
        0.41578719103558526,
        0.14430033136956114,
        0.28509639054517005,
        0.06417005121282185,
        0.09001054974259687,
        0.0714508945524581,
        0.1998344415254457,
        0.14418467992797382,
        0.06842794071528954,
        0.11311606475858164,
        0.10351116812554814
    ],
    "dividend_dir": [
        -1,
        -1,
        -1,
        1,
        -1,
        -1,
        1,
        1,
        1,
        -1,
        1,
        -1,
        1,
        -1,
        1
    ],
    "p_tree": [
        [
            null,
            0
        ],
        [
            0,
            1
        ],
        [
            0,
            2
        ],
        [
            1,
            3
        ],
        [
            1,
            4
        ],
        [
            2,
            5
        ],
        [
            2,
            6
        ],
        [
            3,
            7
        ],
        [
            3,
            8
        ],
        [
            4,
            9
        ],
        [
            4,
            10
        ],
        [
            4,
            11
        ],
        [
            6,
            12
        ],
        [
            6,
            13
        ],
        [
            6,
            14
        ]
    ]
}