{
    "guid": "1178818457112104962_twitter",
    "gt_cls": 0,
    "coalitions": [
        [
            "<user>",
            "i",
            "fucking",
            "hate",
            "you"
        ],
        [
            "<user>"
        ],
        [
            "i",
            "fucking"
        ],
        [
            "hate",
            "you"
        ],
        [
            "i"
        ],
        [
            "fucking"
        ],
        [
            "hate"
        ],
        [
            "you"
        ]
    ],
    "value_func": [
        0.9999999932130745,
        0.1915797649024412,
        0.3457458390616754,
        0.4624798598755261,
        0.16377413088864765,
        0.18176060950741893,
        0.28555619209662897,
        0.1764350229882942
    ],
    "dividend_dir": [
        -1,
        -1,
        1,
        -1,
        1,
        -1,
        -1,
        -1
    ],
    "p_tree": [
        [
            null,
            0
        ],
        [
            0,
            1
        ],
        [
            0,
            2
        ],
        [
            0,
            3
        ],
        [
            2,
            4
        ],
        [
            2,
            5
        ],
        [
            3,
            6
        ],
        [
            3,
            7
        ]
    ]
}