{
    "guid": "1178992928448028672_twitter",
    "gt_cls": 0,
    "coalitions": [
        [
            "<user>",
            "<user>1",
            "but",
            "im",
            "a",
            "good",
            "goy",
            "i",
            "dindu",
            "nuffin"
        ],
        [
            "<user>",
            "<user>1"
        ],
        [
            "but"
        ],
        [
            "im",
            "a",
            "good",
            "goy",
            "i",
            "dindu",
            "nuffin"
        ],
        [
            "<user>"
        ],
        [
            "<user>1"
        ],
        [
            "im"
        ],
        [
            "a",
            "good",
            "goy",
            "i",
            "dindu",
            "nuffin"
        ],
        [
            "a",
            "good",
            "goy"
        ],
        [
            "i",
            "dindu",
            "nuffin"
        ],
        [
            "a"
        ],
        [
            "good"
        ],
        [
            "goy"
        ],
        [
            "i",
            "dindu",
            "nuffin"
        ],
        [
            "i"
        ],
        [
            "dindu",
            "nuffin"
        ],
        [
            "dindu"
        ],
        [
            "nuffin"
        ]
    ],
    "value_func": [
        1.0000000104547029,
        0.1209763286870422,
        0.049282350534925634,
        0.8296273278201587,
        0.054894870395994125,
        0.06607959826451103,
        0.07720887308086602,
        0.7523854993794841,
        0.25347616248720456,
        0.49890057838460167,
        0.04192931250708884,
        0.056773910068340976,
        0.154602330203126,
        0.49876272037581526,
        0.07245987778593649,
        0.42616498458109237,
        0.22572366796477075,
        0.20029066261962677
    ],
    "dividend_dir": [
        1,
        1,
        1,
        1,
        1,
        -1,
        1,
        1,
        1,
        -1,
        1,
        1,
        -1,
        -1,
        -1,
        -1,
        1,
        -1
    ],
    "p_tree": [
        [
            null,
            0
        ],
        [
            0,
            1
        ],
        [
            0,
            2
        ],
        [
            0,
            3
        ],
        [
            1,
            4
        ],
        [
            1,
            5
        ],
        [
            3,
            6
        ],
        [
            3,
            7
        ],
        [
            7,
            8
        ],
        [
            7,
            9
        ],
        [
            8,
            10
        ],
        [
            8,
            11
        ],
        [
            8,
            12
        ],
        [
            9,
            13
        ],
        [
            13,
            14
        ],
        [
            13,
            15
        ],
        [
            15,
            16
        ],
        [
            15,
            17
        ]
    ]
}