{
    "guid": "1178741533161525249_twitter",
    "gt_cls": 0,
    "coalitions": [
        [
            "a",
            "nigga",
            "got",
            "super",
            "drunk",
            "and",
            "walked",
            "home",
            "not",
            "drinkin",
            "till",
            "vegas",
            "lol"
        ],
        [
            "a",
            "nigga"
        ],
        [
            "got",
            "super",
            "drunk",
            "and",
            "walked",
            "home",
            "not",
            "drinkin",
            "till",
            "vegas",
            "lol"
        ],
        [
            "a"
        ],
        [
            "nigga"
        ],
        [
            "got",
            "super",
            "drunk"
        ],
        [
            "and"
        ],
        [
            "walked",
            "home",
            "not",
            "drinkin",
            "till",
            "vegas",
            "lol"
        ],
        [
            "got"
        ],
        [
            "super",
            "drunk"
        ],
        [
            "walked"
        ],
        [
            "home"
        ],
        [
            "not",
            "drinkin",
            "till",
            "vegas",
            "lol"
        ],
        [
            "super"
        ],
        [
            "drunk"
        ],
        [
            "not"
        ],
        [
            "drinkin",
            "till",
            "vegas",
            "lol"
        ],
        [
            "drinkin"
        ],
        [
            "till",
            "vegas"
        ],
        [
            "lol"
        ],
        [
            "till"
        ],
        [
            "vegas"
        ]
    ],
    "value_func": [
        1.0000000155699293,
        0.3691625218044824,
        0.6304141005086867,
        0.08072719008460992,
        0.2882736153479104,
        0.19082584101070793,
        0.040799174558716005,
        0.3983968959589174,
        0.06408989458510375,
        0.12642911011631802,
        0.04995792766552743,
        0.04468224825891169,
        0.30359074952874016,
        0.05408040147460954,
        0.07209838629249238,
        0.03489109535745514,
        0.26861283250563567,
        0.08171863112590476,
        0.09780784825234219,
        0.08902460528658235,
        0.04703370124339637,
        0.05072359684146921
    ],
    "dividend_dir": [
        1,
        1,
        1,
        -1,
        1,
        1,
        1,
        1,
        1,
        1,
        1,
        1,
        1,
        1,
        1,
        1,
        1,
        1,
        -1,
        1,
        -1,
        1
    ],
    "p_tree": [
        [
            null,
            0
        ],
        [
            0,
            1
        ],
        [
            0,
            2
        ],
        [
            1,
            3
        ],
        [
            1,
            4
        ],
        [
            2,
            5
        ],
        [
            2,
            6
        ],
        [
            2,
            7
        ],
        [
            5,
            8
        ],
        [
            5,
            9
        ],
        [
            7,
            10
        ],
        [
            7,
            11
        ],
        [
            7,
            12
        ],
        [
            9,
            13
        ],
        [
            9,
            14
        ],
        [
            12,
            15
        ],
        [
            12,
            16
        ],
        [
            16,
            17
        ],
        [
            16,
            18
        ],
        [
            16,
            19
        ],
        [
            18,
            20
        ],
        [
            18,
            21
        ]
    ]
}