{
    "guid": "1178747237465239554_twitter",
    "gt_cls": 0,
    "coalitions": [
        [
            "chambers",
            "pls",
            "do",
            "not",
            "get",
            "raped",
            "today"
        ],
        [
            "chambers",
            "pls"
        ],
        [
            "do",
            "not",
            "get",
            "raped",
            "today"
        ],
        [
            "chambers"
        ],
        [
            "pls"
        ],
        [
            "do"
        ],
        [
            "not"
        ],
        [
            "get",
            "raped",
            "today"
        ],
        [
            "get"
        ],
        [
            "raped",
            "today"
        ],
        [
            "raped"
        ],
        [
            "today"
        ]
    ],
    "value_func": [
        1.0000000083202798,
        0.3481950776769944,
        0.6516791624944609,
        0.11436451611223372,
        0.23334506393469354,
        0.07338420682530095,
        0.06259428467770116,
        0.515476242771195,
        0.10727955905080563,
        0.40771402766669723,
        0.30211945797132705,
        0.1045084578745476
    ],
    "dividend_dir": [
        1,
        1,
        -1,
        1,
        1,
        -1,
        1,
        -1,
        1,
        -1,
        -1,
        1
    ],
    "p_tree": [
        [
            null,
            0
        ],
        [
            0,
            1
        ],
        [
            0,
            2
        ],
        [
            1,
            3
        ],
        [
            1,
            4
        ],
        [
            2,
            5
        ],
        [
            2,
            6
        ],
        [
            2,
            7
        ],
        [
            7,
            8
        ],
        [
            7,
            9
        ],
        [
            9,
            10
        ],
        [
            9,
            11
        ]
    ]
}