{
    "guid": "1178963201238716417_twitter",
    "gt_cls": 0,
    "coalitions": [
        [
            "niggers",
            "waste",
            "their",
            "entire",
            "lives",
            "running",
            "away",
            "from",
            "themselves"
        ],
        [
            "niggers"
        ],
        [
            "waste",
            "their",
            "entire",
            "lives",
            "running",
            "away",
            "from",
            "themselves"
        ],
        [
            "waste"
        ],
        [
            "their",
            "entire",
            "lives"
        ],
        [
            "running",
            "away",
            "from",
            "themselves"
        ],
        [
            "their"
        ],
        [
            "entire"
        ],
        [
            "lives"
        ],
        [
            "running",
            "away",
            "from",
            "themselves"
        ],
        [
            "running"
        ],
        [
            "away"
        ],
        [
            "from",
            "themselves"
        ],
        [
            "from"
        ],
        [
            "themselves"
        ]
    ],
    "value_func": [
        0.9999999859271884,
        0.4007332655676163,
        0.5973050060402924,
        0.1137238598962624,
        0.23168478222802708,
        0.25073832284235115,
        0.07316525499845895,
        0.07337980957591256,
        0.08461939793501635,
        0.25007037687126477,
        0.061521969353214134,
        0.05816817358675715,
        0.1297122879602071,
        0.05569509635440657,
        0.07344871849513553
    ],
    "dividend_dir": [
        1,
        1,
        1,
        1,
        1,
        1,
        1,
        -1,
        1,
        1,
        1,
        1,
        1,
        1,
        1
    ],
    "p_tree": [
        [
            null,
            0
        ],
        [
            0,
            1
        ],
        [
            0,
            2
        ],
        [
            2,
            3
        ],
        [
            2,
            4
        ],
        [
            2,
            5
        ],
        [
            4,
            6
        ],
        [
            4,
            7
        ],
        [
            4,
            8
        ],
        [
            5,
            9
        ],
        [
            9,
            10
        ],
        [
            9,
            11
        ],
        [
            9,
            12
        ],
        [
            12,
            13
        ],
        [
            12,
            14
        ]
    ]
}