{
    "guid": "1178734015555264512_twitter",
    "gt_cls": 1,
    "coalitions": [
        [
            "questioning",
            "my",
            "masculinity",
            "will",
            "not",
            "get",
            "you",
            "nowhere",
            "niggers"
        ],
        [
            "questioning",
            "my",
            "masculinity"
        ],
        [
            "will",
            "not",
            "get",
            "you",
            "nowhere",
            "niggers"
        ],
        [
            "questioning",
            "my",
            "masculinity"
        ],
        [
            "will"
        ],
        [
            "not"
        ],
        [
            "get",
            "you",
            "nowhere",
            "niggers"
        ],
        [
            "questioning"
        ],
        [
            "my",
            "masculinity"
        ],
        [
            "get"
        ],
        [
            "you"
        ],
        [
            "nowhere"
        ],
        [
            "niggers"
        ],
        [
            "my"
        ],
        [
            "masculinity"
        ]
    ],
    "value_func": [
        1.0000000146474932,
        0.39357373088576575,
        0.6058531945868117,
        0.3931708322094463,
        0.029852946145716954,
        0.02767127856930287,
        0.547919723953607,
        0.0771071217784087,
        0.3156608117547182,
        0.04099343374753325,
        0.04785409573191461,
        0.09901901841188573,
        0.35957576166147603,
        0.053568177207917116,
        0.26191294237881596
    ],
    "dividend_dir": [
        1,
        1,
        1,
        1,
        1,
        -1,
        1,
        1,
        1,
        -1,
        1,
        -1,
        1,
        -1,
        1
    ],
    "p_tree": [
        [
            null,
            0
        ],
        [
            0,
            1
        ],
        [
            0,
            2
        ],
        [
            1,
            3
        ],
        [
            2,
            4
        ],
        [
            2,
            5
        ],
        [
            2,
            6
        ],
        [
            3,
            7
        ],
        [
            3,
            8
        ],
        [
            6,
            9
        ],
        [
            6,
            10
        ],
        [
            6,
            11
        ],
        [
            6,
            12
        ],
        [
            8,
            13
        ],
        [
            8,
            14
        ]
    ]
}