{
    "guid": "1178773716769087488_twitter",
    "gt_cls": 0,
    "coalitions": [
        [
            "dyke",
            "call",
            "me",
            "c",
            "murda",
            "girl",
            "if",
            "you",
            "do",
            "not",
            "get",
            "the",
            "fuck"
        ],
        [
            "dyke"
        ],
        [
            "call",
            "me",
            "c",
            "murda",
            "girl",
            "if",
            "you",
            "do",
            "not",
            "get",
            "the",
            "fuck"
        ],
        [
            "call"
        ],
        [
            "me"
        ],
        [
            "c",
            "murda",
            "girl"
        ],
        [
            "if",
            "you",
            "do",
            "not",
            "get",
            "the",
            "fuck"
        ],
        [
            "c"
        ],
        [
            "murda"
        ],
        [
            "girl"
        ],
        [
            "if"
        ],
        [
            "you",
            "do",
            "not",
            "get",
            "the",
            "fuck"
        ],
        [
            "you"
        ],
        [
            "do",
            "not",
            "get",
            "the",
            "fuck"
        ],
        [
            "do"
        ],
        [
            "not"
        ],
        [
            "get",
            "the",
            "fuck"
        ],
        [
            "get"
        ],
        [
            "the",
            "fuck"
        ],
        [
            "the"
        ],
        [
            "fuck"
        ]
    ],
    "value_func": [
        0.9999999661602952,
        0.12990458996224558,
        0.8698810637402418,
        0.04629440636688548,
        0.04756721448635078,
        0.5727012159719191,
        0.20324732642611107,
        0.08576453220867193,
        0.40050315584555674,
        0.08629071869549083,
        0.032198433075620606,
        0.17104809720564806,
        0.021873157925465018,
        0.14916075706253773,
        0.016625605554208153,
        0.016882611929729594,
        0.11564129454502965,
        0.023720186203577402,
        0.09187301809897973,
        0.02845576210010028,
        0.06333780726138248
    ],
    "dividend_dir": [
        -1,
        -1,
        -1,
        -1,
        1,
        -1,
        1,
        -1,
        -1,
        -1,
        -1,
        1,
        1,
        1,
        1,
        1,
        -1,
        1,
        -1,
        1,
        -1
    ],
    "p_tree": [
        [
            null,
            0
        ],
        [
            0,
            1
        ],
        [
            0,
            2
        ],
        [
            2,
            3
        ],
        [
            2,
            4
        ],
        [
            2,
            5
        ],
        [
            2,
            6
        ],
        [
            5,
            7
        ],
        [
            5,
            8
        ],
        [
            5,
            9
        ],
        [
            6,
            10
        ],
        [
            6,
            11
        ],
        [
            11,
            12
        ],
        [
            11,
            13
        ],
        [
            13,
            14
        ],
        [
            13,
            15
        ],
        [
            13,
            16
        ],
        [
            16,
            17
        ],
        [
            16,
            18
        ],
        [
            18,
            19
        ],
        [
            18,
            20
        ]
    ]
}