{
    "guid": "1178754612456755201_twitter",
    "gt_cls": 0,
    "coalitions": [
        [
            "<user>",
            "<user>1",
            "<user>2",
            "<user>3",
            "compared",
            "to",
            "other",
            "faggots",
            "i",
            "indeed",
            "am"
        ],
        [
            "<user>",
            "<user>1",
            "<user>2",
            "<user>3"
        ],
        [
            "compared",
            "to",
            "other",
            "faggots",
            "i",
            "indeed",
            "am"
        ],
        [
            "<user>"
        ],
        [
            "<user>1"
        ],
        [
            "<user>2"
        ],
        [
            "<user>3"
        ],
        [
            "compared"
        ],
        [
            "to",
            "other",
            "faggots",
            "i",
            "indeed",
            "am"
        ],
        [
            "to"
        ],
        [
            "other",
            "faggots",
            "i",
            "indeed",
            "am"
        ],
        [
            "other",
            "faggots"
        ],
        [
            "i",
            "indeed",
            "am"
        ],
        [
            "other"
        ],
        [
            "faggots"
        ],
        [
            "i",
            "indeed",
            "am"
        ],
        [
            "i"
        ],
        [
            "indeed"
        ],
        [
            "am"
        ]
    ],
    "value_func": [
        1.0000000129139237,
        0.43080360111810256,
        0.5690149858285385,
        0.07457175845254946,
        0.12787714046908885,
        0.11741717652016191,
        0.11003104293845414,
        0.04797185661826259,
        0.520647252949726,
        0.024041735653803718,
        0.49619283490293764,
        0.33005126171409327,
        0.1656813162557061,
        0.039510353862137026,
        0.2898561021878249,
        0.16559123775787013,
        0.052130017029441034,
        0.06035604124397073,
        0.05301510098662241
    ],
    "dividend_dir": [
        -1,
        1,
        -1,
        1,
        1,
        1,
        1,
        -1,
        -1,
        1,
        -1,
        -1,
        1,
        1,
        -1,
        1,
        1,
        -1,
        1
    ],
    "p_tree": [
        [
            null,
            0
        ],
        [
            0,
            1
        ],
        [
            0,
            2
        ],
        [
            1,
            3
        ],
        [
            1,
            4
        ],
        [
            1,
            5
        ],
        [
            1,
            6
        ],
        [
            2,
            7
        ],
        [
            2,
            8
        ],
        [
            8,
            9
        ],
        [
            8,
            10
        ],
        [
            10,
            11
        ],
        [
            10,
            12
        ],
        [
            11,
            13
        ],
        [
            11,
            14
        ],
        [
            12,
            15
        ],
        [
            15,
            16
        ],
        [
            15,
            17
        ],
        [
            15,
            18
        ]
    ]
}