{
    "guid": "1178398776916086784_twitter",
    "gt_cls": 0,
    "coalitions": [
        [
            "musacchio",
            "suspended",
            "for",
            "being",
            "a",
            "retard",
            "blame",
            "giampaolo"
        ],
        [
            "musacchio"
        ],
        [
            "suspended",
            "for",
            "being",
            "a",
            "retard",
            "blame",
            "giampaolo"
        ],
        [
            "suspended"
        ],
        [
            "for",
            "being",
            "a",
            "retard",
            "blame",
            "giampaolo"
        ],
        [
            "for"
        ],
        [
            "being",
            "a",
            "retard",
            "blame",
            "giampaolo"
        ],
        [
            "being",
            "a",
            "retard",
            "blame",
            "giampaolo"
        ],
        [
            "being"
        ],
        [
            "a",
            "retard",
            "blame",
            "giampaolo"
        ],
        [
            "a"
        ],
        [
            "retard"
        ],
        [
            "blame"
        ],
        [
            "giampaolo"
        ]
    ],
    "value_func": [
        1.000000010201595,
        0.19414952185765136,
        0.8057444454958358,
        0.06893566037437242,
        0.7367977525416528,
        0.03438855862820513,
        0.702396742485333,
        0.7023674122449735,
        0.045137992455995736,
        0.6572000895486182,
        0.05057993597581021,
        0.2755778216935199,
        0.0906054029198911,
        0.24036629758934888
    ],
    "dividend_dir": [
        -1,
        -1,
        -1,
        1,
        -1,
        1,
        -1,
        -1,
        1,
        -1,
        1,
        -1,
        -1,
        1
    ],
    "p_tree": [
        [
            null,
            0
        ],
        [
            0,
            1
        ],
        [
            0,
            2
        ],
        [
            2,
            3
        ],
        [
            2,
            4
        ],
        [
            4,
            5
        ],
        [
            4,
            6
        ],
        [
            6,
            7
        ],
        [
            7,
            8
        ],
        [
            7,
            9
        ],
        [
            9,
            10
        ],
        [
            9,
            11
        ],
        [
            9,
            12
        ],
        [
            9,
            13
        ]
    ]
}