{
    "guid": "1178284117038813184_twitter",
    "gt_cls": 0,
    "coalitions": [
        [
            "<user>",
            "bat",
            "ching",
            "chong"
        ],
        [
            "<user>"
        ],
        [
            "bat"
        ],
        [
            "ching"
        ],
        [
            "chong"
        ]
    ],
    "value_func": [
        0.9999999984232111,
        0.1824973133632247,
        0.16347754177667603,
        0.3523908260386812,
        0.2991223304146185
    ],
    "dividend_dir": [
        1,
        -1,
        1,
        1,
        1
    ],
    "p_tree": [
        [
            null,
            0
        ],
        [
            0,
            1
        ],
        [
            0,
            2
        ],
        [
            0,
            3
        ],
        [
            0,
            4
        ]
    ]
}