{
    "guid": "1178762649187868674_twitter",
    "gt_cls": 0,
    "coalitions": [
        [
            "white",
            "hall",
            "senior",
            "school",
            "staffs",
            "wish",
            "fellow",
            "nigerians",
            "happy",
            "independence",
            "day"
        ],
        [
            "white",
            "hall",
            "senior",
            "school",
            "staffs"
        ],
        [
            "wish",
            "fellow",
            "nigerians",
            "happy",
            "independence",
            "day"
        ],
        [
            "white",
            "hall"
        ],
        [
            "senior"
        ],
        [
            "school"
        ],
        [
            "staffs"
        ],
        [
            "wish"
        ],
        [
            "fellow",
            "nigerians"
        ],
        [
            "happy",
            "independence",
            "day"
        ],
        [
            "white"
        ],
        [
            "hall"
        ],
        [
            "fellow"
        ],
        [
            "nigerians"
        ],
        [
            "happy"
        ],
        [
            "independence"
        ],
        [
            "day"
        ]
    ],
    "value_func": [
        0.999999989240522,
        0.4138033222566111,
        0.5859520009660172,
        0.17971751164966962,
        0.07041147005118627,
        0.06608889732352105,
        0.09724766619274958,
        0.0680011246420178,
        0.30274758572604854,
        0.21518188785391532,
        0.0988003834624455,
        0.08081189393173532,
        0.07897061677181261,
        0.22349851468283383,
        0.06921417334929095,
        0.08824149561023847,
        0.05744803857805107
    ],
    "dividend_dir": [
        1,
        1,
        1,
        -1,
        1,
        1,
        1,
        1,
        -1,
        1,
        -1,
        1,
        1,
        -1,
        1,
        1,
        1
    ],
    "p_tree": [
        [
            null,
            0
        ],
        [
            0,
            1
        ],
        [
            0,
            2
        ],
        [
            1,
            3
        ],
        [
            1,
            4
        ],
        [
            1,
            5
        ],
        [
            1,
            6
        ],
        [
            2,
            7
        ],
        [
            2,
            8
        ],
        [
            2,
            9
        ],
        [
            3,
            10
        ],
        [
            3,
            11
        ],
        [
            8,
            12
        ],
        [
            8,
            13
        ],
        [
            9,
            14
        ],
        [
            9,
            15
        ],
        [
            9,
            16
        ]
    ]
}