{
    "guid": "1178818409812746240_twitter",
    "gt_cls": 0,
    "coalitions": [
        [
            "<user>",
            "what",
            "did",
            "the",
            "old",
            "lady",
            "do",
            "was",
            "she",
            "a",
            "nazi",
            "or",
            "white",
            "supremacist"
        ],
        [
            "<user>",
            "what",
            "did",
            "the",
            "old",
            "lady",
            "do"
        ],
        [
            "was"
        ],
        [
            "she"
        ],
        [
            "a",
            "nazi",
            "or",
            "white",
            "supremacist"
        ],
        [
            "<user>"
        ],
        [
            "what",
            "did",
            "the",
            "old",
            "lady",
            "do"
        ],
        [
            "a"
        ],
        [
            "nazi",
            "or",
            "white"
        ],
        [
            "supremacist"
        ],
        [
            "what"
        ],
        [
            "did",
            "the",
            "old",
            "lady",
            "do"
        ],
        [
            "nazi"
        ],
        [
            "or"
        ],
        [
            "white"
        ],
        [
            "did"
        ],
        [
            "the",
            "old",
            "lady"
        ],
        [
            "do"
        ],
        [
            "the"
        ],
        [
            "old"
        ],
        [
            "lady"
        ]
    ],
    "value_func": [
        0.9999999895673068,
        0.44965921986930046,
        0.047789492213526165,
        0.04414138918433036,
        0.4584029182246844,
        0.07989211231673775,
        0.3695019311445702,
        0.04115424143977165,
        0.18057204986599448,
        0.23651986154921512,
        0.06767809982672145,
        0.30146901320695735,
        0.0735681413219035,
        0.0430037918806773,
        0.06387141590178194,
        0.05013251939907103,
        0.20172954219968386,
        0.0492320816274932,
        0.050788675696226526,
        0.07447499687817562,
        0.0762311813720409
    ],
    "dividend_dir": [
        -1,
        -1,
        1,
        1,
        1,
        1,
        -1,
        -1,
        1,
        1,
        -1,
        -1,
        -1,
        1,
        1,
        -1,
        -1,
        -1,
        -1,
        -1,
        -1
    ],
    "p_tree": [
        [
            null,
            0
        ],
        [
            0,
            1
        ],
        [
            0,
            2
        ],
        [
            0,
            3
        ],
        [
            0,
            4
        ],
        [
            1,
            5
        ],
        [
            1,
            6
        ],
        [
            4,
            7
        ],
        [
            4,
            8
        ],
        [
            4,
            9
        ],
        [
            6,
            10
        ],
        [
            6,
            11
        ],
        [
            8,
            12
        ],
        [
            8,
            13
        ],
        [
            8,
            14
        ],
        [
            11,
            15
        ],
        [
            11,
            16
        ],
        [
            11,
            17
        ],
        [
            16,
            18
        ],
        [
            16,
            19
        ],
        [
            16,
            20
        ]
    ]
}