{
    "guid": "1178749721306906624_twitter",
    "gt_cls": 0,
    "coalitions": [
        [
            "<user>",
            "dey",
            "can",
            "suck",
            "my",
            "dick",
            "my1",
            "po",
            "nd",
            "dat",
            "white",
            "ass",
            "judge"
        ],
        [
            "<user>",
            "dey"
        ],
        [
            "can",
            "suck",
            "my",
            "dick",
            "my1",
            "po",
            "nd",
            "dat",
            "white",
            "ass",
            "judge"
        ],
        [
            "<user>"
        ],
        [
            "dey"
        ],
        [
            "can"
        ],
        [
            "suck",
            "my",
            "dick",
            "my1",
            "po",
            "nd",
            "dat",
            "white",
            "ass",
            "judge"
        ],
        [
            "suck"
        ],
        [
            "my",
            "dick"
        ],
        [
            "my1",
            "po",
            "nd",
            "dat",
            "white",
            "ass",
            "judge"
        ],
        [
            "my"
        ],
        [
            "dick"
        ],
        [
            "my1"
        ],
        [
            "po",
            "nd",
            "dat",
            "white",
            "ass"
        ],
        [
            "judge"
        ],
        [
            "po",
            "nd",
            "dat"
        ],
        [
            "white"
        ],
        [
            "ass"
        ],
        [
            "po"
        ],
        [
            "nd"
        ],
        [
            "dat"
        ]
    ],
    "value_func": [
        1.0000000065115877,
        0.15360369532917312,
        0.8462425544265221,
        0.04662224291379813,
        0.10682675830613243,
        0.0417456641358677,
        0.8043959587000677,
        0.08407481016747229,
        0.10850372485418576,
        0.6117314740302784,
        0.04601956966352802,
        0.06240613220836745,
        0.045888117597004126,
        0.4796991044720628,
        0.08604005299526055,
        0.2619242818394147,
        0.1277891231194706,
        0.08997241381128863,
        0.04900715245866933,
        0.10423096365132613,
        0.10859362000118351
    ],
    "dividend_dir": [
        1,
        1,
        1,
        1,
        1,
        1,
        1,
        -1,
        1,
        1,
        1,
        -1,
        1,
        1,
        -1,
        -1,
        1,
        1,
        -1,
        1,
        -1
    ],
    "p_tree": [
        [
            null,
            0
        ],
        [
            0,
            1
        ],
        [
            0,
            2
        ],
        [
            1,
            3
        ],
        [
            1,
            4
        ],
        [
            2,
            5
        ],
        [
            2,
            6
        ],
        [
            6,
            7
        ],
        [
            6,
            8
        ],
        [
            6,
            9
        ],
        [
            8,
            10
        ],
        [
            8,
            11
        ],
        [
            9,
            12
        ],
        [
            9,
            13
        ],
        [
            9,
            14
        ],
        [
            13,
            15
        ],
        [
            13,
            16
        ],
        [
            13,
            17
        ],
        [
            15,
            18
        ],
        [
            15,
            19
        ],
        [
            15,
            20
        ]
    ]
}