{
    "guid": "1178130764405366784_twitter",
    "gt_cls": 0,
    "coalitions": [
        [
            "<user>",
            "nigga",
            "fucking",
            "called",
            "me",
            "a",
            "faggot",
            "when",
            "i",
            "said",
            "these",
            "things",
            "to",
            "him"
        ],
        [
            "<user>",
            "nigga",
            "fucking"
        ],
        [
            "called",
            "me",
            "a",
            "faggot",
            "when",
            "i",
            "said",
            "these",
            "things",
            "to",
            "him"
        ],
        [
            "<user>"
        ],
        [
            "nigga"
        ],
        [
            "fucking"
        ],
        [
            "called"
        ],
        [
            "me"
        ],
        [
            "a",
            "faggot"
        ],
        [
            "when",
            "i",
            "said",
            "these",
            "things",
            "to",
            "him"
        ],
        [
            "a",
            "faggot"
        ],
        [
            "when"
        ],
        [
            "i",
            "said",
            "these",
            "things",
            "to",
            "him"
        ],
        [
            "a"
        ],
        [
            "faggot"
        ],
        [
            "i"
        ],
        [
            "said",
            "these",
            "things",
            "to",
            "him"
        ],
        [
            "said"
        ],
        [
            "these",
            "things"
        ],
        [
            "to",
            "him"
        ],
        [
            "these"
        ],
        [
            "things"
        ],
        [
            "to"
        ],
        [
            "him"
        ]
    ],
    "value_func": [
        1.0000000066078039,
        0.4325328232877053,
        0.5672180833198661,
        0.08169986303789167,
        0.2621592453428815,
        0.08861589079692099,
        0.05090636458663626,
        0.0386354017827716,
        0.214434567803782,
        0.2629337644052348,
        0.2144109700655249,
        0.033483469157566954,
        0.22921198179190935,
        0.03701036755690337,
        0.17737700477036442,
        0.03334245014976463,
        0.1956048082214367,
        0.03814427452252754,
        0.08007911553211379,
        0.07714821509791742,
        0.041606374144525476,
        0.038363123223349956,
        0.03376804315126468,
        0.04324374201149605
    ],
    "dividend_dir": [
        1,
        -1,
        1,
        1,
        -1,
        1,
        1,
        1,
        -1,
        1,
        -1,
        -1,
        1,
        1,
        -1,
        1,
        1,
        1,
        1,
        1,
        1,
        1,
        1,
        -1
    ],
    "p_tree": [
        [
            null,
            0
        ],
        [
            0,
            1
        ],
        [
            0,
            2
        ],
        [
            1,
            3
        ],
        [
            1,
            4
        ],
        [
            1,
            5
        ],
        [
            2,
            6
        ],
        [
            2,
            7
        ],
        [
            2,
            8
        ],
        [
            2,
            9
        ],
        [
            8,
            10
        ],
        [
            9,
            11
        ],
        [
            9,
            12
        ],
        [
            10,
            13
        ],
        [
            10,
            14
        ],
        [
            12,
            15
        ],
        [
            12,
            16
        ],
        [
            16,
            17
        ],
        [
            16,
            18
        ],
        [
            16,
            19
        ],
        [
            18,
            20
        ],
        [
            18,
            21
        ],
        [
            19,
            22
        ],
        [
            19,
            23
        ]
    ]
}