{
    "guid": "1178776536398385155_twitter",
    "gt_cls": 0,
    "coalitions": [
        [
            "<user>",
            "queer",
            "jews",
            "unite",
            "💘",
            "🥰"
        ],
        [
            "<user>",
            "queer",
            "jews"
        ],
        [
            "unite",
            "💘"
        ],
        [
            "🥰"
        ],
        [
            "<user>"
        ],
        [
            "queer"
        ],
        [
            "jews"
        ],
        [
            "unite"
        ],
        [
            "💘"
        ]
    ],
    "value_func": [
        1.0000000213451066,
        0.49107096237642617,
        0.34165923089593836,
        0.1669753658109243,
        0.10589509306733107,
        0.19929679606959033,
        0.18570344663454663,
        0.17168404228168366,
        0.16953876235010554
    ],
    "dividend_dir": [
        -1,
        -1,
        -1,
        1,
        1,
        1,
        -1,
        -1,
        1
    ],
    "p_tree": [
        [
            null,
            0
        ],
        [
            0,
            1
        ],
        [
            0,
            2
        ],
        [
            0,
            3
        ],
        [
            1,
            4
        ],
        [
            1,
            5
        ],
        [
            1,
            6
        ],
        [
            2,
            7
        ],
        [
            2,
            8
        ]
    ]
}