{
    "guid": "1178318872950251520_twitter",
    "gt_cls": 0,
    "coalitions": [
        [
            "white",
            "people",
            "getting",
            "too",
            "comfortable",
            "with",
            "using",
            "the",
            "word",
            "ghetto"
        ],
        [
            "white",
            "people"
        ],
        [
            "getting",
            "too",
            "comfortable",
            "with",
            "using",
            "the",
            "word",
            "ghetto"
        ],
        [
            "white"
        ],
        [
            "people"
        ],
        [
            "getting"
        ],
        [
            "too",
            "comfortable",
            "with",
            "using",
            "the",
            "word",
            "ghetto"
        ],
        [
            "too"
        ],
        [
            "comfortable"
        ],
        [
            "with",
            "using",
            "the",
            "word",
            "ghetto"
        ],
        [
            "with"
        ],
        [
            "using",
            "the",
            "word",
            "ghetto"
        ],
        [
            "using",
            "the",
            "word",
            "ghetto"
        ],
        [
            "using"
        ],
        [
            "the",
            "word",
            "ghetto"
        ],
        [
            "the"
        ],
        [
            "word"
        ],
        [
            "ghetto"
        ]
    ],
    "value_func": [
        1.0000000065928352,
        0.2643955589801844,
        0.7350972923329159,
        0.14848732276202392,
        0.1153473135909292,
        0.07733259823828924,
        0.6569186844583964,
        0.0760483704372718,
        0.08346953933734766,
        0.49655583375192297,
        0.05947428417269195,
        0.43587801232479784,
        0.43460334154821767,
        0.08347104969757989,
        0.3498576210740576,
        0.08010783883494085,
        0.10768175357965684,
        0.16106131261168322
    ],
    "dividend_dir": [
        1,
        -1,
        1,
        -1,
        1,
        1,
        1,
        -1,
        -1,
        1,
        1,
        1,
        1,
        1,
        1,
        1,
        -1,
        1
    ],
    "p_tree": [
        [
            null,
            0
        ],
        [
            0,
            1
        ],
        [
            0,
            2
        ],
        [
            1,
            3
        ],
        [
            1,
            4
        ],
        [
            2,
            5
        ],
        [
            2,
            6
        ],
        [
            6,
            7
        ],
        [
            6,
            8
        ],
        [
            6,
            9
        ],
        [
            9,
            10
        ],
        [
            9,
            11
        ],
        [
            11,
            12
        ],
        [
            12,
            13
        ],
        [
            12,
            14
        ],
        [
            14,
            15
        ],
        [
            14,
            16
        ],
        [
            14,
            17
        ]
    ]
}