{
    "guid": "1178415250753892355_twitter",
    "gt_cls": 1,
    "coalitions": [
        [
            "knock",
            "off",
            "a",
            "cracker",
            "for",
            "callin",
            "me",
            "towelhead"
        ],
        [
            "knock",
            "off",
            "a",
            "cracker",
            "for",
            "callin",
            "me",
            "towelhead"
        ],
        [
            "knock"
        ],
        [
            "off"
        ],
        [
            "a",
            "cracker",
            "for",
            "callin",
            "me",
            "towelhead"
        ],
        [
            "a",
            "cracker"
        ],
        [
            "for",
            "callin",
            "me",
            "towelhead"
        ],
        [
            "a"
        ],
        [
            "cracker"
        ],
        [
            "for"
        ],
        [
            "callin",
            "me",
            "towelhead"
        ],
        [
            "callin",
            "me",
            "towelhead"
        ],
        [
            "callin"
        ],
        [
            "me"
        ],
        [
            "towelhead"
        ]
    ],
    "value_func": [
        0.999999980579833,
        0.9998208215685837,
        0.07059194137959414,
        0.05479177594687911,
        0.8742579452308611,
        0.29381366169580875,
        0.5803815308655929,
        0.05637876734900548,
        0.23732403182739864,
        0.0573030439981823,
        0.5229220090924791,
        0.5225842653010784,
        0.14328914495601053,
        0.08144181768796654,
        0.2975155588657005
    ],
    "dividend_dir": [
        -1,
        -1,
        -1,
        1,
        -1,
        1,
        -1,
        1,
        -1,
        1,
        -1,
        -1,
        1,
        1,
        -1
    ],
    "p_tree": [
        [
            null,
            0
        ],
        [
            0,
            1
        ],
        [
            1,
            2
        ],
        [
            1,
            3
        ],
        [
            1,
            4
        ],
        [
            4,
            5
        ],
        [
            4,
            6
        ],
        [
            5,
            7
        ],
        [
            5,
            8
        ],
        [
            6,
            9
        ],
        [
            6,
            10
        ],
        [
            10,
            11
        ],
        [
            11,
            12
        ],
        [
            11,
            13
        ],
        [
            11,
            14
        ]
    ]
}