{
    "guid": "1178733624486694917_twitter",
    "gt_cls": 0,
    "coalitions": [
        [
            "if",
            "hopper",
            "is",
            "died",
            "you",
            "all",
            "niggers",
            "better",
            "count",
            "your",
            "fucking",
            "days",
            "<user>"
        ],
        [
            "if",
            "hopper",
            "is",
            "died"
        ],
        [
            "you",
            "all",
            "niggers",
            "better"
        ],
        [
            "count",
            "your",
            "fucking",
            "days",
            "<user>"
        ],
        [
            "if"
        ],
        [
            "hopper",
            "is",
            "died"
        ],
        [
            "you"
        ],
        [
            "all",
            "niggers",
            "better"
        ],
        [
            "count"
        ],
        [
            "your",
            "fucking",
            "days",
            "<user>"
        ],
        [
            "hopper"
        ],
        [
            "is",
            "died"
        ],
        [
            "all"
        ],
        [
            "niggers",
            "better"
        ],
        [
            "your",
            "fucking",
            "days"
        ],
        [
            "<user>"
        ],
        [
            "is"
        ],
        [
            "died"
        ],
        [
            "niggers"
        ],
        [
            "better"
        ],
        [
            "your"
        ],
        [
            "fucking"
        ],
        [
            "days"
        ]
    ],
    "value_func": [
        0.9999999771244726,
        0.27134817625275287,
        0.46072797725636433,
        0.2667091079764589,
        0.04374109332297301,
        0.2272065986944287,
        0.05178288601001303,
        0.40785460673248597,
        0.053036921909116096,
        0.2131424497858045,
        0.09374268321246204,
        0.13305079101916695,
        0.051374388915320555,
        0.3553233198366924,
        0.1605228341029134,
        0.052253071137045484,
        0.054977847357444376,
        0.07790187784650275,
        0.31044236406833825,
        0.043655379375807074,
        0.04124564467162289,
        0.07428136237129991,
        0.04463578653873179
    ],
    "dividend_dir": [
        1,
        1,
        1,
        1,
        1,
        1,
        1,
        1,
        1,
        1,
        1,
        1,
        1,
        1,
        1,
        1,
        -1,
        1,
        1,
        1,
        1,
        1,
        1
    ],
    "p_tree": [
        [
            null,
            0
        ],
        [
            0,
            1
        ],
        [
            0,
            2
        ],
        [
            0,
            3
        ],
        [
            1,
            4
        ],
        [
            1,
            5
        ],
        [
            2,
            6
        ],
        [
            2,
            7
        ],
        [
            3,
            8
        ],
        [
            3,
            9
        ],
        [
            5,
            10
        ],
        [
            5,
            11
        ],
        [
            7,
            12
        ],
        [
            7,
            13
        ],
        [
            9,
            14
        ],
        [
            9,
            15
        ],
        [
            11,
            16
        ],
        [
            11,
            17
        ],
        [
            13,
            18
        ],
        [
            13,
            19
        ],
        [
            14,
            20
        ],
        [
            14,
            21
        ],
        [
            14,
            22
        ]
    ]
}