{
    "guid": "1178376939117121537_twitter",
    "gt_cls": 0,
    "coalitions": [
        [
            "<user>",
            "<user>1",
            "<user>2",
            "with",
            "a",
            "room",
            "full",
            "of",
            "white",
            "folks"
        ],
        [
            "<user>",
            "<user>1",
            "<user>2"
        ],
        [
            "with",
            "a",
            "room",
            "full",
            "of",
            "white",
            "folks"
        ],
        [
            "<user>"
        ],
        [
            "<user>1"
        ],
        [
            "<user>2"
        ],
        [
            "with"
        ],
        [
            "a",
            "room",
            "full",
            "of",
            "white",
            "folks"
        ],
        [
            "a",
            "room"
        ],
        [
            "full",
            "of",
            "white",
            "folks"
        ],
        [
            "a"
        ],
        [
            "room"
        ],
        [
            "full"
        ],
        [
            "of",
            "white",
            "folks"
        ],
        [
            "of"
        ],
        [
            "white",
            "folks"
        ],
        [
            "white"
        ],
        [
            "folks"
        ]
    ],
    "value_func": [
        0.9999999881325075,
        0.36522541571687617,
        0.6342677292309182,
        0.10148550235286849,
        0.14067383344557796,
        0.12297144402997638,
        0.07111921744283606,
        0.5626501697191312,
        0.14314092680602863,
        0.41909022670355206,
        0.05459855935205265,
        0.0881212610307739,
        0.07303742623739613,
        0.3458352353627596,
        0.06024671439105517,
        0.28538075238450916,
        0.1347531231140687,
        0.150335696173856
    ],
    "dividend_dir": [
        1,
        1,
        1,
        1,
        1,
        -1,
        1,
        1,
        1,
        1,
        1,
        1,
        1,
        1,
        -1,
        1,
        1,
        -1
    ],
    "p_tree": [
        [
            null,
            0
        ],
        [
            0,
            1
        ],
        [
            0,
            2
        ],
        [
            1,
            3
        ],
        [
            1,
            4
        ],
        [
            1,
            5
        ],
        [
            2,
            6
        ],
        [
            2,
            7
        ],
        [
            7,
            8
        ],
        [
            7,
            9
        ],
        [
            8,
            10
        ],
        [
            8,
            11
        ],
        [
            9,
            12
        ],
        [
            9,
            13
        ],
        [
            13,
            14
        ],
        [
            13,
            15
        ],
        [
            15,
            16
        ],
        [
            15,
            17
        ]
    ]
}