{
    "guid": "1178379130804432896_twitter",
    "gt_cls": 0,
    "coalitions": [
        [
            "thigh",
            "high",
            "black",
            "boots",
            "burberry",
            "all",
            "day",
            "bitches"
        ],
        [
            "thigh",
            "high",
            "black",
            "boots",
            "burberry"
        ],
        [
            "all",
            "day"
        ],
        [
            "bitches"
        ],
        [
            "thigh",
            "high",
            "black",
            "boots"
        ],
        [
            "burberry"
        ],
        [
            "all"
        ],
        [
            "day"
        ],
        [
            "thigh",
            "high"
        ],
        [
            "black"
        ],
        [
            "boots"
        ],
        [
            "thigh"
        ],
        [
            "high"
        ]
    ],
    "value_func": [
        1.0000000150119146,
        0.6220132674489873,
        0.1515087816811267,
        0.22590356014887603,
        0.3852707457919218,
        0.23611679135779565,
        0.0594213275775806,
        0.09185031844920957,
        0.14961243189921175,
        0.10203641583759296,
        0.133154141957587,
        0.06567728750983888,
        0.08358032736292081
    ],
    "dividend_dir": [
        1,
        1,
        1,
        -1,
        1,
        1,
        1,
        1,
        1,
        1,
        -1,
        1,
        1
    ],
    "p_tree": [
        [
            null,
            0
        ],
        [
            0,
            1
        ],
        [
            0,
            2
        ],
        [
            0,
            3
        ],
        [
            1,
            4
        ],
        [
            1,
            5
        ],
        [
            2,
            6
        ],
        [
            2,
            7
        ],
        [
            4,
            8
        ],
        [
            4,
            9
        ],
        [
            4,
            10
        ],
        [
            8,
            11
        ],
        [
            8,
            12
        ]
    ]
}