{
    "guid": "1178502719868325888_twitter",
    "gt_cls": 1,
    "coalitions": [
        [
            "<user>",
            "get",
            "well",
            "soon",
            "ching",
            "chong",
            "😌"
        ],
        [
            "<user>"
        ],
        [
            "get",
            "well",
            "soon",
            "ching",
            "chong"
        ],
        [
            "😌"
        ],
        [
            "get"
        ],
        [
            "well"
        ],
        [
            "soon"
        ],
        [
            "ching",
            "chong"
        ],
        [
            "ching"
        ],
        [
            "chong"
        ]
    ],
    "value_func": [
        0.9999999697386235,
        0.06727469268113322,
        0.7886399016098072,
        0.14204706401471381,
        0.06576060176237306,
        0.061848112857428965,
        0.10604482367593758,
        0.5528701204977429,
        0.26365987995838075,
        0.28611188257225684
    ],
    "dividend_dir": [
        1,
        -1,
        1,
        -1,
        1,
        -1,
        1,
        1,
        1,
        1
    ],
    "p_tree": [
        [
            null,
            0
        ],
        [
            0,
            1
        ],
        [
            0,
            2
        ],
        [
            0,
            3
        ],
        [
            2,
            4
        ],
        [
            2,
            5
        ],
        [
            2,
            6
        ],
        [
            2,
            7
        ],
        [
            7,
            8
        ],
        [
            7,
            9
        ]
    ]
}