{
    "guid": "1178857982722920449_twitter",
    "gt_cls": 1,
    "coalitions": [
        [
            "<user>",
            "eldar",
            "is",
            "queer",
            "race",
            "imperium",
            "of",
            "man",
            "is1",
            "patriarchy",
            "welcome",
            "to",
            "the",
            "new",
            "faggotry",
            "lmao"
        ],
        [
            "<user>",
            "eldar"
        ],
        [
            "is",
            "queer",
            "race",
            "imperium",
            "of",
            "man"
        ],
        [
            "is1",
            "patriarchy",
            "welcome",
            "to",
            "the",
            "new",
            "faggotry",
            "lmao"
        ],
        [
            "<user>"
        ],
        [
            "eldar"
        ],
        [
            "is"
        ],
        [
            "queer",
            "race",
            "imperium",
            "of",
            "man"
        ],
        [
            "is1"
        ],
        [
            "patriarchy",
            "welcome"
        ],
        [
            "to",
            "the",
            "new",
            "faggotry",
            "lmao"
        ],
        [
            "queer",
            "race",
            "imperium"
        ],
        [
            "of",
            "man"
        ],
        [
            "patriarchy"
        ],
        [
            "welcome"
        ],
        [
            "to"
        ],
        [
            "the",
            "new",
            "faggotry",
            "lmao"
        ],
        [
            "queer"
        ],
        [
            "race"
        ],
        [
            "imperium"
        ],
        [
            "of"
        ],
        [
            "man"
        ],
        [
            "the"
        ],
        [
            "new"
        ],
        [
            "faggotry"
        ],
        [
            "lmao"
        ]
    ],
    "value_func": [
        0.9999999999335479,
        0.13906901888671497,
        0.2568849832229707,
        0.6037280810221193,
        0.04894891596169835,
        0.0900454636460027,
        0.03224551152387231,
        0.22462211077302455,
        0.0264407452935486,
        0.10732525754113022,
        0.46958726560749964,
        0.1641401287687192,
        0.0604152604499363,
        0.07292297537509396,
        0.03434624876001783,
        0.018824356320612606,
        0.4502560549614008,
        0.04897960080677758,
        0.03568772299242034,
        0.07939898325929179,
        0.024339540386454014,
        0.03606895458586673,
        0.02287176527958404,
        0.032329198033767256,
        0.3020876491967329,
        0.09243328143107536
    ],
    "dividend_dir": [
        1,
        1,
        1,
        1,
        -1,
        1,
        -1,
        1,
        -1,
        -1,
        1,
        1,
        1,
        -1,
        -1,
        -1,
        1,
        -1,
        1,
        1,
        1,
        -1,
        -1,
        -1,
        1,
        -1
    ],
    "p_tree": [
        [
            null,
            0
        ],
        [
            0,
            1
        ],
        [
            0,
            2
        ],
        [
            0,
            3
        ],
        [
            1,
            4
        ],
        [
            1,
            5
        ],
        [
            2,
            6
        ],
        [
            2,
            7
        ],
        [
            3,
            8
        ],
        [
            3,
            9
        ],
        [
            3,
            10
        ],
        [
            7,
            11
        ],
        [
            7,
            12
        ],
        [
            9,
            13
        ],
        [
            9,
            14
        ],
        [
            10,
            15
        ],
        [
            10,
            16
        ],
        [
            11,
            17
        ],
        [
            11,
            18
        ],
        [
            11,
            19
        ],
        [
            12,
            20
        ],
        [
            12,
            21
        ],
        [
            16,
            22
        ],
        [
            16,
            23
        ],
        [
            16,
            24
        ],
        [
            16,
            25
        ]
    ]
}