{
    "guid": "1178567880251707392_twitter",
    "gt_cls": 0,
    "coalitions": [
        [
            "i",
            "guess",
            "i1",
            "get",
            "raped",
            "a",
            "lot"
        ],
        [
            "i"
        ],
        [
            "guess",
            "i1",
            "get",
            "raped",
            "a",
            "lot"
        ],
        [
            "guess"
        ],
        [
            "i1",
            "get",
            "raped",
            "a",
            "lot"
        ],
        [
            "i1",
            "get",
            "raped",
            "a",
            "lot"
        ],
        [
            "i1"
        ],
        [
            "get",
            "raped",
            "a",
            "lot"
        ],
        [
            "get"
        ],
        [
            "raped",
            "a",
            "lot"
        ],
        [
            "raped"
        ],
        [
            "a",
            "lot"
        ],
        [
            "a"
        ],
        [
            "lot"
        ]
    ],
    "value_func": [
        0.9999999979590973,
        0.09065020217343144,
        0.9089943836940598,
        0.13643196151117926,
        0.7722892569832703,
        0.7715772821957182,
        0.09503851733899306,
        0.675826790069173,
        0.12403995728223745,
        0.5512883120337392,
        0.3230656723765287,
        0.22789064737582287,
        0.09733310346073593,
        0.13048861448665655
    ],
    "dividend_dir": [
        1,
        1,
        1,
        -1,
        1,
        1,
        1,
        1,
        1,
        1,
        1,
        -1,
        1,
        -1
    ],
    "p_tree": [
        [
            null,
            0
        ],
        [
            0,
            1
        ],
        [
            0,
            2
        ],
        [
            2,
            3
        ],
        [
            2,
            4
        ],
        [
            4,
            5
        ],
        [
            5,
            6
        ],
        [
            5,
            7
        ],
        [
            7,
            8
        ],
        [
            7,
            9
        ],
        [
            9,
            10
        ],
        [
            9,
            11
        ],
        [
            11,
            12
        ],
        [
            11,
            13
        ]
    ]
}