{
    "guid": "1178605473743982594_twitter",
    "gt_cls": 0,
    "coalitions": [
        [
            "me",
            "🤝",
            "looking",
            "like",
            "a",
            "dyke",
            "every",
            "day"
        ],
        [
            "me"
        ],
        [
            "🤝"
        ],
        [
            "looking",
            "like",
            "a",
            "dyke",
            "every",
            "day"
        ],
        [
            "looking"
        ],
        [
            "like",
            "a",
            "dyke"
        ],
        [
            "every",
            "day"
        ],
        [
            "like"
        ],
        [
            "a",
            "dyke"
        ],
        [
            "every"
        ],
        [
            "day"
        ],
        [
            "a"
        ],
        [
            "dyke"
        ]
    ],
    "value_func": [
        1.0000000037845012,
        0.10249345071290382,
        0.0966942834717789,
        0.8006327703918422,
        0.11044558834560463,
        0.5321825152911316,
        0.15795679026985956,
        0.08352388201696884,
        0.4484300658603736,
        0.08517520678943385,
        0.07270234264099021,
        0.09853750138737896,
        0.34980745064808316
    ],
    "dividend_dir": [
        1,
        1,
        1,
        1,
        -1,
        1,
        -1,
        1,
        1,
        -1,
        1,
        1,
        -1
    ],
    "p_tree": [
        [
            null,
            0
        ],
        [
            0,
            1
        ],
        [
            0,
            2
        ],
        [
            0,
            3
        ],
        [
            3,
            4
        ],
        [
            3,
            5
        ],
        [
            3,
            6
        ],
        [
            5,
            7
        ],
        [
            5,
            8
        ],
        [
            6,
            9
        ],
        [
            6,
            10
        ],
        [
            8,
            11
        ],
        [
            8,
            12
        ]
    ]
}