{
    "guid": "1179098536199311365_twitter",
    "gt_cls": 0,
    "coalitions": [
        [
            "<user>",
            "then",
            "you",
            "are",
            "retarded",
            "which",
            "is",
            "kinda",
            "true"
        ],
        [
            "<user>"
        ],
        [
            "then"
        ],
        [
            "you"
        ],
        [
            "are",
            "retarded",
            "which",
            "is",
            "kinda",
            "true"
        ],
        [
            "are"
        ],
        [
            "retarded",
            "which",
            "is",
            "kinda",
            "true"
        ],
        [
            "retarded"
        ],
        [
            "which",
            "is",
            "kinda",
            "true"
        ],
        [
            "which"
        ],
        [
            "is",
            "kinda",
            "true"
        ],
        [
            "is",
            "kinda",
            "true"
        ],
        [
            "is"
        ],
        [
            "kinda",
            "true"
        ],
        [
            "kinda"
        ],
        [
            "true"
        ]
    ],
    "value_func": [
        1.0000000013153922,
        0.1130134941805894,
        0.1031098818913099,
        0.08840665019228068,
        0.6947534114092333,
        0.07742319636496178,
        0.6168096259703163,
        0.22939499722205817,
        0.38709373404705083,
        0.06999400960688673,
        0.3168615160441848,
        0.3166964769713615,
        0.06670346790822589,
        0.24982796999031232,
        0.13967711731764648,
        0.11004686407518185
    ],
    "dividend_dir": [
        1,
        1,
        1,
        1,
        1,
        1,
        1,
        1,
        1,
        1,
        1,
        1,
        1,
        -1,
        -1,
        1
    ],
    "p_tree": [
        [
            null,
            0
        ],
        [
            0,
            1
        ],
        [
            0,
            2
        ],
        [
            0,
            3
        ],
        [
            0,
            4
        ],
        [
            4,
            5
        ],
        [
            4,
            6
        ],
        [
            6,
            7
        ],
        [
            6,
            8
        ],
        [
            8,
            9
        ],
        [
            8,
            10
        ],
        [
            10,
            11
        ],
        [
            11,
            12
        ],
        [
            11,
            13
        ],
        [
            13,
            14
        ],
        [
            13,
            15
        ]
    ]
}