{
    "guid": "1179093621531906048_twitter",
    "gt_cls": 0,
    "coalitions": [
        [
            "i",
            "am",
            "a",
            "pumpkin",
            "bread",
            "slut"
        ],
        [
            "i"
        ],
        [
            "am",
            "a",
            "pumpkin",
            "bread",
            "slut"
        ],
        [
            "am"
        ],
        [
            "a",
            "pumpkin",
            "bread",
            "slut"
        ],
        [
            "a"
        ],
        [
            "pumpkin",
            "bread"
        ],
        [
            "slut"
        ],
        [
            "pumpkin"
        ],
        [
            "bread"
        ]
    ],
    "value_func": [
        1.000000020626569,
        0.08796040727473109,
        0.9117422137471513,
        0.08726593359130203,
        0.8243545556538472,
        0.09078703307606815,
        0.44820995650485346,
        0.28532907881278086,
        0.22421985103209574,
        0.22353953771632526
    ],
    "dividend_dir": [
        1,
        1,
        1,
        1,
        -1,
        1,
        -1,
        1,
        -1,
        -1
    ],
    "p_tree": [
        [
            null,
            0
        ],
        [
            0,
            1
        ],
        [
            0,
            2
        ],
        [
            2,
            3
        ],
        [
            2,
            4
        ],
        [
            4,
            5
        ],
        [
            4,
            6
        ],
        [
            4,
            7
        ],
        [
            6,
            8
        ],
        [
            6,
            9
        ]
    ]
}