{
    "guid": "1179023377660547072_twitter",
    "gt_cls": 0,
    "coalitions": [
        [
            "<user>",
            "well",
            "i",
            "can",
            "certainly",
            "taser",
            "a",
            "bitch"
        ],
        [
            "<user>",
            "well"
        ],
        [
            "i"
        ],
        [
            "can",
            "certainly",
            "taser",
            "a",
            "bitch"
        ],
        [
            "<user>",
            "well"
        ],
        [
            "can"
        ],
        [
            "certainly"
        ],
        [
            "taser",
            "a",
            "bitch"
        ],
        [
            "<user>"
        ],
        [
            "well"
        ],
        [
            "taser"
        ],
        [
            "a",
            "bitch"
        ],
        [
            "a"
        ],
        [
            "bitch"
        ]
    ],
    "value_func": [
        1.0000000059776464,
        0.1733983153162301,
        0.06724455558594648,
        0.7588981359119223,
        0.17305180468703915,
        0.055626274694899926,
        0.0779238220318674,
        0.6251789462645851,
        0.09138535394044747,
        0.08131994011740074,
        0.2109479394996377,
        0.41405224000233687,
        0.1012423678664895,
        0.312582973426664
    ],
    "dividend_dir": [
        1,
        1,
        1,
        1,
        1,
        -1,
        1,
        1,
        1,
        1,
        1,
        1,
        -1,
        1
    ],
    "p_tree": [
        [
            null,
            0
        ],
        [
            0,
            1
        ],
        [
            0,
            2
        ],
        [
            0,
            3
        ],
        [
            1,
            4
        ],
        [
            3,
            5
        ],
        [
            3,
            6
        ],
        [
            3,
            7
        ],
        [
            4,
            8
        ],
        [
            4,
            9
        ],
        [
            7,
            10
        ],
        [
            7,
            11
        ],
        [
            11,
            12
        ],
        [
            11,
            13
        ]
    ]
}