{
    "guid": "1179059458573512704_twitter",
    "gt_cls": 0,
    "coalitions": [
        [
            "<user>",
            "trump",
            "does",
            "not",
            "care",
            "about",
            "shithole",
            "countries"
        ],
        [
            "<user>",
            "trump"
        ],
        [
            "does",
            "not",
            "care",
            "about",
            "shithole",
            "countries"
        ],
        [
            "<user>"
        ],
        [
            "trump"
        ],
        [
            "does"
        ],
        [
            "not"
        ],
        [
            "care",
            "about",
            "shithole",
            "countries"
        ],
        [
            "care"
        ],
        [
            "about",
            "shithole",
            "countries"
        ],
        [
            "about"
        ],
        [
            "shithole",
            "countries"
        ],
        [
            "shithole"
        ],
        [
            "countries"
        ]
    ],
    "value_func": [
        1.0000000048022073,
        0.2237570665275549,
        0.7762143592545855,
        0.07343330792370777,
        0.1501460984493302,
        0.0550611999330448,
        0.0495670381465285,
        0.6715448782895386,
        0.07430367081417444,
        0.5972153423175074,
        0.07093179860542267,
        0.5261923229712586,
        0.38993198459055084,
        0.1362221223959798
    ],
    "dividend_dir": [
        1,
        1,
        -1,
        1,
        1,
        -1,
        1,
        -1,
        -1,
        1,
        1,
        1,
        -1,
        1
    ],
    "p_tree": [
        [
            null,
            0
        ],
        [
            0,
            1
        ],
        [
            0,
            2
        ],
        [
            1,
            3
        ],
        [
            1,
            4
        ],
        [
            2,
            5
        ],
        [
            2,
            6
        ],
        [
            2,
            7
        ],
        [
            7,
            8
        ],
        [
            7,
            9
        ],
        [
            9,
            10
        ],
        [
            9,
            11
        ],
        [
            11,
            12
        ],
        [
            11,
            13
        ]
    ]
}