{
    "guid": "1179073412578381827_twitter",
    "gt_cls": 0,
    "coalitions": [
        [
            "<user>",
            "they",
            "all",
            "look",
            "like",
            "me"
        ],
        [
            "<user>"
        ],
        [
            "they",
            "all"
        ],
        [
            "look",
            "like",
            "me"
        ],
        [
            "they"
        ],
        [
            "all"
        ],
        [
            "look"
        ],
        [
            "like",
            "me"
        ],
        [
            "like"
        ],
        [
            "me"
        ]
    ],
    "value_func": [
        0.999999975015927,
        0.1734728147079747,
        0.31371102258139366,
        0.5116481628074596,
        0.1515011855902074,
        0.16142575187653,
        0.1726820981720426,
        0.3381025940735349,
        0.1657398069385611,
        0.17150203400990507
    ],
    "dividend_dir": [
        1,
        1,
        1,
        1,
        1,
        1,
        1,
        1,
        1,
        1
    ],
    "p_tree": [
        [
            null,
            0
        ],
        [
            0,
            1
        ],
        [
            0,
            2
        ],
        [
            0,
            3
        ],
        [
            2,
            4
        ],
        [
            2,
            5
        ],
        [
            3,
            6
        ],
        [
            3,
            7
        ],
        [
            7,
            8
        ],
        [
            7,
            9
        ]
    ]
}