{
    "guid": "1179072603677450240_twitter",
    "gt_cls": 0,
    "coalitions": [
        [
            "i",
            "like",
            "the",
            "five",
            "gay",
            "guys",
            "it",
            "uplifting"
        ],
        [
            "i"
        ],
        [
            "like",
            "the",
            "five",
            "gay",
            "guys",
            "it",
            "uplifting"
        ],
        [
            "like"
        ],
        [
            "the",
            "five",
            "gay",
            "guys",
            "it",
            "uplifting"
        ],
        [
            "the",
            "five",
            "gay",
            "guys"
        ],
        [
            "it",
            "uplifting"
        ],
        [
            "the"
        ],
        [
            "five"
        ],
        [
            "gay"
        ],
        [
            "guys"
        ],
        [
            "it",
            "uplifting"
        ],
        [
            "it"
        ],
        [
            "uplifting"
        ]
    ],
    "value_func": [
        0.9999999985060599,
        0.0635252818230101,
        0.9360295248134467,
        0.07621267828827391,
        0.8592767517388185,
        0.6241561909278576,
        0.23449105253458388,
        0.06927982369061164,
        0.12487051145473702,
        0.27389369421180115,
        0.1553353555612343,
        0.23441374570824378,
        0.0707564253686348,
        0.16358001351326887
    ],
    "dividend_dir": [
        1,
        -1,
        1,
        -1,
        1,
        1,
        1,
        1,
        1,
        1,
        1,
        1,
        1,
        -1
    ],
    "p_tree": [
        [
            null,
            0
        ],
        [
            0,
            1
        ],
        [
            0,
            2
        ],
        [
            2,
            3
        ],
        [
            2,
            4
        ],
        [
            4,
            5
        ],
        [
            4,
            6
        ],
        [
            5,
            7
        ],
        [
            5,
            8
        ],
        [
            5,
            9
        ],
        [
            5,
            10
        ],
        [
            6,
            11
        ],
        [
            11,
            12
        ],
        [
            11,
            13
        ]
    ]
}