{
    "guid": "1179052128280690691_twitter",
    "gt_cls": 1,
    "coalitions": [
        [
            "<user>",
            "nice",
            "ching",
            "chong",
            "hat"
        ],
        [
            "<user>"
        ],
        [
            "nice"
        ],
        [
            "ching"
        ],
        [
            "chong"
        ],
        [
            "hat"
        ]
    ],
    "value_func": [
        1.0000000010044727,
        0.12981591367168774,
        0.1440460356878456,
        0.2693277587873734,
        0.27465129624723766,
        0.1802124961372168
    ],
    "dividend_dir": [
        1,
        1,
        1,
        1,
        1,
        1
    ],
    "p_tree": [
        [
            null,
            0
        ],
        [
            0,
            1
        ],
        [
            0,
            2
        ],
        [
            0,
            3
        ],
        [
            0,
            4
        ],
        [
            0,
            5
        ]
    ]
}