{
    "guid": "1179103318762803200_twitter",
    "gt_cls": 0,
    "coalitions": [
        [
            "i",
            "needed",
            "you",
            "and",
            "you1",
            "were",
            "not",
            "there",
            "that",
            "made",
            "me",
            "hate",
            "you2"
        ],
        [
            "i",
            "needed",
            "you"
        ],
        [
            "and"
        ],
        [
            "you1",
            "were",
            "not",
            "there",
            "that",
            "made",
            "me",
            "hate",
            "you2"
        ],
        [
            "i"
        ],
        [
            "needed",
            "you"
        ],
        [
            "you1"
        ],
        [
            "were",
            "not",
            "there",
            "that",
            "made",
            "me",
            "hate",
            "you2"
        ],
        [
            "needed"
        ],
        [
            "you"
        ],
        [
            "were"
        ],
        [
            "not"
        ],
        [
            "there"
        ],
        [
            "that",
            "made",
            "me",
            "hate",
            "you2"
        ],
        [
            "that"
        ],
        [
            "made",
            "me",
            "hate",
            "you2"
        ],
        [
            "made",
            "me",
            "hate",
            "you2"
        ],
        [
            "made"
        ],
        [
            "me",
            "hate",
            "you2"
        ],
        [
            "me"
        ],
        [
            "hate",
            "you2"
        ],
        [
            "hate"
        ],
        [
            "you2"
        ]
    ],
    "value_func": [
        1.000000002718669,
        0.21856099236286805,
        0.08066089593423573,
        0.7002873071883293,
        0.06934779448104761,
        0.14908342618573023,
        0.07641522149998943,
        0.6235541723160405,
        0.07614026516672406,
        0.072644983552343,
        0.057724796319913375,
        0.05883357878720656,
        0.06398422223013941,
        0.4427438873556748,
        0.05748661062279965,
        0.38502672870856414,
        0.38491112140380584,
        0.06670423529016502,
        0.31809127880888255,
        0.08533669260153379,
        0.23267366394748074,
        0.12497988997163237,
        0.10731160289656612
    ],
    "dividend_dir": [
        1,
        1,
        1,
        1,
        -1,
        1,
        1,
        1,
        1,
        1,
        1,
        1,
        1,
        1,
        1,
        1,
        1,
        1,
        1,
        1,
        -1,
        -1,
        1
    ],
    "p_tree": [
        [
            null,
            0
        ],
        [
            0,
            1
        ],
        [
            0,
            2
        ],
        [
            0,
            3
        ],
        [
            1,
            4
        ],
        [
            1,
            5
        ],
        [
            3,
            6
        ],
        [
            3,
            7
        ],
        [
            5,
            8
        ],
        [
            5,
            9
        ],
        [
            7,
            10
        ],
        [
            7,
            11
        ],
        [
            7,
            12
        ],
        [
            7,
            13
        ],
        [
            13,
            14
        ],
        [
            13,
            15
        ],
        [
            15,
            16
        ],
        [
            16,
            17
        ],
        [
            16,
            18
        ],
        [
            18,
            19
        ],
        [
            18,
            20
        ],
        [
            20,
            21
        ],
        [
            20,
            22
        ]
    ]
}