{
    "guid": "1179025513970577408_twitter",
    "gt_cls": 0,
    "coalitions": [
        [
            "first",
            "mental",
            "breakdown",
            "of",
            "the",
            "year",
            "i",
            "fucking",
            "hate",
            "school"
        ],
        [
            "first",
            "mental",
            "breakdown",
            "of",
            "the",
            "year"
        ],
        [
            "i",
            "fucking",
            "hate",
            "school"
        ],
        [
            "first",
            "mental",
            "breakdown"
        ],
        [
            "of",
            "the",
            "year"
        ],
        [
            "i"
        ],
        [
            "fucking",
            "hate",
            "school"
        ],
        [
            "first"
        ],
        [
            "mental"
        ],
        [
            "breakdown"
        ],
        [
            "of"
        ],
        [
            "the",
            "year"
        ],
        [
            "fucking"
        ],
        [
            "hate",
            "school"
        ],
        [
            "the"
        ],
        [
            "year"
        ],
        [
            "hate"
        ],
        [
            "school"
        ]
    ],
    "value_func": [
        0.9999999751700248,
        0.5588633079836102,
        0.44082697826101214,
        0.33872897080585146,
        0.2195244515339895,
        0.07662143293724256,
        0.36394911076685854,
        0.08976743448519921,
        0.11965898106159528,
        0.1289006663191508,
        0.06617144837786254,
        0.1528917636126289,
        0.10393282073940491,
        0.25961373906215246,
        0.06016803388627998,
        0.09246544016011167,
        0.1315257959203918,
        0.1280603164147609
    ],
    "dividend_dir": [
        1,
        1,
        -1,
        1,
        1,
        1,
        -1,
        1,
        1,
        1,
        1,
        1,
        -1,
        1,
        1,
        1,
        -1,
        1
    ],
    "p_tree": [
        [
            null,
            0
        ],
        [
            0,
            1
        ],
        [
            0,
            2
        ],
        [
            1,
            3
        ],
        [
            1,
            4
        ],
        [
            2,
            5
        ],
        [
            2,
            6
        ],
        [
            3,
            7
        ],
        [
            3,
            8
        ],
        [
            3,
            9
        ],
        [
            4,
            10
        ],
        [
            4,
            11
        ],
        [
            6,
            12
        ],
        [
            6,
            13
        ],
        [
            11,
            14
        ],
        [
            11,
            15
        ],
        [
            13,
            16
        ],
        [
            13,
            17
        ]
    ]
}