{
    "guid": "1179004417309323264_twitter",
    "gt_cls": 0,
    "coalitions": [
        [
            "asexual",
            "aromantic",
            "and",
            "agender",
            "are",
            "a",
            "part",
            "of",
            "the",
            "lgbtq",
            "community",
            "you",
            "morons"
        ],
        [
            "asexual",
            "aromantic",
            "and",
            "agender"
        ],
        [
            "are",
            "a",
            "part",
            "of",
            "the",
            "lgbtq",
            "community",
            "you",
            "morons"
        ],
        [
            "asexual"
        ],
        [
            "aromantic"
        ],
        [
            "and"
        ],
        [
            "agender"
        ],
        [
            "are"
        ],
        [
            "a",
            "part",
            "of",
            "the",
            "lgbtq",
            "community",
            "you",
            "morons"
        ],
        [
            "a",
            "part"
        ],
        [
            "of",
            "the",
            "lgbtq",
            "community",
            "you",
            "morons"
        ],
        [
            "a"
        ],
        [
            "part"
        ],
        [
            "of"
        ],
        [
            "the",
            "lgbtq",
            "community",
            "you",
            "morons"
        ],
        [
            "the",
            "lgbtq",
            "community"
        ],
        [
            "you",
            "morons"
        ],
        [
            "the"
        ],
        [
            "lgbtq"
        ],
        [
            "community"
        ],
        [
            "you",
            "morons"
        ],
        [
            "you"
        ],
        [
            "morons"
        ]
    ],
    "value_func": [
        1.0000000135169302,
        0.45474345061896354,
        0.5451399682404768,
        0.12127773626108304,
        0.22049552386789958,
        0.02694362404909292,
        0.08585916233938867,
        0.027755311281107465,
        0.5173812689651393,
        0.03699472906734789,
        0.48037768238147527,
        0.01605918446180212,
        0.020931626157676925,
        0.01831195444448749,
        0.46205778359875727,
        0.1968956211646034,
        0.26516023596635874,
        0.023563426416697123,
        0.12731350927543336,
        0.045863058357828876,
        0.26498506534578603,
        0.06648804050718299,
        0.1983218542180303
    ],
    "dividend_dir": [
        -1,
        -1,
        -1,
        -1,
        -1,
        1,
        -1,
        1,
        -1,
        -1,
        -1,
        1,
        -1,
        -1,
        -1,
        1,
        -1,
        -1,
        1,
        -1,
        -1,
        1,
        -1
    ],
    "p_tree": [
        [
            null,
            0
        ],
        [
            0,
            1
        ],
        [
            0,
            2
        ],
        [
            1,
            3
        ],
        [
            1,
            4
        ],
        [
            1,
            5
        ],
        [
            1,
            6
        ],
        [
            2,
            7
        ],
        [
            2,
            8
        ],
        [
            8,
            9
        ],
        [
            8,
            10
        ],
        [
            9,
            11
        ],
        [
            9,
            12
        ],
        [
            10,
            13
        ],
        [
            10,
            14
        ],
        [
            14,
            15
        ],
        [
            14,
            16
        ],
        [
            15,
            17
        ],
        [
            15,
            18
        ],
        [
            15,
            19
        ],
        [
            16,
            20
        ],
        [
            20,
            21
        ],
        [
            20,
            22
        ]
    ]
}