{
    "guid": "1179047923323154435_twitter",
    "gt_cls": 0,
    "coalitions": [
        [
            "<user>",
            "god",
            "speed",
            "to",
            "whoever",
            "has",
            "to1",
            "interview",
            "him"
        ],
        [
            "<user>",
            "god",
            "speed"
        ],
        [
            "to",
            "whoever",
            "has",
            "to1",
            "interview",
            "him"
        ],
        [
            "<user>"
        ],
        [
            "god"
        ],
        [
            "speed"
        ],
        [
            "to"
        ],
        [
            "whoever",
            "has",
            "to1",
            "interview",
            "him"
        ],
        [
            "whoever"
        ],
        [
            "has",
            "to1",
            "interview",
            "him"
        ],
        [
            "has",
            "to1",
            "interview",
            "him"
        ],
        [
            "has"
        ],
        [
            "to1",
            "interview",
            "him"
        ],
        [
            "to1",
            "interview",
            "him"
        ],
        [
            "to1"
        ],
        [
            "interview",
            "him"
        ],
        [
            "interview"
        ],
        [
            "him"
        ]
    ],
    "value_func": [
        0.999999969276129,
        0.4619911862605638,
        0.5372417693347306,
        0.17600898404426069,
        0.15147178776270265,
        0.13446195663180538,
        0.08710743737633944,
        0.4492034737805017,
        0.09990151438837738,
        0.3484997514090692,
        0.3474875658370696,
        0.08634276187829053,
        0.2601326183867794,
        0.2592890523112453,
        0.0673954005961331,
        0.19105008563957812,
        0.10517800650416093,
        0.08515904496735217
    ],
    "dividend_dir": [
        1,
        -1,
        1,
        1,
        -1,
        -1,
        1,
        1,
        -1,
        1,
        1,
        1,
        1,
        1,
        1,
        1,
        1,
        1
    ],
    "p_tree": [
        [
            null,
            0
        ],
        [
            0,
            1
        ],
        [
            0,
            2
        ],
        [
            1,
            3
        ],
        [
            1,
            4
        ],
        [
            1,
            5
        ],
        [
            2,
            6
        ],
        [
            2,
            7
        ],
        [
            7,
            8
        ],
        [
            7,
            9
        ],
        [
            9,
            10
        ],
        [
            10,
            11
        ],
        [
            10,
            12
        ],
        [
            12,
            13
        ],
        [
            13,
            14
        ],
        [
            13,
            15
        ],
        [
            15,
            16
        ],
        [
            15,
            17
        ]
    ]
}