{
    "guid": "1179064024094400512_twitter",
    "gt_cls": 0,
    "coalitions": [
        [
            "nah",
            "bitch",
            "quit",
            "playing",
            "with",
            "me"
        ],
        [
            "nah",
            "bitch"
        ],
        [
            "quit",
            "playing",
            "with",
            "me"
        ],
        [
            "nah"
        ],
        [
            "bitch"
        ],
        [
            "quit"
        ],
        [
            "playing",
            "with",
            "me"
        ],
        [
            "playing",
            "with",
            "me"
        ],
        [
            "playing"
        ],
        [
            "with",
            "me"
        ],
        [
            "with"
        ],
        [
            "me"
        ]
    ],
    "value_func": [
        0.9999999788076759,
        0.4945425365693071,
        0.5045135777611548,
        0.26056785889406725,
        0.23288177087470796,
        0.15533661463906534,
        0.34880352101203316,
        0.34801148714143315,
        0.12799156812226803,
        0.2192278851485651,
        0.10108945005265309,
        0.11726671357721528
    ],
    "dividend_dir": [
        1,
        1,
        1,
        1,
        1,
        -1,
        1,
        1,
        1,
        1,
        1,
        1
    ],
    "p_tree": [
        [
            null,
            0
        ],
        [
            0,
            1
        ],
        [
            0,
            2
        ],
        [
            1,
            3
        ],
        [
            1,
            4
        ],
        [
            2,
            5
        ],
        [
            2,
            6
        ],
        [
            6,
            7
        ],
        [
            7,
            8
        ],
        [
            7,
            9
        ],
        [
            9,
            10
        ],
        [
            9,
            11
        ]
    ]
}