{
    "guid": "1179101617477619712_twitter",
    "gt_cls": 0,
    "coalitions": [
        [
            "<user>",
            "funny",
            "guy"
        ],
        [
            "<user>"
        ],
        [
            "funny"
        ],
        [
            "guy"
        ]
    ],
    "value_func": [
        0.9999999983573405,
        0.23619434541025378,
        0.415633547662149,
        0.34692915905740296
    ],
    "dividend_dir": [
        1,
        1,
        -1,
        1
    ],
    "p_tree": [
        [
            null,
            0
        ],
        [
            0,
            1
        ],
        [
            0,
            2
        ],
        [
            0,
            3
        ]
    ]
}