{
    "guid": "1179011958823178240_twitter",
    "gt_cls": 0,
    "coalitions": [
        [
            "clowns",
            "in",
            "this",
            "bitch"
        ],
        [
            "clowns"
        ],
        [
            "in",
            "this",
            "bitch"
        ],
        [
            "in"
        ],
        [
            "this",
            "bitch"
        ],
        [
            "this"
        ],
        [
            "bitch"
        ]
    ],
    "value_func": [
        0.999999983442619,
        0.4246414608957389,
        0.5744651178653418,
        0.1539331251798531,
        0.42031737133928593,
        0.18224112337410345,
        0.23756770250799397
    ],
    "dividend_dir": [
        1,
        1,
        1,
        -1,
        1,
        1,
        -1
    ],
    "p_tree": [
        [
            null,
            0
        ],
        [
            0,
            1
        ],
        [
            0,
            2
        ],
        [
            2,
            3
        ],
        [
            2,
            4
        ],
        [
            4,
            5
        ],
        [
            4,
            6
        ]
    ]
}