{
    "guid": "1179040165999726592_twitter",
    "gt_cls": 0,
    "coalitions": [
        [
            "fuck",
            "police",
            "and",
            "if",
            "you",
            "support",
            "them",
            "fuck1",
            "you1",
            "too"
        ],
        [
            "fuck",
            "police"
        ],
        [
            "and"
        ],
        [
            "if",
            "you",
            "support",
            "them",
            "fuck1",
            "you1",
            "too"
        ],
        [
            "fuck",
            "police"
        ],
        [
            "if",
            "you",
            "support",
            "them"
        ],
        [
            "fuck1",
            "you1",
            "too"
        ],
        [
            "fuck"
        ],
        [
            "police"
        ],
        [
            "if"
        ],
        [
            "you",
            "support",
            "them"
        ],
        [
            "fuck1"
        ],
        [
            "you1"
        ],
        [
            "too"
        ],
        [
            "you"
        ],
        [
            "support",
            "them"
        ],
        [
            "support"
        ],
        [
            "them"
        ]
    ],
    "value_func": [
        0.9999999917215551,
        0.3101056728206537,
        0.0550074060623724,
        0.6346136020626219,
        0.3098399976535593,
        0.2963689446656421,
        0.338134979986675,
        0.16485049030248144,
        0.14472383218398344,
        0.056444446542344685,
        0.23976574922730612,
        0.1944061064490214,
        0.07128347596149076,
        0.07243079345519125,
        0.050941143213248344,
        0.18878412115416104,
        0.0999439007281291,
        0.08876133293687682
    ],
    "dividend_dir": [
        1,
        1,
        1,
        1,
        1,
        1,
        -1,
        -1,
        1,
        1,
        1,
        -1,
        1,
        1,
        -1,
        1,
        1,
        1
    ],
    "p_tree": [
        [
            null,
            0
        ],
        [
            0,
            1
        ],
        [
            0,
            2
        ],
        [
            0,
            3
        ],
        [
            1,
            4
        ],
        [
            3,
            5
        ],
        [
            3,
            6
        ],
        [
            4,
            7
        ],
        [
            4,
            8
        ],
        [
            5,
            9
        ],
        [
            5,
            10
        ],
        [
            6,
            11
        ],
        [
            6,
            12
        ],
        [
            6,
            13
        ],
        [
            10,
            14
        ],
        [
            10,
            15
        ],
        [
            15,
            16
        ],
        [
            15,
            17
        ]
    ]
}