{
    "guid": "1179073367057547269_twitter",
    "gt_cls": 0,
    "coalitions": [
        [
            "<user>",
            "dis",
            "nigga",
            "called",
            "us",
            "coons",
            "and",
            "niggers",
            "with",
            "a",
            "er",
            "am",
            "i",
            "missing",
            "something",
            "lmao"
        ],
        [
            "<user>",
            "dis",
            "nigga"
        ],
        [
            "called",
            "us",
            "coons",
            "and",
            "niggers",
            "with",
            "a",
            "er",
            "am",
            "i",
            "missing",
            "something",
            "lmao"
        ],
        [
            "<user>"
        ],
        [
            "dis"
        ],
        [
            "nigga"
        ],
        [
            "called"
        ],
        [
            "us",
            "coons",
            "and",
            "niggers"
        ],
        [
            "with",
            "a",
            "er",
            "am"
        ],
        [
            "i",
            "missing",
            "something",
            "lmao"
        ],
        [
            "us"
        ],
        [
            "coons"
        ],
        [
            "and"
        ],
        [
            "niggers"
        ],
        [
            "with"
        ],
        [
            "a",
            "er",
            "am"
        ],
        [
            "i"
        ],
        [
            "missing",
            "something",
            "lmao"
        ],
        [
            "a"
        ],
        [
            "er"
        ],
        [
            "am"
        ],
        [
            "missing"
        ],
        [
            "something",
            "lmao"
        ],
        [
            "something"
        ],
        [
            "lmao"
        ]
    ],
    "value_func": [
        0.9999999897740355,
        0.28437558097238835,
        0.715400433327259,
        0.04511055635083527,
        0.0738341349958255,
        0.16532560584993045,
        0.04404380245613975,
        0.45098236482157683,
        0.0845237731648275,
        0.13555107307554087,
        0.054954905264331264,
        0.11456450723099441,
        0.03155521248796287,
        0.24931324098656257,
        0.020338492481493033,
        0.06411259413745085,
        0.02151645671716997,
        0.11401993010875508,
        0.01783024669988009,
        0.025320543510395588,
        0.020928562981775208,
        0.024167100804935716,
        0.08983722381532117,
        0.02000282675309656,
        0.06977266339937475
    ],
    "dividend_dir": [
        -1,
        1,
        -1,
        1,
        -1,
        1,
        1,
        -1,
        1,
        1,
        1,
        -1,
        1,
        -1,
        1,
        1,
        1,
        1,
        1,
        -1,
        1,
        -1,
        1,
        1,
        1
    ],
    "p_tree": [
        [
            null,
            0
        ],
        [
            0,
            1
        ],
        [
            0,
            2
        ],
        [
            1,
            3
        ],
        [
            1,
            4
        ],
        [
            1,
            5
        ],
        [
            2,
            6
        ],
        [
            2,
            7
        ],
        [
            2,
            8
        ],
        [
            2,
            9
        ],
        [
            7,
            10
        ],
        [
            7,
            11
        ],
        [
            7,
            12
        ],
        [
            7,
            13
        ],
        [
            8,
            14
        ],
        [
            8,
            15
        ],
        [
            9,
            16
        ],
        [
            9,
            17
        ],
        [
            15,
            18
        ],
        [
            15,
            19
        ],
        [
            15,
            20
        ],
        [
            17,
            21
        ],
        [
            17,
            22
        ],
        [
            22,
            23
        ],
        [
            22,
            24
        ]
    ]
}