{
    "guid": "1179105246137724928_twitter",
    "gt_cls": 0,
    "coalitions": [
        [
            "<user>",
            "<user>1",
            "jews",
            "actually",
            "are",
            "the",
            "most",
            "over",
            "represented"
        ],
        [
            "<user>",
            "<user>1",
            "jews"
        ],
        [
            "actually"
        ],
        [
            "are",
            "the",
            "most",
            "over",
            "represented"
        ],
        [
            "<user>",
            "<user>1"
        ],
        [
            "jews"
        ],
        [
            "are"
        ],
        [
            "the",
            "most",
            "over",
            "represented"
        ],
        [
            "<user>"
        ],
        [
            "<user>1"
        ],
        [
            "the"
        ],
        [
            "most",
            "over",
            "represented"
        ],
        [
            "most",
            "over"
        ],
        [
            "represented"
        ],
        [
            "most"
        ],
        [
            "over"
        ]
    ],
    "value_func": [
        0.9999999715946497,
        0.5257998229188764,
        0.09012817155565843,
        0.38406878533082583,
        0.28734930274873066,
        0.23782209402650764,
        0.06540294360366143,
        0.3184952345640357,
        0.1247363264252985,
        0.16111405429440115,
        0.05029769114436152,
        0.26810945110862294,
        0.1679860062914965,
        0.10001014274429727,
        0.07147406763235163,
        0.09641105994192868
    ],
    "dividend_dir": [
        1,
        1,
        -1,
        -1,
        1,
        -1,
        -1,
        -1,
        1,
        1,
        1,
        -1,
        -1,
        -1,
        1,
        -1
    ],
    "p_tree": [
        [
            null,
            0
        ],
        [
            0,
            1
        ],
        [
            0,
            2
        ],
        [
            0,
            3
        ],
        [
            1,
            4
        ],
        [
            1,
            5
        ],
        [
            3,
            6
        ],
        [
            3,
            7
        ],
        [
            4,
            8
        ],
        [
            4,
            9
        ],
        [
            7,
            10
        ],
        [
            7,
            11
        ],
        [
            11,
            12
        ],
        [
            11,
            13
        ],
        [
            12,
            14
        ],
        [
            12,
            15
        ]
    ]
}