{
    "guid": "1179071028552781824_twitter",
    "gt_cls": 0,
    "coalitions": [
        [
            "i",
            "am",
            "the",
            "collector",
            "of",
            "all",
            "white",
            "sauces"
        ],
        [
            "i"
        ],
        [
            "am",
            "the",
            "collector",
            "of",
            "all",
            "white",
            "sauces"
        ],
        [
            "am"
        ],
        [
            "the",
            "collector",
            "of",
            "all",
            "white",
            "sauces"
        ],
        [
            "the",
            "collector"
        ],
        [
            "of",
            "all",
            "white",
            "sauces"
        ],
        [
            "the"
        ],
        [
            "collector"
        ],
        [
            "of"
        ],
        [
            "all",
            "white",
            "sauces"
        ],
        [
            "all"
        ],
        [
            "white"
        ],
        [
            "sauces"
        ]
    ],
    "value_func": [
        0.999999961297043,
        0.07308333299305737,
        0.9267536216518684,
        0.07434768132319634,
        0.8522173373571956,
        0.21983537829068872,
        0.6321015225037074,
        0.08036955379226494,
        0.1388533092079242,
        0.08019493653648711,
        0.5518550441993848,
        0.0946184736036995,
        0.1288887451312801,
        0.3280529756817485
    ],
    "dividend_dir": [
        1,
        -1,
        1,
        -1,
        1,
        1,
        -1,
        1,
        1,
        1,
        -1,
        -1,
        1,
        -1
    ],
    "p_tree": [
        [
            null,
            0
        ],
        [
            0,
            1
        ],
        [
            0,
            2
        ],
        [
            2,
            3
        ],
        [
            2,
            4
        ],
        [
            4,
            5
        ],
        [
            4,
            6
        ],
        [
            5,
            7
        ],
        [
            5,
            8
        ],
        [
            6,
            9
        ],
        [
            6,
            10
        ],
        [
            10,
            11
        ],
        [
            10,
            12
        ],
        [
            10,
            13
        ]
    ]
}