{
    "guid": "1179105337292607491_twitter",
    "gt_cls": 0,
    "coalitions": [
        [
            "<user>",
            "every",
            "single",
            "white",
            "person",
            "found",
            "dead",
            "in",
            "a",
            "ditch"
        ],
        [
            "<user>"
        ],
        [
            "every",
            "single",
            "white",
            "person",
            "found",
            "dead",
            "in",
            "a",
            "ditch"
        ],
        [
            "every",
            "single",
            "white",
            "person"
        ],
        [
            "found",
            "dead",
            "in",
            "a",
            "ditch"
        ],
        [
            "every"
        ],
        [
            "single"
        ],
        [
            "white"
        ],
        [
            "person"
        ],
        [
            "found"
        ],
        [
            "dead",
            "in",
            "a",
            "ditch"
        ],
        [
            "dead",
            "in",
            "a",
            "ditch"
        ],
        [
            "dead"
        ],
        [
            "in",
            "a",
            "ditch"
        ],
        [
            "in"
        ],
        [
            "a",
            "ditch"
        ],
        [
            "a"
        ],
        [
            "ditch"
        ]
    ],
    "value_func": [
        1.0000000028684586,
        0.08860072813186924,
        0.9112520138878782,
        0.4249438673601621,
        0.48620315293269084,
        0.09381485859293894,
        0.08542516293086304,
        0.1424356655979468,
        0.10300901043661537,
        0.08888114173782037,
        0.397231436593391,
        0.39676686638371933,
        0.12402187957505559,
        0.27228041659899205,
        0.06238674308486888,
        0.20978911488130167,
        0.07080768374503713,
        0.13864481206701873
    ],
    "dividend_dir": [
        1,
        1,
        1,
        1,
        -1,
        -1,
        1,
        1,
        1,
        1,
        -1,
        -1,
        -1,
        -1,
        1,
        -1,
        -1,
        -1
    ],
    "p_tree": [
        [
            null,
            0
        ],
        [
            0,
            1
        ],
        [
            0,
            2
        ],
        [
            2,
            3
        ],
        [
            2,
            4
        ],
        [
            3,
            5
        ],
        [
            3,
            6
        ],
        [
            3,
            7
        ],
        [
            3,
            8
        ],
        [
            4,
            9
        ],
        [
            4,
            10
        ],
        [
            10,
            11
        ],
        [
            11,
            12
        ],
        [
            11,
            13
        ],
        [
            13,
            14
        ],
        [
            13,
            15
        ],
        [
            15,
            16
        ],
        [
            15,
            17
        ]
    ]
}