{
    "guid": "1179043156131811329_twitter",
    "gt_cls": 1,
    "coalitions": [
        [
            "you",
            "niggers",
            "are",
            "dumb"
        ],
        [
            "you"
        ],
        [
            "niggers"
        ],
        [
            "are",
            "dumb"
        ],
        [
            "are"
        ],
        [
            "dumb"
        ]
    ],
    "value_func": [
        0.9999999881071162,
        0.10848304693021146,
        0.5824084031397324,
        0.3065523479863849,
        0.10252980513571046,
        0.20323312757164147
    ],
    "dividend_dir": [
        1,
        1,
        1,
        1,
        1,
        1
    ],
    "p_tree": [
        [
            null,
            0
        ],
        [
            0,
            1
        ],
        [
            0,
            2
        ],
        [
            0,
            3
        ],
        [
            3,
            4
        ],
        [
            3,
            5
        ]
    ]
}