{
    "guid": "1179072805184446464_twitter",
    "gt_cls": 0,
    "coalitions": [
        [
            "<user>",
            "<user>1",
            "<user>2",
            "u",
            "talking",
            "about",
            "the",
            "white",
            "supremacists",
            "neonazi",
            "sympathizer",
            "called",
            "djt",
            "🤔"
        ],
        [
            "<user>",
            "<user>1",
            "<user>2",
            "u"
        ],
        [
            "talking",
            "about",
            "the",
            "white",
            "supremacists",
            "neonazi",
            "sympathizer",
            "called",
            "djt"
        ],
        [
            "🤔"
        ],
        [
            "<user>"
        ],
        [
            "<user>1"
        ],
        [
            "<user>2"
        ],
        [
            "u"
        ],
        [
            "talking"
        ],
        [
            "about",
            "the",
            "white",
            "supremacists",
            "neonazi",
            "sympathizer",
            "called",
            "djt"
        ],
        [
            "about"
        ],
        [
            "the",
            "white",
            "supremacists",
            "neonazi",
            "sympathizer",
            "called",
            "djt"
        ],
        [
            "the",
            "white",
            "supremacists",
            "neonazi",
            "sympathizer"
        ],
        [
            "called",
            "djt"
        ],
        [
            "the"
        ],
        [
            "white",
            "supremacists",
            "neonazi"
        ],
        [
            "sympathizer"
        ],
        [
            "called"
        ],
        [
            "djt"
        ],
        [
            "white",
            "supremacists"
        ],
        [
            "neonazi"
        ],
        [
            "white"
        ],
        [
            "supremacists"
        ]
    ],
    "value_func": [
        1.0000000136947687,
        0.22999096540504144,
        0.7432958499958339,
        0.02661991381424717,
        0.046062878547043155,
        0.057429884671029136,
        0.05790584692307255,
        0.06846960955115369,
        0.046537085551075275,
        0.6967030044468969,
        0.029181768296627393,
        0.667495031314792,
        0.5768771677136777,
        0.09059335499407851,
        0.028912897806030805,
        0.4024612815711276,
        0.1454112560000144,
        0.03579915331334894,
        0.05454977872652804,
        0.22518088667814765,
        0.17712871894990384,
        0.05602339093766903,
        0.16909904927904332
    ],
    "dividend_dir": [
        1,
        1,
        1,
        1,
        1,
        -1,
        1,
        1,
        1,
        1,
        1,
        1,
        -1,
        1,
        1,
        -1,
        -1,
        1,
        1,
        -1,
        -1,
        -1,
        -1
    ],
    "p_tree": [
        [
            null,
            0
        ],
        [
            0,
            1
        ],
        [
            0,
            2
        ],
        [
            0,
            3
        ],
        [
            1,
            4
        ],
        [
            1,
            5
        ],
        [
            1,
            6
        ],
        [
            1,
            7
        ],
        [
            2,
            8
        ],
        [
            2,
            9
        ],
        [
            9,
            10
        ],
        [
            9,
            11
        ],
        [
            11,
            12
        ],
        [
            11,
            13
        ],
        [
            12,
            14
        ],
        [
            12,
            15
        ],
        [
            12,
            16
        ],
        [
            13,
            17
        ],
        [
            13,
            18
        ],
        [
            15,
            19
        ],
        [
            15,
            20
        ],
        [
            19,
            21
        ],
        [
            19,
            22
        ]
    ]
}