{
    "guid": "1179097570326523904_twitter",
    "gt_cls": 0,
    "coalitions": [
        [
            "<user>",
            "is",
            "it",
            "on",
            "wattpad",
            "a",
            "bitch",
            "is1",
            "broke",
            "to",
            "buy",
            "it1",
            "lmao"
        ],
        [
            "<user>"
        ],
        [
            "is",
            "it",
            "on",
            "wattpad",
            "a",
            "bitch",
            "is1",
            "broke",
            "to",
            "buy",
            "it1",
            "lmao"
        ],
        [
            "is"
        ],
        [
            "it"
        ],
        [
            "on",
            "wattpad"
        ],
        [
            "a",
            "bitch",
            "is1",
            "broke",
            "to",
            "buy",
            "it1",
            "lmao"
        ],
        [
            "on"
        ],
        [
            "wattpad"
        ],
        [
            "a",
            "bitch",
            "is1",
            "broke",
            "to",
            "buy",
            "it1",
            "lmao"
        ],
        [
            "a",
            "bitch"
        ],
        [
            "is1",
            "broke",
            "to",
            "buy",
            "it1",
            "lmao"
        ],
        [
            "a"
        ],
        [
            "bitch"
        ],
        [
            "is1"
        ],
        [
            "broke",
            "to",
            "buy",
            "it1",
            "lmao"
        ],
        [
            "broke"
        ],
        [
            "to",
            "buy",
            "it1",
            "lmao"
        ],
        [
            "to",
            "buy",
            "it1",
            "lmao"
        ],
        [
            "to"
        ],
        [
            "buy",
            "it1",
            "lmao"
        ],
        [
            "buy"
        ],
        [
            "it1"
        ],
        [
            "lmao"
        ]
    ],
    "value_func": [
        1.0000000034290297,
        0.04728222754924248,
        0.9522774151735655,
        0.04293264769145927,
        0.041832529082207824,
        0.28915247872746763,
        0.5779579017377692,
        0.053508836337501094,
        0.23545822588437018,
        0.5777006573864651,
        0.15780916693128194,
        0.4196342461038791,
        0.04664238429051553,
        0.11095686979854068,
        0.044170838996344455,
        0.3750713220677795,
        0.0697883778934441,
        0.3049053045591131,
        0.3044560821696481,
        0.03766696540766982,
        0.26633989437251326,
        0.06491634225958012,
        0.04275830613941265,
        0.15816882225216822
    ],
    "dividend_dir": [
        1,
        1,
        1,
        1,
        1,
        1,
        1,
        -1,
        1,
        1,
        -1,
        1,
        1,
        -1,
        1,
        1,
        -1,
        1,
        1,
        -1,
        1,
        1,
        1,
        1
    ],
    "p_tree": [
        [
            null,
            0
        ],
        [
            0,
            1
        ],
        [
            0,
            2
        ],
        [
            2,
            3
        ],
        [
            2,
            4
        ],
        [
            2,
            5
        ],
        [
            2,
            6
        ],
        [
            5,
            7
        ],
        [
            5,
            8
        ],
        [
            6,
            9
        ],
        [
            9,
            10
        ],
        [
            9,
            11
        ],
        [
            10,
            12
        ],
        [
            10,
            13
        ],
        [
            11,
            14
        ],
        [
            11,
            15
        ],
        [
            15,
            16
        ],
        [
            15,
            17
        ],
        [
            17,
            18
        ],
        [
            18,
            19
        ],
        [
            18,
            20
        ],
        [
            20,
            21
        ],
        [
            20,
            22
        ],
        [
            20,
            23
        ]
    ]
}