{
    "guid": "1179070575823605760_twitter",
    "gt_cls": 0,
    "coalitions": [
        [
            "goodmorning",
            "to",
            "toxic",
            "abusive",
            "women",
            "only"
        ],
        [
            "goodmorning",
            "to",
            "toxic",
            "abusive",
            "women",
            "only"
        ],
        [
            "goodmorning"
        ],
        [
            "to",
            "toxic",
            "abusive",
            "women"
        ],
        [
            "only"
        ],
        [
            "to"
        ],
        [
            "toxic",
            "abusive",
            "women"
        ],
        [
            "toxic"
        ],
        [
            "abusive"
        ],
        [
            "women"
        ]
    ],
    "value_func": [
        1.0000000100955588,
        0.999883739435715,
        0.26732633051005145,
        0.6676102395152078,
        0.06483089875061178,
        0.0701479607584167,
        0.5974500372024539,
        0.24271864675068924,
        0.22530666421418766,
        0.1293525199044522
    ],
    "dividend_dir": [
        -1,
        -1,
        -1,
        -1,
        -1,
        1,
        -1,
        -1,
        1,
        -1
    ],
    "p_tree": [
        [
            null,
            0
        ],
        [
            0,
            1
        ],
        [
            1,
            2
        ],
        [
            1,
            3
        ],
        [
            1,
            4
        ],
        [
            3,
            5
        ],
        [
            3,
            6
        ],
        [
            6,
            7
        ],
        [
            6,
            8
        ],
        [
            6,
            9
        ]
    ]
}