{
    "guid": "1179084859832180736_twitter",
    "gt_cls": 0,
    "coalitions": [
        [
            "i",
            "just",
            "thought",
            "about",
            "wtf",
            "i1",
            "am",
            "doing",
            "and",
            "i2",
            "am1",
            "fucking",
            "retarded"
        ],
        [
            "i",
            "just",
            "thought",
            "about",
            "wtf",
            "i1",
            "am",
            "doing"
        ],
        [
            "and"
        ],
        [
            "i2",
            "am1",
            "fucking",
            "retarded"
        ],
        [
            "i"
        ],
        [
            "just"
        ],
        [
            "thought",
            "about",
            "wtf",
            "i1",
            "am",
            "doing"
        ],
        [
            "i2"
        ],
        [
            "am1",
            "fucking",
            "retarded"
        ],
        [
            "thought"
        ],
        [
            "about",
            "wtf",
            "i1",
            "am",
            "doing"
        ],
        [
            "am1"
        ],
        [
            "fucking",
            "retarded"
        ],
        [
            "about"
        ],
        [
            "wtf",
            "i1",
            "am",
            "doing"
        ],
        [
            "fucking"
        ],
        [
            "retarded"
        ],
        [
            "wtf"
        ],
        [
            "i1",
            "am",
            "doing"
        ],
        [
            "i1"
        ],
        [
            "am",
            "doing"
        ],
        [
            "am"
        ],
        [
            "doing"
        ]
    ],
    "value_func": [
        1.0000000020347846,
        0.6363777686126479,
        0.03369717638983379,
        0.3297601127516826,
        0.044981747993259304,
        0.03914868498893842,
        0.5520718996268995,
        0.02645437844458111,
        0.3033041628781898,
        0.03963174367933862,
        0.5121460203432947,
        0.03282741866331928,
        0.270475525426384,
        0.04133443555535748,
        0.47047539403434757,
        0.07371315130477711,
        0.19675636978342936,
        0.3357469893479131,
        0.1344741869643529,
        0.049400589713876154,
        0.08499760777237123,
        0.040491436773180525,
        0.04447953967008028
    ],
    "dividend_dir": [
        1,
        1,
        1,
        1,
        -1,
        1,
        1,
        1,
        -1,
        -1,
        1,
        1,
        -1,
        1,
        1,
        -1,
        1,
        1,
        -1,
        -1,
        -1,
        -1,
        1
    ],
    "p_tree": [
        [
            null,
            0
        ],
        [
            0,
            1
        ],
        [
            0,
            2
        ],
        [
            0,
            3
        ],
        [
            1,
            4
        ],
        [
            1,
            5
        ],
        [
            1,
            6
        ],
        [
            3,
            7
        ],
        [
            3,
            8
        ],
        [
            6,
            9
        ],
        [
            6,
            10
        ],
        [
            8,
            11
        ],
        [
            8,
            12
        ],
        [
            10,
            13
        ],
        [
            10,
            14
        ],
        [
            12,
            15
        ],
        [
            12,
            16
        ],
        [
            14,
            17
        ],
        [
            14,
            18
        ],
        [
            18,
            19
        ],
        [
            18,
            20
        ],
        [
            20,
            21
        ],
        [
            20,
            22
        ]
    ]
}