{
    "guid": "1179105596840316928_twitter",
    "gt_cls": 0,
    "coalitions": [
        [
            "<user>",
            "<user>1",
            "<user>2",
            "why",
            "is",
            "it",
            "never",
            "ever",
            "a",
            "white",
            "person",
            "getting",
            "killed",
            "why1"
        ],
        [
            "<user>",
            "<user>1",
            "<user>2"
        ],
        [
            "why"
        ],
        [
            "is",
            "it",
            "never",
            "ever",
            "a",
            "white",
            "person",
            "getting",
            "killed",
            "why1"
        ],
        [
            "<user>"
        ],
        [
            "<user>1"
        ],
        [
            "<user>2"
        ],
        [
            "is"
        ],
        [
            "it"
        ],
        [
            "never"
        ],
        [
            "ever"
        ],
        [
            "a",
            "white",
            "person",
            "getting",
            "killed"
        ],
        [
            "why1"
        ],
        [
            "a",
            "white",
            "person"
        ],
        [
            "getting",
            "killed"
        ],
        [
            "a"
        ],
        [
            "white"
        ],
        [
            "person"
        ],
        [
            "getting"
        ],
        [
            "killed"
        ]
    ],
    "value_func": [
        0.9999999960094177,
        0.41722615594978096,
        0.06959278634845432,
        0.5127921348400529,
        0.08472246194061751,
        0.1776738459306479,
        0.1546613573451749,
        0.05184779178742791,
        0.03812489042724353,
        0.04642386667942533,
        0.04828157927812545,
        0.26472047491947065,
        0.062963425778638,
        0.15921475654471795,
        0.10523775039913227,
        0.03708855888515622,
        0.07168986841906638,
        0.050202164263843024,
        0.04814031251520829,
        0.05696197619662477
    ],
    "dividend_dir": [
        1,
        -1,
        1,
        1,
        1,
        -1,
        1,
        1,
        1,
        -1,
        -1,
        1,
        1,
        1,
        1,
        1,
        1,
        1,
        1,
        -1
    ],
    "p_tree": [
        [
            null,
            0
        ],
        [
            0,
            1
        ],
        [
            0,
            2
        ],
        [
            0,
            3
        ],
        [
            1,
            4
        ],
        [
            1,
            5
        ],
        [
            1,
            6
        ],
        [
            3,
            7
        ],
        [
            3,
            8
        ],
        [
            3,
            9
        ],
        [
            3,
            10
        ],
        [
            3,
            11
        ],
        [
            3,
            12
        ],
        [
            11,
            13
        ],
        [
            11,
            14
        ],
        [
            13,
            15
        ],
        [
            13,
            16
        ],
        [
            13,
            17
        ],
        [
            14,
            18
        ],
        [
            14,
            19
        ]
    ]
}