{
    "guid": "1179048638921596928_twitter",
    "gt_cls": 1,
    "coalitions": [
        [
            "<user>",
            "<user>1",
            "ching",
            "chong",
            "<number>"
        ],
        [
            "<user>"
        ],
        [
            "<user>1"
        ],
        [
            "ching"
        ],
        [
            "chong"
        ],
        [
            "<number>"
        ]
    ],
    "value_func": [
        0.9999999558027426,
        0.12307900890322082,
        0.15292604852061212,
        0.24660036986210682,
        0.2612550384278572,
        0.21426000069035972
    ],
    "dividend_dir": [
        1,
        -1,
        -1,
        1,
        1,
        1
    ],
    "p_tree": [
        [
            null,
            0
        ],
        [
            0,
            1
        ],
        [
            0,
            2
        ],
        [
            0,
            3
        ],
        [
            0,
            4
        ],
        [
            0,
            5
        ]
    ]
}