{
    "guid": "1179088231951994880_twitter",
    "gt_cls": 0,
    "coalitions": [
        [
            "<user>",
            "where",
            "the",
            "fuck",
            "are",
            "your",
            "socks",
            "white",
            "boy"
        ],
        [
            "<user>"
        ],
        [
            "where",
            "the",
            "fuck",
            "are",
            "your",
            "socks",
            "white",
            "boy"
        ],
        [
            "where"
        ],
        [
            "the",
            "fuck",
            "are",
            "your",
            "socks",
            "white",
            "boy"
        ],
        [
            "the",
            "fuck"
        ],
        [
            "are",
            "your",
            "socks",
            "white",
            "boy"
        ],
        [
            "the"
        ],
        [
            "fuck"
        ],
        [
            "are"
        ],
        [
            "your",
            "socks"
        ],
        [
            "white",
            "boy"
        ],
        [
            "your"
        ],
        [
            "socks"
        ],
        [
            "white"
        ],
        [
            "boy"
        ]
    ],
    "value_func": [
        0.9999999830147914,
        0.06986622239053926,
        0.9298899183232159,
        0.06807812406970902,
        0.8616262753621179,
        0.21181585825844224,
        0.6497880374514078,
        0.07074417502895758,
        0.14103448721394088,
        0.06108389165983088,
        0.29212838856261797,
        0.29657247968510186,
        0.09150564205885535,
        0.200460597254794,
        0.15692889696726275,
        0.13934118861739778
    ],
    "dividend_dir": [
        1,
        1,
        1,
        1,
        1,
        1,
        1,
        1,
        -1,
        1,
        1,
        -1,
        1,
        -1,
        1,
        -1
    ],
    "p_tree": [
        [
            null,
            0
        ],
        [
            0,
            1
        ],
        [
            0,
            2
        ],
        [
            2,
            3
        ],
        [
            2,
            4
        ],
        [
            4,
            5
        ],
        [
            4,
            6
        ],
        [
            5,
            7
        ],
        [
            5,
            8
        ],
        [
            6,
            9
        ],
        [
            6,
            10
        ],
        [
            6,
            11
        ],
        [
            10,
            12
        ],
        [
            10,
            13
        ],
        [
            11,
            14
        ],
        [
            11,
            15
        ]
    ]
}