{
    "guid": "1179082476628697088_twitter",
    "gt_cls": 0,
    "coalitions": [
        [
            "nobody",
            "dykes",
            "yo",
            "record",
            "me",
            "doing",
            "this",
            "real",
            "quick"
        ],
        [
            "nobody"
        ],
        [
            "dykes",
            "yo",
            "record",
            "me",
            "doing",
            "this",
            "real",
            "quick"
        ],
        [
            "dykes"
        ],
        [
            "yo"
        ],
        [
            "record",
            "me",
            "doing",
            "this",
            "real",
            "quick"
        ],
        [
            "record"
        ],
        [
            "me"
        ],
        [
            "doing",
            "this",
            "real",
            "quick"
        ],
        [
            "doing",
            "this",
            "real",
            "quick"
        ],
        [
            "doing"
        ],
        [
            "this",
            "real",
            "quick"
        ],
        [
            "this"
        ],
        [
            "real"
        ],
        [
            "quick"
        ]
    ],
    "value_func": [
        0.9999999615595057,
        0.14955279051686765,
        0.8503720602905924,
        0.4321634728707625,
        0.10640899397030935,
        0.3117316371079143,
        0.08304415898122232,
        0.05987785699760536,
        0.16876490004413514,
        0.16872240071272632,
        0.045161370355922034,
        0.12351853102539548,
        0.029741560395850464,
        0.04424370730872005,
        0.049506876952886976
    ],
    "dividend_dir": [
        1,
        1,
        -1,
        -1,
        -1,
        1,
        1,
        1,
        1,
        1,
        1,
        1,
        1,
        -1,
        -1
    ],
    "p_tree": [
        [
            null,
            0
        ],
        [
            0,
            1
        ],
        [
            0,
            2
        ],
        [
            2,
            3
        ],
        [
            2,
            4
        ],
        [
            2,
            5
        ],
        [
            5,
            6
        ],
        [
            5,
            7
        ],
        [
            5,
            8
        ],
        [
            8,
            9
        ],
        [
            9,
            10
        ],
        [
            9,
            11
        ],
        [
            11,
            12
        ],
        [
            11,
            13
        ],
        [
            11,
            14
        ]
    ]
}