{
    "guid": "1179076651834957825_twitter",
    "gt_cls": 1,
    "coalitions": [
        [
            "<user>",
            "would",
            "have",
            "pressed",
            "that",
            "bitch",
            "and",
            "beat",
            "the",
            "faggot",
            "out",
            "of",
            "him"
        ],
        [
            "<user>"
        ],
        [
            "would",
            "have",
            "pressed",
            "that",
            "bitch",
            "and",
            "beat",
            "the",
            "faggot",
            "out",
            "of",
            "him"
        ],
        [
            "would"
        ],
        [
            "have",
            "pressed",
            "that",
            "bitch",
            "and",
            "beat",
            "the",
            "faggot",
            "out",
            "of",
            "him"
        ],
        [
            "have"
        ],
        [
            "pressed",
            "that",
            "bitch",
            "and",
            "beat",
            "the",
            "faggot",
            "out",
            "of",
            "him"
        ],
        [
            "pressed",
            "that",
            "bitch"
        ],
        [
            "and"
        ],
        [
            "beat",
            "the",
            "faggot",
            "out",
            "of",
            "him"
        ],
        [
            "pressed"
        ],
        [
            "that",
            "bitch"
        ],
        [
            "beat"
        ],
        [
            "the",
            "faggot"
        ],
        [
            "out",
            "of",
            "him"
        ],
        [
            "that"
        ],
        [
            "bitch"
        ],
        [
            "the"
        ],
        [
            "faggot"
        ],
        [
            "out"
        ],
        [
            "of",
            "him"
        ],
        [
            "of"
        ],
        [
            "him"
        ]
    ],
    "value_func": [
        0.9999999872370788,
        0.0642861369337032,
        0.9352792499618685,
        0.034273122073029114,
        0.9005809707989225,
        0.034640382398077374,
        0.8655544656993874,
        0.2195837113498305,
        0.048342634096350715,
        0.5972448226380219,
        0.07154525065581553,
        0.14793474916666388,
        0.05801425484146743,
        0.40756875471636156,
        0.13132996058658816,
        0.045023356750110655,
        0.10279033261377368,
        0.05217646272743838,
        0.35513909151675205,
        0.04652922524271419,
        0.08469290705750511,
        0.0335855909114981,
        0.050894549442844904
    ],
    "dividend_dir": [
        -1,
        -1,
        -1,
        -1,
        -1,
        -1,
        -1,
        -1,
        -1,
        -1,
        -1,
        -1,
        -1,
        -1,
        -1,
        -1,
        -1,
        -1,
        -1,
        1,
        -1,
        -1,
        -1
    ],
    "p_tree": [
        [
            null,
            0
        ],
        [
            0,
            1
        ],
        [
            0,
            2
        ],
        [
            2,
            3
        ],
        [
            2,
            4
        ],
        [
            4,
            5
        ],
        [
            4,
            6
        ],
        [
            6,
            7
        ],
        [
            6,
            8
        ],
        [
            6,
            9
        ],
        [
            7,
            10
        ],
        [
            7,
            11
        ],
        [
            9,
            12
        ],
        [
            9,
            13
        ],
        [
            9,
            14
        ],
        [
            11,
            15
        ],
        [
            11,
            16
        ],
        [
            13,
            17
        ],
        [
            13,
            18
        ],
        [
            14,
            19
        ],
        [
            14,
            20
        ],
        [
            20,
            21
        ],
        [
            20,
            22
        ]
    ]
}