{
    "guid": "1179079715799388161_twitter",
    "gt_cls": 0,
    "coalitions": [
        [
            "i",
            "cant",
            "why",
            "do",
            "all",
            "white",
            "kids",
            "sound",
            "like",
            "that",
            "omg"
        ],
        [
            "i"
        ],
        [
            "cant",
            "why",
            "do",
            "all",
            "white",
            "kids",
            "sound",
            "like",
            "that",
            "omg"
        ],
        [
            "cant"
        ],
        [
            "why",
            "do",
            "all",
            "white",
            "kids",
            "sound",
            "like",
            "that",
            "omg"
        ],
        [
            "why"
        ],
        [
            "do",
            "all",
            "white",
            "kids",
            "sound",
            "like",
            "that",
            "omg"
        ],
        [
            "do"
        ],
        [
            "all",
            "white",
            "kids"
        ],
        [
            "sound",
            "like",
            "that",
            "omg"
        ],
        [
            "all"
        ],
        [
            "white"
        ],
        [
            "kids"
        ],
        [
            "sound"
        ],
        [
            "like",
            "that",
            "omg"
        ],
        [
            "like"
        ],
        [
            "that",
            "omg"
        ],
        [
            "that"
        ],
        [
            "omg"
        ]
    ],
    "value_func": [
        1.0000000020934636,
        0.06048818660480873,
        0.9394323262368841,
        0.09754495588615869,
        0.8416383874049636,
        0.05751236916414208,
        0.7837871044951037,
        0.06200692213874373,
        0.3908743129624872,
        0.33050362179812903,
        0.08102824403726246,
        0.17879157675115764,
        0.1303496660181969,
        0.08050005073623591,
        0.24989349015465154,
        0.05148623614993805,
        0.19839829882215995,
        0.04279116579579435,
        0.15553210472699733
    ],
    "dividend_dir": [
        1,
        -1,
        1,
        -1,
        1,
        -1,
        1,
        -1,
        1,
        1,
        1,
        1,
        1,
        1,
        1,
        -1,
        1,
        1,
        1
    ],
    "p_tree": [
        [
            null,
            0
        ],
        [
            0,
            1
        ],
        [
            0,
            2
        ],
        [
            2,
            3
        ],
        [
            2,
            4
        ],
        [
            4,
            5
        ],
        [
            4,
            6
        ],
        [
            6,
            7
        ],
        [
            6,
            8
        ],
        [
            6,
            9
        ],
        [
            8,
            10
        ],
        [
            8,
            11
        ],
        [
            8,
            12
        ],
        [
            9,
            13
        ],
        [
            9,
            14
        ],
        [
            14,
            15
        ],
        [
            14,
            16
        ],
        [
            16,
            17
        ],
        [
            16,
            18
        ]
    ]
}