{
    "guid": "1179082883333378048_twitter",
    "gt_cls": 0,
    "coalitions": [
        [
            "what",
            "in",
            "the",
            "hillbilly",
            "did",
            "i",
            "just",
            "hear",
            "<user>"
        ],
        [
            "what"
        ],
        [
            "in",
            "the",
            "hillbilly",
            "did",
            "i",
            "just",
            "hear",
            "<user>"
        ],
        [
            "in",
            "the",
            "hillbilly"
        ],
        [
            "did",
            "i",
            "just",
            "hear",
            "<user>"
        ],
        [
            "in"
        ],
        [
            "the",
            "hillbilly"
        ],
        [
            "did"
        ],
        [
            "i"
        ],
        [
            "just"
        ],
        [
            "hear",
            "<user>"
        ],
        [
            "the"
        ],
        [
            "hillbilly"
        ],
        [
            "hear"
        ],
        [
            "<user>"
        ]
    ],
    "value_func": [
        0.999999976468137,
        0.08496762717985562,
        0.9146676942617595,
        0.5478650679633559,
        0.36633403435065276,
        0.07404771800800215,
        0.4733828434249756,
        0.06415966366495351,
        0.06306669423701192,
        0.05886754568175309,
        0.1800221860035288,
        0.08293990346857052,
        0.3903604264963817,
        0.09128664536415616,
        0.0885624635184055
    ],
    "dividend_dir": [
        1,
        -1,
        1,
        1,
        1,
        1,
        1,
        -1,
        1,
        1,
        -1,
        1,
        -1,
        -1,
        -1
    ],
    "p_tree": [
        [
            null,
            0
        ],
        [
            0,
            1
        ],
        [
            0,
            2
        ],
        [
            2,
            3
        ],
        [
            2,
            4
        ],
        [
            3,
            5
        ],
        [
            3,
            6
        ],
        [
            4,
            7
        ],
        [
            4,
            8
        ],
        [
            4,
            9
        ],
        [
            4,
            10
        ],
        [
            6,
            11
        ],
        [
            6,
            12
        ],
        [
            10,
            13
        ],
        [
            10,
            14
        ]
    ]
}