{
    "guid": "1179895157757489158_twitter",
    "gt_cls": 0,
    "coalitions": [
        [
            "paying",
            "my",
            "own",
            "bills",
            "so",
            "ghetto",
            "打"
        ],
        [
            "paying",
            "my",
            "own",
            "bills",
            "so",
            "ghetto",
            "打"
        ],
        [
            "paying"
        ],
        [
            "my",
            "own",
            "bills"
        ],
        [
            "so",
            "ghetto",
            "打"
        ],
        [
            "my"
        ],
        [
            "own"
        ],
        [
            "bills"
        ],
        [
            "so",
            "ghetto"
        ],
        [
            "打"
        ],
        [
            "so"
        ],
        [
            "ghetto"
        ]
    ],
    "value_func": [
        0.9999999705576679,
        0.9990580980276353,
        0.14227484199955706,
        0.3383695908603791,
        0.5174717926376666,
        0.09828669122938019,
        0.0959278854938287,
        0.1436502615617244,
        0.3754337563774898,
        0.14129267864455217,
        0.1176133793855071,
        0.256995873787395
    ],
    "dividend_dir": [
        1,
        1,
        1,
        1,
        1,
        1,
        1,
        1,
        1,
        -1,
        1,
        -1
    ],
    "p_tree": [
        [
            null,
            0
        ],
        [
            0,
            1
        ],
        [
            1,
            2
        ],
        [
            1,
            3
        ],
        [
            1,
            4
        ],
        [
            3,
            5
        ],
        [
            3,
            6
        ],
        [
            3,
            7
        ],
        [
            4,
            8
        ],
        [
            4,
            9
        ],
        [
            8,
            10
        ],
        [
            8,
            11
        ]
    ]
}