{
    "guid": "1179105444096348165_twitter",
    "gt_cls": 1,
    "coalitions": [
        [
            "do",
            "not",
            "call",
            "me",
            "a",
            "nigger",
            "i",
            "am",
            "white"
        ],
        [
            "do",
            "not",
            "call",
            "me",
            "a",
            "nigger",
            "i",
            "am",
            "white"
        ],
        [
            "do"
        ],
        [
            "not"
        ],
        [
            "call",
            "me",
            "a",
            "nigger",
            "i",
            "am",
            "white"
        ],
        [
            "call"
        ],
        [
            "me"
        ],
        [
            "a",
            "nigger",
            "i",
            "am",
            "white"
        ],
        [
            "a",
            "nigger"
        ],
        [
            "i",
            "am",
            "white"
        ],
        [
            "a"
        ],
        [
            "nigger"
        ],
        [
            "i",
            "am",
            "white"
        ],
        [
            "i"
        ],
        [
            "am",
            "white"
        ],
        [
            "am"
        ],
        [
            "white"
        ]
    ],
    "value_func": [
        1.00000001583003,
        0.9988820661805764,
        0.06239694111306327,
        0.05226086551815138,
        0.8831063098999082,
        0.07555768154590393,
        0.06966665030276088,
        0.7368515960737478,
        0.5013323421059209,
        0.2343891033313804,
        0.07986685908086948,
        0.420115633469905,
        0.23413845629472854,
        0.07903187930753598,
        0.15485592995054068,
        0.06383229722399836,
        0.09097424825293175
    ],
    "dividend_dir": [
        1,
        1,
        1,
        -1,
        1,
        -1,
        1,
        1,
        1,
        1,
        1,
        1,
        1,
        1,
        1,
        1,
        -1
    ],
    "p_tree": [
        [
            null,
            0
        ],
        [
            0,
            1
        ],
        [
            1,
            2
        ],
        [
            1,
            3
        ],
        [
            1,
            4
        ],
        [
            4,
            5
        ],
        [
            4,
            6
        ],
        [
            4,
            7
        ],
        [
            7,
            8
        ],
        [
            7,
            9
        ],
        [
            8,
            10
        ],
        [
            8,
            11
        ],
        [
            9,
            12
        ],
        [
            12,
            13
        ],
        [
            12,
            14
        ],
        [
            14,
            15
        ],
        [
            14,
            16
        ]
    ]
}