{
    "guid": "1179104323554426880_twitter",
    "gt_cls": 0,
    "coalitions": [
        [
            "<user>",
            "i",
            "like",
            "those",
            "too",
            "but",
            "also",
            "bmth",
            "sou",
            "tipo",
            "<percent>",
            "basic",
            "white",
            "boy"
        ],
        [
            "<user>",
            "i"
        ],
        [
            "like",
            "those",
            "too",
            "but",
            "also",
            "bmth",
            "sou",
            "tipo",
            "<percent>",
            "basic",
            "white",
            "boy"
        ],
        [
            "<user>"
        ],
        [
            "i"
        ],
        [
            "like"
        ],
        [
            "those",
            "too",
            "but",
            "also",
            "bmth",
            "sou",
            "tipo",
            "<percent>",
            "basic",
            "white",
            "boy"
        ],
        [
            "those",
            "too",
            "but",
            "also",
            "bmth"
        ],
        [
            "sou"
        ],
        [
            "tipo"
        ],
        [
            "<percent>"
        ],
        [
            "basic",
            "white",
            "boy"
        ],
        [
            "those"
        ],
        [
            "too",
            "but",
            "also"
        ],
        [
            "bmth"
        ],
        [
            "basic"
        ],
        [
            "white"
        ],
        [
            "boy"
        ],
        [
            "too"
        ],
        [
            "but"
        ],
        [
            "also"
        ]
    ],
    "value_func": [
        0.9999999809348976,
        0.08079610806036006,
        0.9189895814009139,
        0.03838889368353319,
        0.04210850594079288,
        0.037532095642905376,
        0.8813175633193825,
        0.2563468321231616,
        0.0732403906347063,
        0.14188901800220002,
        0.06844392380280158,
        0.3412530073473375,
        0.044766291919544184,
        0.08849587775438701,
        0.12288812339522899,
        0.09986198959137577,
        0.12609796144128466,
        0.11518137906543355,
        0.03354488790285801,
        0.025779309663023955,
        0.029148336914290997
    ],
    "dividend_dir": [
        1,
        1,
        1,
        1,
        1,
        1,
        1,
        1,
        1,
        1,
        1,
        -1,
        1,
        1,
        1,
        -1,
        1,
        -1,
        -1,
        1,
        1
    ],
    "p_tree": [
        [
            null,
            0
        ],
        [
            0,
            1
        ],
        [
            0,
            2
        ],
        [
            1,
            3
        ],
        [
            1,
            4
        ],
        [
            2,
            5
        ],
        [
            2,
            6
        ],
        [
            6,
            7
        ],
        [
            6,
            8
        ],
        [
            6,
            9
        ],
        [
            6,
            10
        ],
        [
            6,
            11
        ],
        [
            7,
            12
        ],
        [
            7,
            13
        ],
        [
            7,
            14
        ],
        [
            11,
            15
        ],
        [
            11,
            16
        ],
        [
            11,
            17
        ],
        [
            13,
            18
        ],
        [
            13,
            19
        ],
        [
            13,
            20
        ]
    ]
}