{
    "guid": "1179049468764839943_twitter",
    "gt_cls": 0,
    "coalitions": [
        [
            "<user>",
            "same",
            "we",
            "should",
            "just",
            "kill",
            "all",
            "the",
            "da",
            "ron",
            "of",
            "the1",
            "world"
        ],
        [
            "<user>",
            "same"
        ],
        [
            "we"
        ],
        [
            "should",
            "just",
            "kill",
            "all",
            "the",
            "da",
            "ron",
            "of",
            "the1",
            "world"
        ],
        [
            "<user>"
        ],
        [
            "same"
        ],
        [
            "should"
        ],
        [
            "just"
        ],
        [
            "kill",
            "all",
            "the",
            "da",
            "ron",
            "of",
            "the1",
            "world"
        ],
        [
            "kill"
        ],
        [
            "all",
            "the",
            "da",
            "ron",
            "of",
            "the1",
            "world"
        ],
        [
            "all",
            "the",
            "da",
            "ron"
        ],
        [
            "of",
            "the1",
            "world"
        ],
        [
            "all"
        ],
        [
            "the"
        ],
        [
            "da"
        ],
        [
            "ron"
        ],
        [
            "of"
        ],
        [
            "the1",
            "world"
        ],
        [
            "the1"
        ],
        [
            "world"
        ]
    ],
    "value_func": [
        1.0000000266511662,
        0.11519543361002677,
        0.0453710813348196,
        0.8390878219754865,
        0.05758975754849082,
        0.05740567983375296,
        0.046908435512626946,
        0.0378269006649909,
        0.7541071682545689,
        0.08780239477617481,
        0.6660699212186766,
        0.479442764654145,
        0.1865838489047687,
        0.03904674296186552,
        0.06199867537379921,
        0.1431372307581328,
        0.23514472377525447,
        0.050603403842497716,
        0.13577853525376085,
        0.05785189478965792,
        0.077741103117493
    ],
    "dividend_dir": [
        -1,
        -1,
        -1,
        -1,
        1,
        -1,
        1,
        -1,
        -1,
        -1,
        -1,
        1,
        -1,
        1,
        -1,
        1,
        -1,
        -1,
        -1,
        -1,
        -1
    ],
    "p_tree": [
        [
            null,
            0
        ],
        [
            0,
            1
        ],
        [
            0,
            2
        ],
        [
            0,
            3
        ],
        [
            1,
            4
        ],
        [
            1,
            5
        ],
        [
            3,
            6
        ],
        [
            3,
            7
        ],
        [
            3,
            8
        ],
        [
            8,
            9
        ],
        [
            8,
            10
        ],
        [
            10,
            11
        ],
        [
            10,
            12
        ],
        [
            11,
            13
        ],
        [
            11,
            14
        ],
        [
            11,
            15
        ],
        [
            11,
            16
        ],
        [
            12,
            17
        ],
        [
            12,
            18
        ],
        [
            18,
            19
        ],
        [
            18,
            20
        ]
    ]
}