{
    "guid": "1179055029342396421_twitter",
    "gt_cls": 0,
    "coalitions": [
        [
            "<user>",
            "i",
            "fucking",
            "hate",
            "you",
            "for",
            "this"
        ],
        [
            "<user>"
        ],
        [
            "i",
            "fucking"
        ],
        [
            "hate",
            "you",
            "for",
            "this"
        ],
        [
            "i"
        ],
        [
            "fucking"
        ],
        [
            "hate"
        ],
        [
            "you"
        ],
        [
            "for",
            "this"
        ],
        [
            "for"
        ],
        [
            "this"
        ]
    ],
    "value_func": [
        0.9999999729716419,
        0.1276563025817498,
        0.2742725987826759,
        0.597571674154404,
        0.126890583746063,
        0.14711435106408838,
        0.23472777021838212,
        0.1273613704612429,
        0.23509133776590418,
        0.1123645083512607,
        0.12160627502681719
    ],
    "dividend_dir": [
        1,
        1,
        1,
        1,
        1,
        -1,
        -1,
        -1,
        1,
        1,
        1
    ],
    "p_tree": [
        [
            null,
            0
        ],
        [
            0,
            1
        ],
        [
            0,
            2
        ],
        [
            0,
            3
        ],
        [
            2,
            4
        ],
        [
            2,
            5
        ],
        [
            3,
            6
        ],
        [
            3,
            7
        ],
        [
            3,
            8
        ],
        [
            8,
            9
        ],
        [
            8,
            10
        ]
    ]
}