{
    "guid": "1179187033438330882_twitter",
    "gt_cls": 0,
    "coalitions": [
        [
            "cause",
            "why",
            "beg",
            "when",
            "it",
            "niggas",
            "out",
            "here",
            "begging",
            "me"
        ],
        [
            "cause"
        ],
        [
            "why"
        ],
        [
            "beg",
            "when",
            "it",
            "niggas",
            "out",
            "here",
            "begging",
            "me"
        ],
        [
            "beg",
            "when",
            "it",
            "niggas",
            "out",
            "here",
            "begging",
            "me"
        ],
        [
            "beg"
        ],
        [
            "when",
            "it",
            "niggas",
            "out",
            "here",
            "begging",
            "me"
        ],
        [
            "when"
        ],
        [
            "it",
            "niggas",
            "out",
            "here",
            "begging",
            "me"
        ],
        [
            "it"
        ],
        [
            "niggas",
            "out",
            "here",
            "begging",
            "me"
        ],
        [
            "niggas"
        ],
        [
            "out"
        ],
        [
            "here"
        ],
        [
            "begging",
            "me"
        ],
        [
            "begging",
            "me"
        ],
        [
            "begging"
        ],
        [
            "me"
        ]
    ],
    "value_func": [
        1.000000027035183,
        0.07420607485396392,
        0.07205043757008162,
        0.8533234813842868,
        0.8527736593008766,
        0.08857860405301972,
        0.7636452331644465,
        0.054495884464647516,
        0.7085008616385751,
        0.07451472716024213,
        0.633327855999593,
        0.38453887384489677,
        0.052361564333353657,
        0.058005025511279465,
        0.1380839145120497,
        0.13802842614672972,
        0.07245362099850497,
        0.06551931678290478
    ],
    "dividend_dir": [
        1,
        -1,
        1,
        1,
        1,
        -1,
        1,
        1,
        1,
        1,
        1,
        1,
        1,
        -1,
        1,
        1,
        -1,
        1
    ],
    "p_tree": [
        [
            null,
            0
        ],
        [
            0,
            1
        ],
        [
            0,
            2
        ],
        [
            0,
            3
        ],
        [
            3,
            4
        ],
        [
            4,
            5
        ],
        [
            4,
            6
        ],
        [
            6,
            7
        ],
        [
            6,
            8
        ],
        [
            8,
            9
        ],
        [
            8,
            10
        ],
        [
            10,
            11
        ],
        [
            10,
            12
        ],
        [
            10,
            13
        ],
        [
            10,
            14
        ],
        [
            14,
            15
        ],
        [
            15,
            16
        ],
        [
            15,
            17
        ]
    ]
}