{
    "guid": "1179073167119138817_twitter",
    "gt_cls": 0,
    "coalitions": [
        [
            "do",
            "not",
            "forget",
            "to",
            "kill",
            "yourself"
        ],
        [
            "do",
            "not",
            "forget",
            "to",
            "kill",
            "yourself"
        ],
        [
            "do"
        ],
        [
            "not"
        ],
        [
            "forget",
            "to",
            "kill",
            "yourself"
        ],
        [
            "forget"
        ],
        [
            "to",
            "kill",
            "yourself"
        ],
        [
            "to",
            "kill",
            "yourself"
        ],
        [
            "to"
        ],
        [
            "kill",
            "yourself"
        ],
        [
            "kill"
        ],
        [
            "yourself"
        ]
    ],
    "value_func": [
        0.9999999664105369,
        0.99928494886687,
        0.12283068148440518,
        0.12135524281537038,
        0.7543840070234276,
        0.23783871614569008,
        0.5154305802971418,
        0.5151101148599693,
        0.10048425397751673,
        0.41430539544528,
        0.23725129842173848,
        0.17650329041709067
    ],
    "dividend_dir": [
        -1,
        -1,
        -1,
        1,
        -1,
        -1,
        -1,
        -1,
        1,
        -1,
        -1,
        -1
    ],
    "p_tree": [
        [
            null,
            0
        ],
        [
            0,
            1
        ],
        [
            1,
            2
        ],
        [
            1,
            3
        ],
        [
            1,
            4
        ],
        [
            4,
            5
        ],
        [
            4,
            6
        ],
        [
            6,
            7
        ],
        [
            7,
            8
        ],
        [
            7,
            9
        ],
        [
            9,
            10
        ],
        [
            9,
            11
        ]
    ]
}