{
    "guid": "1179093946066259968_twitter",
    "gt_cls": 0,
    "coalitions": [
        [
            "ah",
            "so",
            "subby",
            "rn",
            "🥺",
            "someone",
            "call",
            "me",
            "slut",
            "n",
            "kitty"
        ],
        [
            "ah"
        ],
        [
            "so"
        ],
        [
            "subby"
        ],
        [
            "rn"
        ],
        [
            "🥺"
        ],
        [
            "someone",
            "call",
            "me",
            "slut",
            "n",
            "kitty"
        ],
        [
            "someone"
        ],
        [
            "call",
            "me",
            "slut",
            "n",
            "kitty"
        ],
        [
            "call"
        ],
        [
            "me"
        ],
        [
            "slut"
        ],
        [
            "n"
        ],
        [
            "kitty"
        ]
    ],
    "value_func": [
        0.99999998545369,
        0.08526148937671517,
        0.07797532648724502,
        0.19822467067601904,
        0.10560928788424959,
        0.06408398197023538,
        0.4684029672823725,
        0.06074138638345255,
        0.40738174472211813,
        0.053089098064386796,
        0.058482525477013846,
        0.11980425798776344,
        0.0683931793698209,
        0.10735815318020737
    ],
    "dividend_dir": [
        1,
        -1,
        1,
        1,
        -1,
        1,
        1,
        1,
        1,
        1,
        1,
        1,
        1,
        -1
    ],
    "p_tree": [
        [
            null,
            0
        ],
        [
            0,
            1
        ],
        [
            0,
            2
        ],
        [
            0,
            3
        ],
        [
            0,
            4
        ],
        [
            0,
            5
        ],
        [
            0,
            6
        ],
        [
            6,
            7
        ],
        [
            6,
            8
        ],
        [
            8,
            9
        ],
        [
            8,
            10
        ],
        [
            8,
            11
        ],
        [
            8,
            12
        ],
        [
            8,
            13
        ]
    ]
}