{
    "guid": "1179078852901036033_twitter",
    "gt_cls": 0,
    "coalitions": [
        [
            "my",
            "roommate",
            "and",
            "i",
            "are",
            "debating",
            "whether",
            "his",
            "cat",
            "a",
            "lesbian"
        ],
        [
            "my",
            "roommate",
            "and",
            "i"
        ],
        [
            "are",
            "debating",
            "whether",
            "his",
            "cat",
            "a",
            "lesbian"
        ],
        [
            "my",
            "roommate"
        ],
        [
            "and"
        ],
        [
            "i"
        ],
        [
            "are"
        ],
        [
            "debating",
            "whether",
            "his",
            "cat",
            "a",
            "lesbian"
        ],
        [
            "my"
        ],
        [
            "roommate"
        ],
        [
            "debating"
        ],
        [
            "whether",
            "his",
            "cat",
            "a",
            "lesbian"
        ],
        [
            "whether"
        ],
        [
            "his",
            "cat",
            "a",
            "lesbian"
        ],
        [
            "his",
            "cat"
        ],
        [
            "a",
            "lesbian"
        ],
        [
            "his"
        ],
        [
            "cat"
        ],
        [
            "a"
        ],
        [
            "lesbian"
        ]
    ],
    "value_func": [
        1.0000000063072234,
        0.27010773068396265,
        0.7293921701228773,
        0.1560790630951094,
        0.05782545814610755,
        0.05592716152780276,
        0.058586563922531795,
        0.6703878007320783,
        0.05983995115937128,
        0.09617386584307859,
        0.07344114636762208,
        0.5965444075062214,
        0.06708708557697937,
        0.529086883684581,
        0.29446155318631817,
        0.23433886133775256,
        0.07905438191431298,
        0.2152201624131822,
        0.08978492880721174,
        0.14433526247721495
    ],
    "dividend_dir": [
        1,
        1,
        1,
        -1,
        1,
        1,
        1,
        1,
        -1,
        1,
        1,
        1,
        1,
        1,
        1,
        1,
        1,
        -1,
        1,
        -1
    ],
    "p_tree": [
        [
            null,
            0
        ],
        [
            0,
            1
        ],
        [
            0,
            2
        ],
        [
            1,
            3
        ],
        [
            1,
            4
        ],
        [
            1,
            5
        ],
        [
            2,
            6
        ],
        [
            2,
            7
        ],
        [
            3,
            8
        ],
        [
            3,
            9
        ],
        [
            7,
            10
        ],
        [
            7,
            11
        ],
        [
            11,
            12
        ],
        [
            11,
            13
        ],
        [
            13,
            14
        ],
        [
            13,
            15
        ],
        [
            14,
            16
        ],
        [
            14,
            17
        ],
        [
            15,
            18
        ],
        [
            15,
            19
        ]
    ]
}