{
    "guid": "1179079483887951875_twitter",
    "gt_cls": 0,
    "coalitions": [
        [
            "<user>",
            "does",
            "that",
            "include",
            "illegal",
            "aliens"
        ],
        [
            "<user>"
        ],
        [
            "does",
            "that",
            "include",
            "illegal",
            "aliens"
        ],
        [
            "does"
        ],
        [
            "that",
            "include",
            "illegal",
            "aliens"
        ],
        [
            "that"
        ],
        [
            "include",
            "illegal",
            "aliens"
        ],
        [
            "include"
        ],
        [
            "illegal",
            "aliens"
        ],
        [
            "illegal"
        ],
        [
            "aliens"
        ]
    ],
    "value_func": [
        1.0000000224516026,
        0.1475249277567713,
        0.8519326539181796,
        0.16811325566644023,
        0.6833257234590155,
        0.13810869518598545,
        0.5443013238273897,
        0.1311028115249833,
        0.4128832952730018,
        0.19910196921745155,
        0.21360355599592937
    ],
    "dividend_dir": [
        1,
        1,
        1,
        -1,
        1,
        1,
        1,
        1,
        1,
        1,
        -1
    ],
    "p_tree": [
        [
            null,
            0
        ],
        [
            0,
            1
        ],
        [
            0,
            2
        ],
        [
            2,
            3
        ],
        [
            2,
            4
        ],
        [
            4,
            5
        ],
        [
            4,
            6
        ],
        [
            6,
            7
        ],
        [
            6,
            8
        ],
        [
            8,
            9
        ],
        [
            8,
            10
        ]
    ]
}