{
    "guid": "1179098993600745472_twitter",
    "gt_cls": 1,
    "coalitions": [
        [
            "<user>",
            "<user>1",
            "fucking",
            "retard"
        ],
        [
            "<user>",
            "<user>1"
        ],
        [
            "fucking",
            "retard"
        ],
        [
            "<user>"
        ],
        [
            "<user>1"
        ],
        [
            "fucking"
        ],
        [
            "retard"
        ]
    ],
    "value_func": [
        0.9999999901231013,
        0.26939304902826994,
        0.7297019811091705,
        0.10866560271190999,
        0.16042942876778513,
        0.21180542219166587,
        0.5170370650045657
    ],
    "dividend_dir": [
        1,
        1,
        1,
        1,
        -1,
        1,
        1
    ],
    "p_tree": [
        [
            null,
            0
        ],
        [
            0,
            1
        ],
        [
            0,
            2
        ],
        [
            1,
            3
        ],
        [
            1,
            4
        ],
        [
            2,
            5
        ],
        [
            2,
            6
        ]
    ]
}