{
    "guid": "1179035134206459906_twitter",
    "gt_cls": 0,
    "coalitions": [
        [
            "it",
            "officially",
            "october",
            "where",
            "my",
            "niggers",
            "jason",
            "n",
            "freddy"
        ],
        [
            "it"
        ],
        [
            "officially"
        ],
        [
            "october"
        ],
        [
            "where",
            "my",
            "niggers",
            "jason",
            "n",
            "freddy"
        ],
        [
            "where"
        ],
        [
            "my",
            "niggers",
            "jason",
            "n",
            "freddy"
        ],
        [
            "my",
            "niggers",
            "jason"
        ],
        [
            "n",
            "freddy"
        ],
        [
            "my"
        ],
        [
            "niggers"
        ],
        [
            "jason"
        ],
        [
            "n"
        ],
        [
            "freddy"
        ]
    ],
    "value_func": [
        0.9999999927251302,
        0.04978526783781272,
        0.06583552897177189,
        0.06794831297401412,
        0.8152808795040956,
        0.05634939728538929,
        0.7577462166267226,
        0.5995984616623075,
        0.15686420370053886,
        0.08596943213906795,
        0.43513130058282795,
        0.0769680514613271,
        0.06311607322119436,
        0.09373091472267119
    ],
    "dividend_dir": [
        1,
        1,
        -1,
        1,
        1,
        -1,
        1,
        1,
        -1,
        1,
        1,
        1,
        -1,
        1
    ],
    "p_tree": [
        [
            null,
            0
        ],
        [
            0,
            1
        ],
        [
            0,
            2
        ],
        [
            0,
            3
        ],
        [
            0,
            4
        ],
        [
            4,
            5
        ],
        [
            4,
            6
        ],
        [
            6,
            7
        ],
        [
            6,
            8
        ],
        [
            7,
            9
        ],
        [
            7,
            10
        ],
        [
            7,
            11
        ],
        [
            8,
            12
        ],
        [
            8,
            13
        ]
    ]
}