{
    "guid": "1179050544075137026_twitter",
    "gt_cls": 0,
    "coalitions": [
        [
            "<user>",
            "text",
            "me",
            "faggot"
        ],
        [
            "<user>"
        ],
        [
            "text",
            "me",
            "faggot"
        ],
        [
            "text"
        ],
        [
            "me"
        ],
        [
            "faggot"
        ]
    ],
    "value_func": [
        0.9999999612678574,
        0.15572373300607967,
        0.8437851132019838,
        0.20232705973729548,
        0.17239112812850452,
        0.4684985740872443
    ],
    "dividend_dir": [
        -1,
        1,
        -1,
        -1,
        1,
        -1
    ],
    "p_tree": [
        [
            null,
            0
        ],
        [
            0,
            1
        ],
        [
            0,
            2
        ],
        [
            2,
            3
        ],
        [
            2,
            4
        ],
        [
            2,
            5
        ]
    ]
}