{
    "guid": "1179093145319084032_twitter",
    "gt_cls": 0,
    "coalitions": [
        [
            "<user>",
            "<user>1",
            "the",
            "mistake",
            "was",
            "that",
            "the1",
            "dinosaurs",
            "did",
            "not",
            "kill",
            "all",
            "humans"
        ],
        [
            "<user>",
            "<user>1"
        ],
        [
            "the",
            "mistake"
        ],
        [
            "was",
            "that",
            "the1",
            "dinosaurs",
            "did",
            "not",
            "kill",
            "all",
            "humans"
        ],
        [
            "<user>"
        ],
        [
            "<user>1"
        ],
        [
            "the"
        ],
        [
            "mistake"
        ],
        [
            "was"
        ],
        [
            "that",
            "the1",
            "dinosaurs",
            "did",
            "not",
            "kill",
            "all",
            "humans"
        ],
        [
            "that"
        ],
        [
            "the1",
            "dinosaurs",
            "did",
            "not",
            "kill",
            "all",
            "humans"
        ],
        [
            "the1",
            "dinosaurs"
        ],
        [
            "did",
            "not",
            "kill",
            "all",
            "humans"
        ],
        [
            "the1"
        ],
        [
            "dinosaurs"
        ],
        [
            "did"
        ],
        [
            "not"
        ],
        [
            "kill",
            "all",
            "humans"
        ],
        [
            "kill"
        ],
        [
            "all",
            "humans"
        ],
        [
            "all"
        ],
        [
            "humans"
        ]
    ],
    "value_func": [
        1.0000000144222991,
        0.16428449700235243,
        0.15396213184348834,
        0.6814334142822176,
        0.08737220120118921,
        0.07684601091274774,
        0.06351730701247262,
        0.09042835926233299,
        0.05835506912228718,
        0.6227385631307003,
        0.0510546439864947,
        0.5713127659571411,
        0.22649728991859863,
        0.3446193832484916,
        0.05747892802713877,
        0.16888434848492778,
        0.050189301999852484,
        0.047023061367627364,
        0.24709929082952853,
        0.07401788695106742,
        0.17287852637765208,
        0.0638127501204975,
        0.10880539789586485
    ],
    "dividend_dir": [
        1,
        1,
        1,
        1,
        1,
        1,
        1,
        -1,
        -1,
        1,
        1,
        1,
        -1,
        1,
        1,
        -1,
        1,
        1,
        1,
        -1,
        1,
        1,
        -1
    ],
    "p_tree": [
        [
            null,
            0
        ],
        [
            0,
            1
        ],
        [
            0,
            2
        ],
        [
            0,
            3
        ],
        [
            1,
            4
        ],
        [
            1,
            5
        ],
        [
            2,
            6
        ],
        [
            2,
            7
        ],
        [
            3,
            8
        ],
        [
            3,
            9
        ],
        [
            9,
            10
        ],
        [
            9,
            11
        ],
        [
            11,
            12
        ],
        [
            11,
            13
        ],
        [
            12,
            14
        ],
        [
            12,
            15
        ],
        [
            13,
            16
        ],
        [
            13,
            17
        ],
        [
            13,
            18
        ],
        [
            18,
            19
        ],
        [
            18,
            20
        ],
        [
            20,
            21
        ],
        [
            20,
            22
        ]
    ]
}