{
    "guid": "1179066279648468999_twitter",
    "gt_cls": 0,
    "coalitions": [
        [
            "i",
            "am",
            "so",
            "pretty",
            "men",
            "and",
            "women",
            "love",
            "me"
        ],
        [
            "i"
        ],
        [
            "am",
            "so",
            "pretty",
            "men",
            "and",
            "women",
            "love",
            "me"
        ],
        [
            "am"
        ],
        [
            "so",
            "pretty",
            "men",
            "and",
            "women",
            "love",
            "me"
        ],
        [
            "so",
            "pretty",
            "men",
            "and",
            "women"
        ],
        [
            "love",
            "me"
        ],
        [
            "so"
        ],
        [
            "pretty"
        ],
        [
            "men"
        ],
        [
            "and"
        ],
        [
            "women"
        ],
        [
            "love"
        ],
        [
            "me"
        ]
    ],
    "value_func": [
        1.0000000063526686,
        0.0687065641896478,
        0.930662683831985,
        0.08431479451101734,
        0.8457485903062014,
        0.6325705181148017,
        0.2125863908654651,
        0.08701813282767909,
        0.14824994006693082,
        0.15410771564712508,
        0.09000548520566819,
        0.1524297731763429,
        0.11753106629676215,
        0.09496977319189713
    ],
    "dividend_dir": [
        1,
        1,
        1,
        1,
        1,
        1,
        -1,
        1,
        -1,
        1,
        1,
        -1,
        -1,
        1
    ],
    "p_tree": [
        [
            null,
            0
        ],
        [
            0,
            1
        ],
        [
            0,
            2
        ],
        [
            2,
            3
        ],
        [
            2,
            4
        ],
        [
            4,
            5
        ],
        [
            4,
            6
        ],
        [
            5,
            7
        ],
        [
            5,
            8
        ],
        [
            5,
            9
        ],
        [
            5,
            10
        ],
        [
            5,
            11
        ],
        [
            6,
            12
        ],
        [
            6,
            13
        ]
    ]
}