{
    "guid": "1179100716960555010_twitter",
    "gt_cls": 0,
    "coalitions": [
        [
            "<user>",
            "<user>1",
            "<user>2",
            "and",
            "retarded"
        ],
        [
            "<user>",
            "<user>1",
            "<user>2"
        ],
        [
            "and"
        ],
        [
            "retarded"
        ],
        [
            "<user>"
        ],
        [
            "<user>1"
        ],
        [
            "<user>2"
        ]
    ],
    "value_func": [
        1.0000000024348477,
        0.46889859352169966,
        0.09416878818815622,
        0.43685798038445617,
        0.12424173638541877,
        0.16478074661011888,
        0.17927596710898192
    ],
    "dividend_dir": [
        -1,
        -1,
        1,
        -1,
        1,
        -1,
        -1
    ],
    "p_tree": [
        [
            null,
            0
        ],
        [
            0,
            1
        ],
        [
            0,
            2
        ],
        [
            0,
            3
        ],
        [
            1,
            4
        ],
        [
            1,
            5
        ],
        [
            1,
            6
        ]
    ]
}