{
    "guid": "1179105265540620297_twitter",
    "gt_cls": 0,
    "coalitions": [
        [
            "you",
            "all",
            "actually",
            "going",
            "around",
            "thinking",
            "asians",
            "are",
            "white"
        ],
        [
            "you",
            "all",
            "actually"
        ],
        [
            "going",
            "around",
            "thinking",
            "asians",
            "are",
            "white"
        ],
        [
            "you"
        ],
        [
            "all",
            "actually"
        ],
        [
            "going"
        ],
        [
            "around"
        ],
        [
            "thinking",
            "asians",
            "are",
            "white"
        ],
        [
            "all"
        ],
        [
            "actually"
        ],
        [
            "thinking",
            "asians",
            "are",
            "white"
        ],
        [
            "thinking"
        ],
        [
            "asians",
            "are",
            "white"
        ],
        [
            "asians",
            "are",
            "white"
        ],
        [
            "asians"
        ],
        [
            "are",
            "white"
        ],
        [
            "are"
        ],
        [
            "white"
        ]
    ],
    "value_func": [
        1.0000000057649574,
        0.22155416087753135,
        0.7782032292461064,
        0.07996063015172526,
        0.14117757012443394,
        0.06803228031157255,
        0.06818412603033111,
        0.6414225272626402,
        0.06516194711938791,
        0.07599507724144092,
        0.6409576426484308,
        0.12500018232480478,
        0.5154925757094166,
        0.5145851273283175,
        0.34493134907355705,
        0.16874632987366134,
        0.06900766097891194,
        0.09909022108255154
    ],
    "dividend_dir": [
        1,
        -1,
        1,
        -1,
        -1,
        1,
        1,
        1,
        1,
        -1,
        1,
        -1,
        1,
        1,
        1,
        1,
        1,
        1
    ],
    "p_tree": [
        [
            null,
            0
        ],
        [
            0,
            1
        ],
        [
            0,
            2
        ],
        [
            1,
            3
        ],
        [
            1,
            4
        ],
        [
            2,
            5
        ],
        [
            2,
            6
        ],
        [
            2,
            7
        ],
        [
            4,
            8
        ],
        [
            4,
            9
        ],
        [
            7,
            10
        ],
        [
            10,
            11
        ],
        [
            10,
            12
        ],
        [
            12,
            13
        ],
        [
            13,
            14
        ],
        [
            13,
            15
        ],
        [
            15,
            16
        ],
        [
            15,
            17
        ]
    ]
}