{
    "guid": "1179105274231246848_twitter",
    "gt_cls": 0,
    "coalitions": [
        [
            "<user>",
            "i",
            "aint",
            "talking",
            "bout",
            "you",
            "negro"
        ],
        [
            "<user>"
        ],
        [
            "i",
            "aint",
            "talking",
            "bout",
            "you",
            "negro"
        ],
        [
            "i",
            "aint",
            "talking",
            "bout",
            "you",
            "negro"
        ],
        [
            "i"
        ],
        [
            "aint",
            "talking",
            "bout",
            "you",
            "negro"
        ],
        [
            "aint"
        ],
        [
            "talking",
            "bout",
            "you",
            "negro"
        ],
        [
            "talking",
            "bout",
            "you",
            "negro"
        ],
        [
            "talking"
        ],
        [
            "bout"
        ],
        [
            "you"
        ],
        [
            "negro"
        ]
    ],
    "value_func": [
        0.9999999942060033,
        0.10113300774838652,
        0.898350903527257,
        0.8977345109946752,
        0.06692210888261058,
        0.8301960095794828,
        0.17536364156826298,
        0.6540410963112224,
        0.6532792239795376,
        0.08138648234525453,
        0.10810687475666465,
        0.14140397378516997,
        0.3216200207607637
    ],
    "dividend_dir": [
        -1,
        1,
        -1,
        -1,
        1,
        -1,
        -1,
        -1,
        -1,
        1,
        -1,
        1,
        -1
    ],
    "p_tree": [
        [
            null,
            0
        ],
        [
            0,
            1
        ],
        [
            0,
            2
        ],
        [
            2,
            3
        ],
        [
            3,
            4
        ],
        [
            3,
            5
        ],
        [
            5,
            6
        ],
        [
            5,
            7
        ],
        [
            7,
            8
        ],
        [
            8,
            9
        ],
        [
            8,
            10
        ],
        [
            8,
            11
        ],
        [
            8,
            12
        ]
    ]
}