{
    "guid": "1179103900579848195_twitter",
    "gt_cls": 0,
    "coalitions": [
        [
            "im",
            "a",
            "slut",
            "for",
            "the",
            "entire",
            "cql",
            "ost",
            "i",
            "listen",
            "to",
            "literally",
            "every",
            "single",
            "day"
        ],
        [
            "im",
            "a",
            "slut",
            "for",
            "the",
            "entire",
            "cql",
            "ost"
        ],
        [
            "i"
        ],
        [
            "listen",
            "to",
            "literally",
            "every",
            "single",
            "day"
        ],
        [
            "im",
            "a",
            "slut",
            "for",
            "the",
            "entire",
            "cql",
            "ost"
        ],
        [
            "listen"
        ],
        [
            "to",
            "literally"
        ],
        [
            "every",
            "single",
            "day"
        ],
        [
            "im"
        ],
        [
            "a",
            "slut",
            "for",
            "the",
            "entire",
            "cql",
            "ost"
        ],
        [
            "to"
        ],
        [
            "literally"
        ],
        [
            "every"
        ],
        [
            "single"
        ],
        [
            "day"
        ],
        [
            "a",
            "slut"
        ],
        [
            "for",
            "the",
            "entire",
            "cql",
            "ost"
        ],
        [
            "a"
        ],
        [
            "slut"
        ],
        [
            "for"
        ],
        [
            "the",
            "entire",
            "cql",
            "ost"
        ],
        [
            "the"
        ],
        [
            "entire"
        ],
        [
            "cql"
        ],
        [
            "ost"
        ]
    ],
    "value_func": [
        0.9999999962733929,
        0.6699783281082249,
        0.046550253066500055,
        0.28309445077647705,
        0.6696067354582512,
        0.05823735058686764,
        0.09910279555668326,
        0.12559169963851646,
        0.0646987451784814,
        0.6045363976297962,
        0.03837421086062598,
        0.060405257988330394,
        0.04066655164914371,
        0.035076070736252477,
        0.049683072558992396,
        0.17751775904084463,
        0.42670118494402437,
        0.051736028995726574,
        0.1257316799783588,
        0.040106267722154934,
        0.3862525366592517,
        0.039534698512291105,
        0.048509369531401475,
        0.18637728815269933,
        0.1115610267196501
    ],
    "dividend_dir": [
        1,
        1,
        -1,
        1,
        1,
        -1,
        1,
        1,
        1,
        1,
        1,
        1,
        1,
        1,
        1,
        1,
        1,
        1,
        -1,
        1,
        1,
        1,
        1,
        1,
        -1
    ],
    "p_tree": [
        [
            null,
            0
        ],
        [
            0,
            1
        ],
        [
            0,
            2
        ],
        [
            0,
            3
        ],
        [
            1,
            4
        ],
        [
            3,
            5
        ],
        [
            3,
            6
        ],
        [
            3,
            7
        ],
        [
            4,
            8
        ],
        [
            4,
            9
        ],
        [
            6,
            10
        ],
        [
            6,
            11
        ],
        [
            7,
            12
        ],
        [
            7,
            13
        ],
        [
            7,
            14
        ],
        [
            9,
            15
        ],
        [
            9,
            16
        ],
        [
            15,
            17
        ],
        [
            15,
            18
        ],
        [
            16,
            19
        ],
        [
            16,
            20
        ],
        [
            20,
            21
        ],
        [
            20,
            22
        ],
        [
            20,
            23
        ],
        [
            20,
            24
        ]
    ]
}