{
    "guid": "1179014998670086149_twitter",
    "gt_cls": 0,
    "coalitions": [
        [
            "ooh",
            "my",
            "car",
            "so",
            "retarded",
            "this",
            "bitch",
            "just",
            "farted"
        ],
        [
            "ooh"
        ],
        [
            "my",
            "car",
            "so",
            "retarded",
            "this",
            "bitch",
            "just",
            "farted"
        ],
        [
            "my",
            "car"
        ],
        [
            "so",
            "retarded",
            "this",
            "bitch",
            "just",
            "farted"
        ],
        [
            "my"
        ],
        [
            "car"
        ],
        [
            "so",
            "retarded"
        ],
        [
            "this",
            "bitch",
            "just",
            "farted"
        ],
        [
            "so"
        ],
        [
            "retarded"
        ],
        [
            "this",
            "bitch"
        ],
        [
            "just"
        ],
        [
            "farted"
        ],
        [
            "this"
        ],
        [
            "bitch"
        ]
    ],
    "value_func": [
        0.9999999997609692,
        0.11776642225750818,
        0.8820797560733172,
        0.15793314229769073,
        0.7238023205629169,
        0.06263760438783075,
        0.09476683182984906,
        0.25618458956986173,
        0.4674798932095706,
        0.04763320021006222,
        0.20836119864875483,
        0.170490506505731,
        0.05663893387079666,
        0.24033784146764145,
        0.053013330588491926,
        0.11710908455546723
    ],
    "dividend_dir": [
        1,
        -1,
        1,
        1,
        1,
        1,
        1,
        1,
        1,
        1,
        1,
        1,
        1,
        -1,
        1,
        1
    ],
    "p_tree": [
        [
            null,
            0
        ],
        [
            0,
            1
        ],
        [
            0,
            2
        ],
        [
            2,
            3
        ],
        [
            2,
            4
        ],
        [
            3,
            5
        ],
        [
            3,
            6
        ],
        [
            4,
            7
        ],
        [
            4,
            8
        ],
        [
            7,
            9
        ],
        [
            7,
            10
        ],
        [
            8,
            11
        ],
        [
            8,
            12
        ],
        [
            8,
            13
        ],
        [
            11,
            14
        ],
        [
            11,
            15
        ]
    ]
}