{
    "guid": "1179044443921555456_twitter",
    "gt_cls": 0,
    "coalitions": [
        [
            "<user>",
            "the",
            "homosexual",
            "alcoholic",
            "or",
            "self",
            "isolated",
            "homosexual1"
        ],
        [
            "<user>"
        ],
        [
            "the",
            "homosexual",
            "alcoholic",
            "or",
            "self",
            "isolated",
            "homosexual1"
        ],
        [
            "the"
        ],
        [
            "homosexual"
        ],
        [
            "alcoholic",
            "or",
            "self",
            "isolated"
        ],
        [
            "homosexual1"
        ],
        [
            "alcoholic"
        ],
        [
            "or"
        ],
        [
            "self",
            "isolated"
        ],
        [
            "self"
        ],
        [
            "isolated"
        ]
    ],
    "value_func": [
        0.9999999968902366,
        0.08952818789895603,
        0.9103144274358207,
        0.0855548366786799,
        0.1745551130114943,
        0.5093796539520828,
        0.14068630146305916,
        0.21425573976486284,
        0.07760649888576181,
        0.21743105132285948,
        0.09435320089767511,
        0.12299314670284374
    ],
    "dividend_dir": [
        1,
        1,
        1,
        1,
        -1,
        1,
        1,
        -1,
        1,
        1,
        -1,
        1
    ],
    "p_tree": [
        [
            null,
            0
        ],
        [
            0,
            1
        ],
        [
            0,
            2
        ],
        [
            2,
            3
        ],
        [
            2,
            4
        ],
        [
            2,
            5
        ],
        [
            2,
            6
        ],
        [
            5,
            7
        ],
        [
            5,
            8
        ],
        [
            5,
            9
        ],
        [
            9,
            10
        ],
        [
            9,
            11
        ]
    ]
}