{
    "guid": "1179091363725361152_twitter",
    "gt_cls": 0,
    "coalitions": [
        [
            "in",
            "the",
            "antebellum",
            "u.s.",
            "a",
            "white",
            "person",
            "just",
            "sold",
            "a1",
            "black",
            "person1",
            "grandchild"
        ],
        [
            "in",
            "the",
            "antebellum",
            "u.s."
        ],
        [
            "a",
            "white",
            "person"
        ],
        [
            "just"
        ],
        [
            "sold",
            "a1",
            "black",
            "person1",
            "grandchild"
        ],
        [
            "in"
        ],
        [
            "the",
            "antebellum",
            "u.s."
        ],
        [
            "a"
        ],
        [
            "white"
        ],
        [
            "person"
        ],
        [
            "sold"
        ],
        [
            "a1",
            "black",
            "person1",
            "grandchild"
        ],
        [
            "the"
        ],
        [
            "antebellum"
        ],
        [
            "u.s."
        ],
        [
            "a1"
        ],
        [
            "black"
        ],
        [
            "person1"
        ],
        [
            "grandchild"
        ]
    ],
    "value_func": [
        1.000000009698317,
        0.44585365157491463,
        0.14303652305717454,
        0.04028546667750924,
        0.3708111162011962,
        0.03925854491998603,
        0.4065873821297793,
        0.03016067984546932,
        0.05898117991386898,
        0.05376517545551304,
        0.07015181302604763,
        0.3006344649822866,
        0.030474319000078725,
        0.24472737405120049,
        0.13133262439173582,
        0.03301252295400373,
        0.06952461249949474,
        0.059121480397501376,
        0.13880808952836549
    ],
    "dividend_dir": [
        1,
        1,
        1,
        -1,
        -1,
        -1,
        1,
        1,
        1,
        -1,
        1,
        -1,
        1,
        1,
        -1,
        1,
        1,
        -1,
        -1
    ],
    "p_tree": [
        [
            null,
            0
        ],
        [
            0,
            1
        ],
        [
            0,
            2
        ],
        [
            0,
            3
        ],
        [
            0,
            4
        ],
        [
            1,
            5
        ],
        [
            1,
            6
        ],
        [
            2,
            7
        ],
        [
            2,
            8
        ],
        [
            2,
            9
        ],
        [
            4,
            10
        ],
        [
            4,
            11
        ],
        [
            6,
            12
        ],
        [
            6,
            13
        ],
        [
            6,
            14
        ],
        [
            11,
            15
        ],
        [
            11,
            16
        ],
        [
            11,
            17
        ],
        [
            11,
            18
        ]
    ]
}