{
    "guid": "1180860204193333249_twitter",
    "gt_cls": 0,
    "coalitions": [
        [
            "joker",
            "<number>",
            "<number>1",
            "ya",
            "esta",
            "en",
            "mi",
            "top",
            "<number>2",
            "versiones",
            "del",
            "joker1",
            "joaquin",
            "phoenix",
            "mark",
            "hamill",
            "y",
            "heath",
            "ledger"
        ],
        [
            "joker",
            "<number>",
            "<number>1",
            "ya",
            "esta"
        ],
        [
            "en"
        ],
        [
            "mi"
        ],
        [
            "top",
            "<number>2",
            "versiones",
            "del",
            "joker1",
            "joaquin",
            "phoenix",
            "mark",
            "hamill"
        ],
        [
            "y"
        ],
        [
            "heath"
        ],
        [
            "ledger"
        ],
        [
            "joker"
        ],
        [
            "<number>"
        ],
        [
            "<number>1"
        ],
        [
            "ya"
        ],
        [
            "esta"
        ],
        [
            "top",
            "<number>2",
            "versiones"
        ],
        [
            "del"
        ],
        [
            "joker1"
        ],
        [
            "joaquin"
        ],
        [
            "phoenix"
        ],
        [
            "mark"
        ],
        [
            "hamill"
        ],
        [
            "top"
        ],
        [
            "<number>2"
        ],
        [
            "versiones"
        ]
    ],
    "value_func": [
        1.00000000569209,
        0.45736119617045917,
        0.021648922465538904,
        0.021275723407757668,
        0.3624718432108931,
        0.032041128597066953,
        0.049888432335581955,
        0.055187087310306374,
        0.06218484667260603,
        0.1043353232529598,
        0.19646692278015418,
        0.04742217672056709,
        0.04682994433991611,
        0.11945711284600778,
        0.02808695928831612,
        0.04281745974416978,
        0.05067261191656003,
        0.04089518335676576,
        0.027015659814764274,
        0.05333890810312791,
        0.023351911465664888,
        0.03820048520887285,
        0.05758534797109249
    ],
    "dividend_dir": [
        1,
        -1,
        1,
        1,
        1,
        1,
        -1,
        1,
        1,
        -1,
        -1,
        1,
        1,
        1,
        1,
        1,
        -1,
        -1,
        1,
        1,
        1,
        1,
        1
    ],
    "p_tree": [
        [
            null,
            0
        ],
        [
            0,
            1
        ],
        [
            0,
            2
        ],
        [
            0,
            3
        ],
        [
            0,
            4
        ],
        [
            0,
            5
        ],
        [
            0,
            6
        ],
        [
            0,
            7
        ],
        [
            1,
            8
        ],
        [
            1,
            9
        ],
        [
            1,
            10
        ],
        [
            1,
            11
        ],
        [
            1,
            12
        ],
        [
            4,
            13
        ],
        [
            4,
            14
        ],
        [
            4,
            15
        ],
        [
            4,
            16
        ],
        [
            4,
            17
        ],
        [
            4,
            18
        ],
        [
            4,
            19
        ],
        [
            13,
            20
        ],
        [
            13,
            21
        ],
        [
            13,
            22
        ]
    ]
}