{
    "guid": "1180520834693304320_twitter",
    "gt_cls": 0,
    "coalitions": [
        [
            "<user>",
            "said",
            "nazis",
            "look",
            "cool",
            "pretty",
            "much"
        ],
        [
            "<user>"
        ],
        [
            "said",
            "nazis",
            "look",
            "cool",
            "pretty",
            "much"
        ],
        [
            "said"
        ],
        [
            "nazis",
            "look",
            "cool",
            "pretty",
            "much"
        ],
        [
            "nazis",
            "look",
            "cool",
            "pretty",
            "much"
        ],
        [
            "nazis"
        ],
        [
            "look",
            "cool",
            "pretty",
            "much"
        ],
        [
            "look"
        ],
        [
            "cool"
        ],
        [
            "pretty",
            "much"
        ],
        [
            "pretty"
        ],
        [
            "much"
        ]
    ],
    "value_func": [
        0.9999999812554001,
        0.16737594723629606,
        0.8326215016269888,
        0.12343463691061557,
        0.7091022353298011,
        0.7086357382432166,
        0.3693625536092402,
        0.3388066875473919,
        0.11954868835514695,
        0.08713735569709388,
        0.13125265695389637,
        0.07246231512176621,
        0.05849602073509706
    ],
    "dividend_dir": [
        1,
        1,
        -1,
        1,
        -1,
        -1,
        -1,
        1,
        1,
        1,
        1,
        1,
        1
    ],
    "p_tree": [
        [
            null,
            0
        ],
        [
            0,
            1
        ],
        [
            0,
            2
        ],
        [
            2,
            3
        ],
        [
            2,
            4
        ],
        [
            4,
            5
        ],
        [
            5,
            6
        ],
        [
            5,
            7
        ],
        [
            7,
            8
        ],
        [
            7,
            9
        ],
        [
            7,
            10
        ],
        [
            10,
            11
        ],
        [
            10,
            12
        ]
    ]
}