{
    "guid": "1180196086486454274_twitter",
    "gt_cls": 0,
    "coalitions": [
        [
            "<user>",
            "i",
            "dont",
            "like",
            "that",
            "ur",
            "not",
            "gay"
        ],
        [
            "<user>"
        ],
        [
            "i"
        ],
        [
            "dont",
            "like",
            "that",
            "ur",
            "not",
            "gay"
        ],
        [
            "dont"
        ],
        [
            "like",
            "that",
            "ur",
            "not",
            "gay"
        ],
        [
            "like"
        ],
        [
            "that",
            "ur"
        ],
        [
            "not"
        ],
        [
            "gay"
        ],
        [
            "that"
        ],
        [
            "ur"
        ]
    ],
    "value_func": [
        1.0000000168055208,
        0.10330920985090039,
        0.07938295537458318,
        0.8164404816438804,
        0.1817234955069006,
        0.6341127622544181,
        0.07527079547589434,
        0.24449254454682748,
        0.09045331677381814,
        0.22294749581712084,
        0.07045915899154086,
        0.17401877951021175
    ],
    "dividend_dir": [
        1,
        1,
        1,
        1,
        -1,
        1,
        1,
        1,
        1,
        1,
        1,
        -1
    ],
    "p_tree": [
        [
            null,
            0
        ],
        [
            0,
            1
        ],
        [
            0,
            2
        ],
        [
            0,
            3
        ],
        [
            3,
            4
        ],
        [
            3,
            5
        ],
        [
            5,
            6
        ],
        [
            5,
            7
        ],
        [
            5,
            8
        ],
        [
            5,
            9
        ],
        [
            7,
            10
        ],
        [
            7,
            11
        ]
    ]
}