{
    "guid": "1181235518908047360_twitter",
    "gt_cls": 0,
    "coalitions": [
        [
            "working",
            "really",
            "is",
            "ghetto"
        ],
        [
            "working"
        ],
        [
            "really"
        ],
        [
            "is",
            "ghetto"
        ],
        [
            "is"
        ],
        [
            "ghetto"
        ]
    ],
    "value_func": [
        0.9999999517328747,
        0.2655405450651939,
        0.20286035383471188,
        0.5296687623014557,
        0.2220024747774705,
        0.3057238148336298
    ],
    "dividend_dir": [
        1,
        1,
        -1,
        1,
        1,
        1
    ],
    "p_tree": [
        [
            null,
            0
        ],
        [
            0,
            1
        ],
        [
            0,
            2
        ],
        [
            0,
            3
        ],
        [
            3,
            4
        ],
        [
            3,
            5
        ]
    ]
}