{
    "guid": "1182374073646628870_twitter",
    "gt_cls": 0,
    "coalitions": [
        [
            "in",
            "every",
            "female",
            "bestie",
            "you",
            "will",
            "always",
            "find",
            "one",
            "lesbian",
            "😊",
            "😋",
            "🤗"
        ],
        [
            "in",
            "every",
            "female",
            "bestie"
        ],
        [
            "you"
        ],
        [
            "will",
            "always",
            "find",
            "one",
            "lesbian",
            "😊",
            "😋"
        ],
        [
            "🤗"
        ],
        [
            "in"
        ],
        [
            "every",
            "female",
            "bestie"
        ],
        [
            "will"
        ],
        [
            "always"
        ],
        [
            "find",
            "one",
            "lesbian",
            "😊",
            "😋"
        ],
        [
            "every"
        ],
        [
            "female"
        ],
        [
            "bestie"
        ],
        [
            "find"
        ],
        [
            "one",
            "lesbian",
            "😊",
            "😋"
        ],
        [
            "one"
        ],
        [
            "lesbian"
        ],
        [
            "😊"
        ],
        [
            "😋"
        ]
    ],
    "value_func": [
        1.0000000288260653,
        0.3230786410703715,
        0.048447357604464295,
        0.5649241599158354,
        0.06319839395525881,
        0.04489964792177253,
        0.2779210056675012,
        0.0357449692835784,
        0.04124368324974659,
        0.487838177257337,
        0.05102703298369975,
        0.09275247779988952,
        0.13389082807316555,
        0.044593736829318296,
        0.4431801723526876,
        0.05168516264573685,
        0.16343611260645588,
        0.09796137608464932,
        0.1298715358795106
    ],
    "dividend_dir": [
        1,
        1,
        1,
        1,
        1,
        1,
        1,
        1,
        1,
        -1,
        1,
        1,
        1,
        1,
        -1,
        1,
        -1,
        1,
        -1
    ],
    "p_tree": [
        [
            null,
            0
        ],
        [
            0,
            1
        ],
        [
            0,
            2
        ],
        [
            0,
            3
        ],
        [
            0,
            4
        ],
        [
            1,
            5
        ],
        [
            1,
            6
        ],
        [
            3,
            7
        ],
        [
            3,
            8
        ],
        [
            3,
            9
        ],
        [
            6,
            10
        ],
        [
            6,
            11
        ],
        [
            6,
            12
        ],
        [
            9,
            13
        ],
        [
            9,
            14
        ],
        [
            14,
            15
        ],
        [
            14,
            16
        ],
        [
            14,
            17
        ],
        [
            14,
            18
        ]
    ]
}