{
    "guid": "1183369366903152641_twitter",
    "gt_cls": 1,
    "coalitions": [
        [
            "<user>",
            "ffs",
            "these",
            "ghetto",
            "blacks",
            "are",
            "ignorant",
            "like",
            "cracker",
            "mountain",
            "hillbillies"
        ],
        [
            "<user>",
            "ffs",
            "these",
            "ghetto",
            "blacks"
        ],
        [
            "are",
            "ignorant",
            "like",
            "cracker",
            "mountain",
            "hillbillies"
        ],
        [
            "<user>"
        ],
        [
            "ffs",
            "these",
            "ghetto",
            "blacks"
        ],
        [
            "are"
        ],
        [
            "ignorant",
            "like",
            "cracker",
            "mountain",
            "hillbillies"
        ],
        [
            "ffs"
        ],
        [
            "these",
            "ghetto",
            "blacks"
        ],
        [
            "ignorant"
        ],
        [
            "like",
            "cracker",
            "mountain",
            "hillbillies"
        ],
        [
            "these"
        ],
        [
            "ghetto"
        ],
        [
            "blacks"
        ],
        [
            "like"
        ],
        [
            "cracker",
            "mountain",
            "hillbillies"
        ],
        [
            "cracker"
        ],
        [
            "mountain"
        ],
        [
            "hillbillies"
        ]
    ],
    "value_func": [
        0.9999999989164173,
        0.4603493012160847,
        0.5392305820740899,
        0.09852296573957164,
        0.361459680881304,
        0.04037671291511237,
        0.4986023824611863,
        0.11602853081997568,
        0.2450813290341034,
        0.07748707467613601,
        0.4208952249016138,
        0.05135170803737402,
        0.09498638658629505,
        0.09836305581795171,
        0.039088652654876516,
        0.3816398039265568,
        0.12615590087403494,
        0.055698522393245437,
        0.19966685787128763
    ],
    "dividend_dir": [
        1,
        1,
        1,
        1,
        1,
        1,
        1,
        1,
        1,
        1,
        1,
        1,
        1,
        1,
        1,
        1,
        1,
        -1,
        1
    ],
    "p_tree": [
        [
            null,
            0
        ],
        [
            0,
            1
        ],
        [
            0,
            2
        ],
        [
            1,
            3
        ],
        [
            1,
            4
        ],
        [
            2,
            5
        ],
        [
            2,
            6
        ],
        [
            4,
            7
        ],
        [
            4,
            8
        ],
        [
            6,
            9
        ],
        [
            6,
            10
        ],
        [
            8,
            11
        ],
        [
            8,
            12
        ],
        [
            8,
            13
        ],
        [
            10,
            14
        ],
        [
            10,
            15
        ],
        [
            15,
            16
        ],
        [
            15,
            17
        ],
        [
            15,
            18
        ]
    ]
}