{
    "guid": "1183035118820175872_twitter",
    "gt_cls": 0,
    "coalitions": [
        [
            "babe",
            "i",
            "am",
            "not",
            "ignoring",
            "you",
            "i1",
            "just",
            "hate",
            "you1",
            "stop",
            "texting",
            "me"
        ],
        [
            "babe"
        ],
        [
            "i",
            "am",
            "not",
            "ignoring",
            "you"
        ],
        [
            "i1"
        ],
        [
            "just"
        ],
        [
            "hate",
            "you1",
            "stop",
            "texting",
            "me"
        ],
        [
            "i",
            "am",
            "not",
            "ignoring",
            "you"
        ],
        [
            "hate"
        ],
        [
            "you1",
            "stop",
            "texting",
            "me"
        ],
        [
            "i"
        ],
        [
            "am",
            "not",
            "ignoring",
            "you"
        ],
        [
            "you1"
        ],
        [
            "stop",
            "texting",
            "me"
        ],
        [
            "am"
        ],
        [
            "not"
        ],
        [
            "ignoring",
            "you"
        ],
        [
            "stop"
        ],
        [
            "texting",
            "me"
        ],
        [
            "ignoring"
        ],
        [
            "you"
        ],
        [
            "texting",
            "me"
        ],
        [
            "texting"
        ],
        [
            "me"
        ]
    ],
    "value_func": [
        0.9999999725394269,
        0.09350499422912598,
        0.3063420525538838,
        0.05538020459068967,
        0.05686840984546673,
        0.4873613890677837,
        0.30554702017276403,
        0.1329763927138367,
        0.35429072544239765,
        0.06613071249213505,
        0.2386212752995092,
        0.07622433047712342,
        0.2776997955588152,
        0.05480264061879661,
        0.052071831507440394,
        0.1312492679529725,
        0.07025515378469224,
        0.2071138397077531,
        0.06762080660732994,
        0.06333353316078573,
        0.20668358396343608,
        0.1349777191419396,
        0.07127560907717947
    ],
    "dividend_dir": [
        1,
        1,
        1,
        1,
        1,
        -1,
        1,
        -1,
        1,
        1,
        1,
        1,
        1,
        1,
        1,
        1,
        -1,
        1,
        1,
        1,
        1,
        1,
        1
    ],
    "p_tree": [
        [
            null,
            0
        ],
        [
            0,
            1
        ],
        [
            0,
            2
        ],
        [
            0,
            3
        ],
        [
            0,
            4
        ],
        [
            0,
            5
        ],
        [
            2,
            6
        ],
        [
            5,
            7
        ],
        [
            5,
            8
        ],
        [
            6,
            9
        ],
        [
            6,
            10
        ],
        [
            8,
            11
        ],
        [
            8,
            12
        ],
        [
            10,
            13
        ],
        [
            10,
            14
        ],
        [
            10,
            15
        ],
        [
            12,
            16
        ],
        [
            12,
            17
        ],
        [
            15,
            18
        ],
        [
            15,
            19
        ],
        [
            17,
            20
        ],
        [
            20,
            21
        ],
        [
            20,
            22
        ]
    ]
}