{
    "guid": "1183598610778222592_twitter",
    "gt_cls": 0,
    "coalitions": [
        [
            "<user>",
            "or",
            "stop",
            "letting",
            "so",
            "many",
            "immigrants",
            "in",
            "might",
            "also",
            "help"
        ],
        [
            "<user>",
            "or",
            "stop",
            "letting",
            "so",
            "many",
            "immigrants",
            "in"
        ],
        [
            "might",
            "also",
            "help"
        ],
        [
            "<user>"
        ],
        [
            "or"
        ],
        [
            "stop",
            "letting",
            "so",
            "many",
            "immigrants",
            "in"
        ],
        [
            "might"
        ],
        [
            "also"
        ],
        [
            "help"
        ],
        [
            "stop"
        ],
        [
            "letting",
            "so",
            "many",
            "immigrants",
            "in"
        ],
        [
            "letting",
            "so",
            "many",
            "immigrants",
            "in"
        ],
        [
            "letting"
        ],
        [
            "so",
            "many",
            "immigrants"
        ],
        [
            "in"
        ],
        [
            "so",
            "many"
        ],
        [
            "immigrants"
        ],
        [
            "so"
        ],
        [
            "many"
        ]
    ],
    "value_func": [
        0.9999999918998486,
        0.7820961330365868,
        0.21761468521184338,
        0.09096904922367388,
        0.07970841541417019,
        0.6108617356723767,
        0.08783524111902519,
        0.058934009580201396,
        0.07052112849462783,
        0.09800400409317975,
        0.5122761663180877,
        0.5116270006765264,
        0.12258308331697225,
        0.3171561181776306,
        0.07123863354036235,
        0.1363512048523866,
        0.18019023985439958,
        0.062451432766904826,
        0.07366969206874112
    ],
    "dividend_dir": [
        1,
        1,
        -1,
        1,
        -1,
        1,
        -1,
        1,
        -1,
        -1,
        1,
        1,
        1,
        1,
        1,
        1,
        1,
        1,
        1
    ],
    "p_tree": [
        [
            null,
            0
        ],
        [
            0,
            1
        ],
        [
            0,
            2
        ],
        [
            1,
            3
        ],
        [
            1,
            4
        ],
        [
            1,
            5
        ],
        [
            2,
            6
        ],
        [
            2,
            7
        ],
        [
            2,
            8
        ],
        [
            5,
            9
        ],
        [
            5,
            10
        ],
        [
            10,
            11
        ],
        [
            11,
            12
        ],
        [
            11,
            13
        ],
        [
            11,
            14
        ],
        [
            13,
            15
        ],
        [
            13,
            16
        ],
        [
            15,
            17
        ],
        [
            15,
            18
        ]
    ]
}