{
    "guid": "1184679550007029760_twitter",
    "gt_cls": 0,
    "coalitions": [
        [
            "egay",
            "o",
            "jungkook"
        ],
        [
            "egay"
        ],
        [
            "o"
        ],
        [
            "jungkook"
        ]
    ],
    "value_func": [
        0.999999977807583,
        0.32633589128425683,
        0.12327895759800987,
        0.5498196083826719
    ],
    "dividend_dir": [
        1,
        1,
        -1,
        1
    ],
    "p_tree": [
        [
            null,
            0
        ],
        [
            0,
            1
        ],
        [
            0,
            2
        ],
        [
            0,
            3
        ]
    ]
}