{
    "guid": "1185184833640652800_twitter",
    "gt_cls": 0,
    "coalitions": [
        [
            "is",
            "slutshaming",
            "still",
            "a",
            "thing",
            "yikes"
        ],
        [
            "is"
        ],
        [
            "slutshaming",
            "still",
            "a",
            "thing",
            "yikes"
        ],
        [
            "slutshaming"
        ],
        [
            "still"
        ],
        [
            "a",
            "thing",
            "yikes"
        ],
        [
            "a"
        ],
        [
            "thing"
        ],
        [
            "yikes"
        ]
    ],
    "value_func": [
        1.0000000044947677,
        0.048533041236280064,
        0.9512078151239317,
        0.4486479747456358,
        0.04813148466724715,
        0.4541811825895202,
        0.0450073765021394,
        0.06515899064715495,
        0.34380577625192615
    ],
    "dividend_dir": [
        -1,
        -1,
        -1,
        -1,
        -1,
        -1,
        1,
        1,
        -1
    ],
    "p_tree": [
        [
            null,
            0
        ],
        [
            0,
            1
        ],
        [
            0,
            2
        ],
        [
            2,
            3
        ],
        [
            2,
            4
        ],
        [
            2,
            5
        ],
        [
            5,
            6
        ],
        [
            5,
            7
        ],
        [
            5,
            8
        ]
    ]
}