{
    "guid": "1185235911853957126_twitter",
    "gt_cls": 0,
    "coalitions": [
        [
            "nuke",
            "a",
            "gay",
            "whale",
            "for",
            "christ"
        ],
        [
            "nuke",
            "a",
            "gay",
            "whale",
            "for",
            "christ"
        ],
        [
            "nuke"
        ],
        [
            "a",
            "gay",
            "whale",
            "for",
            "christ"
        ],
        [
            "a",
            "gay",
            "whale"
        ],
        [
            "for",
            "christ"
        ],
        [
            "a"
        ],
        [
            "gay"
        ],
        [
            "whale"
        ],
        [
            "for"
        ],
        [
            "christ"
        ]
    ],
    "value_func": [
        1.0000000117079713,
        0.9997444098870164,
        0.2370400343358655,
        0.7624487737301959,
        0.5285393873082425,
        0.23373919927767953,
        0.08304867767293801,
        0.20226340614925975,
        0.24312240811419125,
        0.08547438202502801,
        0.148125003091393
    ],
    "dividend_dir": [
        -1,
        -1,
        -1,
        1,
        1,
        1,
        -1,
        1,
        1,
        1,
        1
    ],
    "p_tree": [
        [
            null,
            0
        ],
        [
            0,
            1
        ],
        [
            1,
            2
        ],
        [
            1,
            3
        ],
        [
            3,
            4
        ],
        [
            3,
            5
        ],
        [
            4,
            6
        ],
        [
            4,
            7
        ],
        [
            4,
            8
        ],
        [
            5,
            9
        ],
        [
            5,
            10
        ]
    ]
}