{
    "guid": "1185426001909747712_twitter",
    "gt_cls": 0,
    "coalitions": [
        [
            "if",
            "you",
            "mix",
            "red",
            "bull",
            "and",
            "white",
            "claw",
            "you1",
            "get",
            "pink",
            "blaws"
        ],
        [
            "if",
            "you",
            "mix",
            "red",
            "bull",
            "and",
            "white",
            "claw"
        ],
        [
            "you1"
        ],
        [
            "get",
            "pink",
            "blaws"
        ],
        [
            "if"
        ],
        [
            "you",
            "mix",
            "red",
            "bull",
            "and",
            "white",
            "claw"
        ],
        [
            "get"
        ],
        [
            "pink",
            "blaws"
        ],
        [
            "you"
        ],
        [
            "mix",
            "red",
            "bull",
            "and",
            "white",
            "claw"
        ],
        [
            "pink"
        ],
        [
            "blaws"
        ],
        [
            "mix"
        ],
        [
            "red",
            "bull",
            "and",
            "white",
            "claw"
        ],
        [
            "red",
            "bull"
        ],
        [
            "and"
        ],
        [
            "white",
            "claw"
        ],
        [
            "red"
        ],
        [
            "bull"
        ],
        [
            "white"
        ],
        [
            "claw"
        ]
    ],
    "value_func": [
        0.9999999881149725,
        0.606041940583175,
        0.045607943301232766,
        0.34834273924307907,
        0.030365861181982267,
        0.5756149089307653,
        0.04432535795261142,
        0.30393050828749196,
        0.03403384874971525,
        0.5414542954430286,
        0.07251522235161659,
        0.2312657481875545,
        0.07588959023901853,
        0.4654604580561064,
        0.22684274392676979,
        0.04333394835398632,
        0.1951325918677807,
        0.08132691070140832,
        0.1452623235895198,
        0.07150101038576774,
        0.1235949573892726
    ],
    "dividend_dir": [
        1,
        1,
        1,
        -1,
        -1,
        1,
        1,
        -1,
        1,
        1,
        1,
        -1,
        -1,
        1,
        1,
        1,
        -1,
        1,
        1,
        1,
        -1
    ],
    "p_tree": [
        [
            null,
            0
        ],
        [
            0,
            1
        ],
        [
            0,
            2
        ],
        [
            0,
            3
        ],
        [
            1,
            4
        ],
        [
            1,
            5
        ],
        [
            3,
            6
        ],
        [
            3,
            7
        ],
        [
            5,
            8
        ],
        [
            5,
            9
        ],
        [
            7,
            10
        ],
        [
            7,
            11
        ],
        [
            9,
            12
        ],
        [
            9,
            13
        ],
        [
            13,
            14
        ],
        [
            13,
            15
        ],
        [
            13,
            16
        ],
        [
            14,
            17
        ],
        [
            14,
            18
        ],
        [
            16,
            19
        ],
        [
            16,
            20
        ]
    ]
}