{
    "guid": "1185251510466371584_twitter",
    "gt_cls": 0,
    "coalitions": [
        [
            "put",
            "the",
            "thooka",
            "down",
            "pussy",
            "nigga",
            "put1",
            "yo",
            "fist",
            "up"
        ],
        [
            "put",
            "the",
            "thooka",
            "down",
            "pussy",
            "nigga",
            "put1",
            "yo",
            "fist",
            "up"
        ],
        [
            "put"
        ],
        [
            "the",
            "thooka"
        ],
        [
            "down",
            "pussy",
            "nigga",
            "put1",
            "yo",
            "fist",
            "up"
        ],
        [
            "the"
        ],
        [
            "thooka"
        ],
        [
            "down"
        ],
        [
            "pussy",
            "nigga",
            "put1",
            "yo",
            "fist",
            "up"
        ],
        [
            "pussy",
            "nigga"
        ],
        [
            "put1",
            "yo",
            "fist",
            "up"
        ],
        [
            "pussy"
        ],
        [
            "nigga"
        ],
        [
            "put1"
        ],
        [
            "yo",
            "fist"
        ],
        [
            "up"
        ],
        [
            "yo"
        ],
        [
            "fist"
        ]
    ],
    "value_func": [
        1.0000000232201085,
        0.9999454485032644,
        0.038100366402303756,
        0.281322489602388,
        0.6804680177817285,
        0.057935014366272866,
        0.2230732740986258,
        0.05858085922171717,
        0.6217863954448923,
        0.40835330118402163,
        0.21335637514983055,
        0.16200043986048684,
        0.24626470334551673,
        0.046858274903667396,
        0.12838745888237874,
        0.03808596338518991,
        0.0638255926600959,
        0.06450961594786081
    ],
    "dividend_dir": [
        1,
        1,
        -1,
        1,
        -1,
        -1,
        1,
        -1,
        -1,
        -1,
        -1,
        -1,
        1,
        -1,
        -1,
        1,
        1,
        -1
    ],
    "p_tree": [
        [
            null,
            0
        ],
        [
            0,
            1
        ],
        [
            1,
            2
        ],
        [
            1,
            3
        ],
        [
            1,
            4
        ],
        [
            3,
            5
        ],
        [
            3,
            6
        ],
        [
            4,
            7
        ],
        [
            4,
            8
        ],
        [
            8,
            9
        ],
        [
            8,
            10
        ],
        [
            9,
            11
        ],
        [
            9,
            12
        ],
        [
            10,
            13
        ],
        [
            10,
            14
        ],
        [
            10,
            15
        ],
        [
            14,
            16
        ],
        [
            14,
            17
        ]
    ]
}