{
    "guid": "1187925752571973632_twitter",
    "gt_cls": 0,
    "coalitions": [
        [
            "the",
            "bigger",
            "the1",
            "hoops",
            "the2",
            "bigger1",
            "the3",
            "hoe",
            "guy",
            "at",
            "gas",
            "station"
        ],
        [
            "the",
            "bigger",
            "the1",
            "hoops",
            "the2",
            "bigger1"
        ],
        [
            "the3",
            "hoe",
            "guy",
            "at",
            "gas",
            "station"
        ],
        [
            "the",
            "bigger"
        ],
        [
            "the1",
            "hoops",
            "the2",
            "bigger1"
        ],
        [
            "the3",
            "hoe",
            "guy"
        ],
        [
            "at",
            "gas",
            "station"
        ],
        [
            "the"
        ],
        [
            "bigger"
        ],
        [
            "the1",
            "hoops"
        ],
        [
            "the2",
            "bigger1"
        ],
        [
            "the3"
        ],
        [
            "hoe"
        ],
        [
            "guy"
        ],
        [
            "at"
        ],
        [
            "gas",
            "station"
        ],
        [
            "the1"
        ],
        [
            "hoops"
        ],
        [
            "the2"
        ],
        [
            "bigger1"
        ],
        [
            "gas"
        ],
        [
            "station"
        ]
    ],
    "value_func": [
        0.9999999942955171,
        0.5198627341580132,
        0.47998144373562623,
        0.10161560822122223,
        0.41815439446053265,
        0.2885287140838594,
        0.19132570030733304,
        0.037026186008635324,
        0.06454622842811862,
        0.31154829180364496,
        0.10652379068539033,
        0.04392465246187345,
        0.16998830450106478,
        0.07448859835363142,
        0.04492248785716332,
        0.146355553897879,
        0.058675442780715896,
        0.2527029164951561,
        0.03908522461530421,
        0.06735691217719023,
        0.08230960601069096,
        0.06386737094547955
    ],
    "dividend_dir": [
        1,
        1,
        1,
        1,
        1,
        1,
        1,
        1,
        -1,
        1,
        -1,
        1,
        1,
        1,
        1,
        -1,
        1,
        -1,
        1,
        -1,
        -1,
        1
    ],
    "p_tree": [
        [
            null,
            0
        ],
        [
            0,
            1
        ],
        [
            0,
            2
        ],
        [
            1,
            3
        ],
        [
            1,
            4
        ],
        [
            2,
            5
        ],
        [
            2,
            6
        ],
        [
            3,
            7
        ],
        [
            3,
            8
        ],
        [
            4,
            9
        ],
        [
            4,
            10
        ],
        [
            5,
            11
        ],
        [
            5,
            12
        ],
        [
            5,
            13
        ],
        [
            6,
            14
        ],
        [
            6,
            15
        ],
        [
            9,
            16
        ],
        [
            9,
            17
        ],
        [
            10,
            18
        ],
        [
            10,
            19
        ],
        [
            15,
            20
        ],
        [
            15,
            21
        ]
    ]
}