{
    "guid": "1187917816948756481_twitter",
    "gt_cls": 0,
    "coalitions": [
        [
            "anyway",
            "you",
            "all",
            "see",
            "these",
            "euro",
            "niggas",
            "dangerous",
            "mofuckas"
        ],
        [
            "anyway"
        ],
        [
            "you",
            "all"
        ],
        [
            "see",
            "these",
            "euro",
            "niggas",
            "dangerous",
            "mofuckas"
        ],
        [
            "you"
        ],
        [
            "all"
        ],
        [
            "see"
        ],
        [
            "these",
            "euro",
            "niggas",
            "dangerous",
            "mofuckas"
        ],
        [
            "these",
            "euro",
            "niggas"
        ],
        [
            "dangerous",
            "mofuckas"
        ],
        [
            "these"
        ],
        [
            "euro"
        ],
        [
            "niggas"
        ],
        [
            "dangerous"
        ],
        [
            "mofuckas"
        ]
    ],
    "value_func": [
        1.0000000266179416,
        0.03452227657600514,
        0.05288592769300005,
        0.9125167106512926,
        0.028894757830030197,
        0.023949670837476563,
        0.03373443443748885,
        0.8786656760233991,
        0.46610308604706346,
        0.4124548838907001,
        0.046327632829209334,
        0.11880514566440759,
        0.3005912480495098,
        0.07188758187792357,
        0.3403375164428223
    ],
    "dividend_dir": [
        1,
        -1,
        1,
        1,
        1,
        1,
        1,
        1,
        1,
        -1,
        1,
        1,
        1,
        -1,
        -1
    ],
    "p_tree": [
        [
            null,
            0
        ],
        [
            0,
            1
        ],
        [
            0,
            2
        ],
        [
            0,
            3
        ],
        [
            2,
            4
        ],
        [
            2,
            5
        ],
        [
            3,
            6
        ],
        [
            3,
            7
        ],
        [
            7,
            8
        ],
        [
            7,
            9
        ],
        [
            8,
            10
        ],
        [
            8,
            11
        ],
        [
            8,
            12
        ],
        [
            9,
            13
        ],
        [
            9,
            14
        ]
    ]
}