{
    "guid": "1187192156194328577_twitter",
    "gt_cls": 0,
    "coalitions": [
        [
            "to",
            "cold",
            "to1",
            "be",
            "sleeping",
            "alone",
            "ghetto"
        ],
        [
            "to",
            "cold"
        ],
        [
            "to1",
            "be",
            "sleeping",
            "alone",
            "ghetto"
        ],
        [
            "to"
        ],
        [
            "cold"
        ],
        [
            "to1",
            "be",
            "sleeping",
            "alone",
            "ghetto"
        ],
        [
            "to1"
        ],
        [
            "be",
            "sleeping",
            "alone",
            "ghetto"
        ],
        [
            "be"
        ],
        [
            "sleeping",
            "alone",
            "ghetto"
        ],
        [
            "sleeping"
        ],
        [
            "alone"
        ],
        [
            "ghetto"
        ]
    ],
    "value_func": [
        0.9999999943929814,
        0.37368128024900515,
        0.6255119537686223,
        0.20304080434686025,
        0.16953582672755302,
        0.62525544334535,
        0.11309624541246434,
        0.5119026875096133,
        0.12235522035825128,
        0.3892630446044979,
        0.13698190761170628,
        0.11913293243048242,
        0.13292090200908882
    ],
    "dividend_dir": [
        1,
        1,
        1,
        1,
        -1,
        1,
        1,
        1,
        1,
        1,
        -1,
        1,
        1
    ],
    "p_tree": [
        [
            null,
            0
        ],
        [
            0,
            1
        ],
        [
            0,
            2
        ],
        [
            1,
            3
        ],
        [
            1,
            4
        ],
        [
            2,
            5
        ],
        [
            5,
            6
        ],
        [
            5,
            7
        ],
        [
            7,
            8
        ],
        [
            7,
            9
        ],
        [
            9,
            10
        ],
        [
            9,
            11
        ],
        [
            9,
            12
        ]
    ]
}