{
    "guid": "1187745116464832515_twitter",
    "gt_cls": 0,
    "coalitions": [
        [
            "it",
            "ain",
            "t",
            "even",
            "noon",
            "yet",
            "and",
            "niggas",
            "lying"
        ],
        [
            "it"
        ],
        [
            "ain",
            "t",
            "even",
            "noon",
            "yet",
            "and",
            "niggas",
            "lying"
        ],
        [
            "ain"
        ],
        [
            "t",
            "even",
            "noon",
            "yet",
            "and",
            "niggas",
            "lying"
        ],
        [
            "t",
            "even",
            "noon",
            "yet"
        ],
        [
            "and"
        ],
        [
            "niggas",
            "lying"
        ],
        [
            "t"
        ],
        [
            "even"
        ],
        [
            "noon"
        ],
        [
            "yet"
        ],
        [
            "niggas"
        ],
        [
            "lying"
        ]
    ],
    "value_func": [
        1.0000000047260482,
        0.0560218874965451,
        0.943653298217298,
        0.07699587331774793,
        0.8665460487811579,
        0.29322697288304445,
        0.061864905286334794,
        0.5112574199171882,
        0.06200293295116709,
        0.054534892652480564,
        0.11490960773883506,
        0.061775464597514755,
        0.38339442515904065,
        0.12775423587647716
    ],
    "dividend_dir": [
        1,
        1,
        1,
        -1,
        1,
        1,
        1,
        1,
        1,
        1,
        -1,
        1,
        1,
        -1
    ],
    "p_tree": [
        [
            null,
            0
        ],
        [
            0,
            1
        ],
        [
            0,
            2
        ],
        [
            2,
            3
        ],
        [
            2,
            4
        ],
        [
            4,
            5
        ],
        [
            4,
            6
        ],
        [
            4,
            7
        ],
        [
            5,
            8
        ],
        [
            5,
            9
        ],
        [
            5,
            10
        ],
        [
            5,
            11
        ],
        [
            7,
            12
        ],
        [
            7,
            13
        ]
    ]
}