{
    "guid": "1188543871350984705_twitter",
    "gt_cls": 0,
    "coalitions": [
        [
            "hate",
            "when",
            "females",
            "try",
            "so",
            "hard",
            "to",
            "be",
            "niggas"
        ],
        [
            "hate",
            "when",
            "females",
            "try",
            "so",
            "hard",
            "to",
            "be",
            "niggas"
        ],
        [
            "hate"
        ],
        [
            "when",
            "females",
            "try",
            "so",
            "hard",
            "to",
            "be",
            "niggas"
        ],
        [
            "when"
        ],
        [
            "females",
            "try",
            "so",
            "hard",
            "to",
            "be",
            "niggas"
        ],
        [
            "females"
        ],
        [
            "try",
            "so",
            "hard",
            "to",
            "be",
            "niggas"
        ],
        [
            "try"
        ],
        [
            "so",
            "hard",
            "to",
            "be",
            "niggas"
        ],
        [
            "so"
        ],
        [
            "hard"
        ],
        [
            "to",
            "be",
            "niggas"
        ],
        [
            "to",
            "be",
            "niggas"
        ],
        [
            "to"
        ],
        [
            "be",
            "niggas"
        ],
        [
            "be"
        ],
        [
            "niggas"
        ]
    ],
    "value_func": [
        0.9999999651225857,
        0.9999011142505437,
        0.13964318540713194,
        0.8601590779713698,
        0.05951693695299642,
        0.8001193479847019,
        0.13183382731753535,
        0.6677574258602225,
        0.06182456688274816,
        0.605337745697466,
        0.03433952834861448,
        0.051180687617331515,
        0.519185540673805,
        0.5185997678817548,
        0.03307323228268612,
        0.4849407628070184,
        0.05282689821006639,
        0.4315649211392476
    ],
    "dividend_dir": [
        1,
        1,
        -1,
        1,
        1,
        1,
        -1,
        1,
        1,
        1,
        1,
        1,
        1,
        1,
        1,
        1,
        1,
        1
    ],
    "p_tree": [
        [
            null,
            0
        ],
        [
            0,
            1
        ],
        [
            1,
            2
        ],
        [
            1,
            3
        ],
        [
            3,
            4
        ],
        [
            3,
            5
        ],
        [
            5,
            6
        ],
        [
            5,
            7
        ],
        [
            7,
            8
        ],
        [
            7,
            9
        ],
        [
            9,
            10
        ],
        [
            9,
            11
        ],
        [
            9,
            12
        ],
        [
            12,
            13
        ],
        [
            13,
            14
        ],
        [
            13,
            15
        ],
        [
            15,
            16
        ],
        [
            15,
            17
        ]
    ]
}