{
    "guid": "1189699418867556352_twitter",
    "gt_cls": 0,
    "coalitions": [
        [
            "<user>",
            "white",
            "people",
            "stole",
            "the",
            "land",
            "so",
            "you",
            "’",
            "re",
            "an",
            "immigrant"
        ],
        [
            "<user>",
            "white",
            "people"
        ],
        [
            "stole",
            "the",
            "land",
            "so",
            "you",
            "’",
            "re",
            "an",
            "immigrant"
        ],
        [
            "<user>"
        ],
        [
            "white"
        ],
        [
            "people"
        ],
        [
            "stole"
        ],
        [
            "the",
            "land"
        ],
        [
            "so",
            "you",
            "’",
            "re",
            "an",
            "immigrant"
        ],
        [
            "the"
        ],
        [
            "land"
        ],
        [
            "so"
        ],
        [
            "you",
            "’",
            "re",
            "an",
            "immigrant"
        ],
        [
            "you"
        ],
        [
            "’",
            "re",
            "an",
            "immigrant"
        ],
        [
            "’"
        ],
        [
            "re"
        ],
        [
            "an",
            "immigrant"
        ],
        [
            "an"
        ],
        [
            "immigrant"
        ]
    ],
    "value_func": [
        0.999999986988521,
        0.31322675388843935,
        0.6866753595876793,
        0.07920599130697457,
        0.14415327589883994,
        0.08931996511894826,
        0.1604356049910907,
        0.13546828252812343,
        0.3906054540688887,
        0.04807500180268035,
        0.08722392645146067,
        0.04842232180651047,
        0.3420243401180111,
        0.06011085006115813,
        0.2818035641873644,
        0.053267662758521385,
        0.05491331208984481,
        0.17361000780318464,
        0.05304024257179241,
        0.12031411130675544
    ],
    "dividend_dir": [
        1,
        1,
        -1,
        1,
        1,
        -1,
        -1,
        1,
        -1,
        1,
        1,
        -1,
        -1,
        -1,
        -1,
        -1,
        -1,
        1,
        -1,
        1
    ],
    "p_tree": [
        [
            null,
            0
        ],
        [
            0,
            1
        ],
        [
            0,
            2
        ],
        [
            1,
            3
        ],
        [
            1,
            4
        ],
        [
            1,
            5
        ],
        [
            2,
            6
        ],
        [
            2,
            7
        ],
        [
            2,
            8
        ],
        [
            7,
            9
        ],
        [
            7,
            10
        ],
        [
            8,
            11
        ],
        [
            8,
            12
        ],
        [
            12,
            13
        ],
        [
            12,
            14
        ],
        [
            14,
            15
        ],
        [
            14,
            16
        ],
        [
            14,
            17
        ],
        [
            17,
            18
        ],
        [
            17,
            19
        ]
    ]
}