{
    "guid": "1190261367518978051_twitter",
    "gt_cls": 0,
    "coalitions": [
        [
            "staycommittedmrpm",
            "all",
            "muslim",
            "world",
            "is",
            "watching",
            "to",
            "pakistan",
            "and",
            "imran",
            "khan"
        ],
        [
            "staycommittedmrpm",
            "all",
            "muslim",
            "world"
        ],
        [
            "is",
            "watching",
            "to",
            "pakistan",
            "and",
            "imran",
            "khan"
        ],
        [
            "staycommittedmrpm"
        ],
        [
            "all",
            "muslim",
            "world"
        ],
        [
            "is"
        ],
        [
            "watching",
            "to",
            "pakistan",
            "and",
            "imran",
            "khan"
        ],
        [
            "all"
        ],
        [
            "muslim"
        ],
        [
            "world"
        ],
        [
            "watching",
            "to",
            "pakistan"
        ],
        [
            "and"
        ],
        [
            "imran",
            "khan"
        ],
        [
            "watching"
        ],
        [
            "to",
            "pakistan"
        ],
        [
            "imran"
        ],
        [
            "khan"
        ],
        [
            "to"
        ],
        [
            "pakistan"
        ]
    ],
    "value_func": [
        0.9999999739849871,
        0.5310726293584387,
        0.46878860631501135,
        0.28196984062852887,
        0.2489459776569373,
        0.041742924681374846,
        0.42664816765758934,
        0.050502844765027935,
        0.12360335024002894,
        0.07473944994857898,
        0.17772414529265335,
        0.04246749523064467,
        0.2060837759649848,
        0.06023697185148259,
        0.11744434254745399,
        0.11971185333980286,
        0.08593836307812432,
        0.0318055438241494,
        0.08561173068855008
    ],
    "dividend_dir": [
        1,
        -1,
        1,
        -1,
        -1,
        1,
        1,
        1,
        -1,
        1,
        1,
        1,
        1,
        1,
        1,
        1,
        1,
        -1,
        1
    ],
    "p_tree": [
        [
            null,
            0
        ],
        [
            0,
            1
        ],
        [
            0,
            2
        ],
        [
            1,
            3
        ],
        [
            1,
            4
        ],
        [
            2,
            5
        ],
        [
            2,
            6
        ],
        [
            4,
            7
        ],
        [
            4,
            8
        ],
        [
            4,
            9
        ],
        [
            6,
            10
        ],
        [
            6,
            11
        ],
        [
            6,
            12
        ],
        [
            10,
            13
        ],
        [
            10,
            14
        ],
        [
            12,
            15
        ],
        [
            12,
            16
        ],
        [
            14,
            17
        ],
        [
            14,
            18
        ]
    ]
}