{
    "guid": "1192441988014059520_twitter",
    "gt_cls": 0,
    "coalitions": [
        [
            "couple",
            "friends",
            "you",
            "know",
            "bitches",
            "get",
            "funny"
        ],
        [
            "couple",
            "friends"
        ],
        [
            "you",
            "know",
            "bitches",
            "get",
            "funny"
        ],
        [
            "couple"
        ],
        [
            "friends"
        ],
        [
            "you",
            "know",
            "bitches",
            "get",
            "funny"
        ],
        [
            "you"
        ],
        [
            "know",
            "bitches",
            "get",
            "funny"
        ],
        [
            "know"
        ],
        [
            "bitches",
            "get",
            "funny"
        ],
        [
            "bitches",
            "get",
            "funny"
        ],
        [
            "bitches"
        ],
        [
            "get",
            "funny"
        ],
        [
            "get"
        ],
        [
            "funny"
        ]
    ],
    "value_func": [
        0.9999999811017677,
        0.18581233961622518,
        0.8138565829039076,
        0.08964579959289161,
        0.0960967799560938,
        0.8135154122718758,
        0.06404476963011227,
        0.7491294720097318,
        0.11476413361774139,
        0.6340471588803028,
        0.6333733988147887,
        0.42594086033970346,
        0.20675877840957113,
        0.08840318692396228,
        0.11794755438045437
    ],
    "dividend_dir": [
        1,
        1,
        1,
        -1,
        1,
        1,
        1,
        1,
        -1,
        1,
        1,
        1,
        -1,
        1,
        -1
    ],
    "p_tree": [
        [
            null,
            0
        ],
        [
            0,
            1
        ],
        [
            0,
            2
        ],
        [
            1,
            3
        ],
        [
            1,
            4
        ],
        [
            2,
            5
        ],
        [
            5,
            6
        ],
        [
            5,
            7
        ],
        [
            7,
            8
        ],
        [
            7,
            9
        ],
        [
            9,
            10
        ],
        [
            10,
            11
        ],
        [
            10,
            12
        ],
        [
            12,
            13
        ],
        [
            12,
            14
        ]
    ]
}