{
    "guid": "11959949_gab",
    "gt_cls": 1,
    "coalitions": [
        [
            "plus",
            "he",
            "a",
            "faggot",
            "so",
            "he1",
            "likes",
            "things",
            "up",
            "his",
            "ass"
        ],
        [
            "plus"
        ],
        [
            "he"
        ],
        [
            "a",
            "faggot"
        ],
        [
            "so",
            "he1",
            "likes",
            "things",
            "up",
            "his",
            "ass"
        ],
        [
            "a"
        ],
        [
            "faggot"
        ],
        [
            "so"
        ],
        [
            "he1",
            "likes",
            "things",
            "up",
            "his",
            "ass"
        ],
        [
            "he1"
        ],
        [
            "likes",
            "things",
            "up",
            "his",
            "ass"
        ],
        [
            "likes"
        ],
        [
            "things"
        ],
        [
            "up"
        ],
        [
            "his",
            "ass"
        ],
        [
            "his"
        ],
        [
            "ass"
        ]
    ],
    "value_func": [
        1.0000000093901131,
        0.09670600539841358,
        0.0498783702515499,
        0.44760276478580274,
        0.40542283341000424,
        0.061184698389017175,
        0.3863565443045204,
        0.04420940786517929,
        0.3610491727582307,
        0.039342534417554156,
        0.3215212712702732,
        0.08036294613093904,
        0.06732377890147948,
        0.044749898699755125,
        0.12876156072455167,
        0.04780554567732646,
        0.08076657271004481
    ],
    "dividend_dir": [
        -1,
        -1,
        1,
        -1,
        -1,
        1,
        -1,
        1,
        -1,
        1,
        -1,
        -1,
        1,
        -1,
        -1,
        -1,
        -1
    ],
    "p_tree": [
        [
            null,
            0
        ],
        [
            0,
            1
        ],
        [
            0,
            2
        ],
        [
            0,
            3
        ],
        [
            0,
            4
        ],
        [
            3,
            5
        ],
        [
            3,
            6
        ],
        [
            4,
            7
        ],
        [
            4,
            8
        ],
        [
            8,
            9
        ],
        [
            8,
            10
        ],
        [
            10,
            11
        ],
        [
            10,
            12
        ],
        [
            10,
            13
        ],
        [
            10,
            14
        ],
        [
            14,
            15
        ],
        [
            14,
            16
        ]
    ]
}