{
    "guid": "1195959027525726209_twitter",
    "gt_cls": 0,
    "coalitions": [
        [
            "<user>",
            "y",
            "are",
            "u",
            "focusing",
            "on",
            "that",
            "when",
            "nazis",
            "exist"
        ],
        [
            "<user>",
            "y"
        ],
        [
            "are",
            "u",
            "focusing",
            "on",
            "that",
            "when",
            "nazis",
            "exist"
        ],
        [
            "<user>"
        ],
        [
            "y"
        ],
        [
            "are"
        ],
        [
            "u",
            "focusing",
            "on",
            "that",
            "when",
            "nazis",
            "exist"
        ],
        [
            "u"
        ],
        [
            "focusing",
            "on",
            "that",
            "when",
            "nazis",
            "exist"
        ],
        [
            "focusing"
        ],
        [
            "on",
            "that"
        ],
        [
            "when",
            "nazis",
            "exist"
        ],
        [
            "on"
        ],
        [
            "that"
        ],
        [
            "when"
        ],
        [
            "nazis",
            "exist"
        ],
        [
            "nazis"
        ],
        [
            "exist"
        ]
    ],
    "value_func": [
        1.000000007766551,
        0.21625386690901569,
        0.7829520981842424,
        0.10381795202708381,
        0.11213427393676674,
        0.08314649169006652,
        0.6990710498180679,
        0.1398530686842511,
        0.5586461004691282,
        0.09191413667806803,
        0.11853525644914654,
        0.3477561144443013,
        0.05367121645272869,
        0.0644273030128428,
        0.07246719446191933,
        0.27509371233519003,
        0.1765892204239192,
        0.09849440557620222
    ],
    "dividend_dir": [
        1,
        1,
        1,
        1,
        1,
        1,
        1,
        1,
        1,
        1,
        1,
        1,
        -1,
        1,
        1,
        -1,
        -1,
        1
    ],
    "p_tree": [
        [
            null,
            0
        ],
        [
            0,
            1
        ],
        [
            0,
            2
        ],
        [
            1,
            3
        ],
        [
            1,
            4
        ],
        [
            2,
            5
        ],
        [
            2,
            6
        ],
        [
            6,
            7
        ],
        [
            6,
            8
        ],
        [
            8,
            9
        ],
        [
            8,
            10
        ],
        [
            8,
            11
        ],
        [
            10,
            12
        ],
        [
            10,
            13
        ],
        [
            11,
            14
        ],
        [
            11,
            15
        ],
        [
            15,
            16
        ],
        [
            15,
            17
        ]
    ]
}