{
    "guid": "1196677971244933120_twitter",
    "gt_cls": 0,
    "coalitions": [
        [
            "how",
            "do",
            "you",
            "see",
            "or",
            "treat",
            "homosexuals"
        ],
        [
            "how"
        ],
        [
            "do",
            "you",
            "see",
            "or",
            "treat",
            "homosexuals"
        ],
        [
            "do"
        ],
        [
            "you"
        ],
        [
            "see",
            "or",
            "treat",
            "homosexuals"
        ],
        [
            "see"
        ],
        [
            "or"
        ],
        [
            "treat"
        ],
        [
            "homosexuals"
        ]
    ],
    "value_func": [
        1.0000000436286807,
        0.08333029169359775,
        0.9166669774783806,
        0.05621316058093078,
        0.06951093094670767,
        0.79066330267332,
        0.07964725279652961,
        0.07614935291774524,
        0.16756018028046377,
        0.4669468153147741
    ],
    "dividend_dir": [
        -1,
        -1,
        1,
        1,
        -1,
        1,
        -1,
        1,
        -1,
        1
    ],
    "p_tree": [
        [
            null,
            0
        ],
        [
            0,
            1
        ],
        [
            0,
            2
        ],
        [
            2,
            3
        ],
        [
            2,
            4
        ],
        [
            2,
            5
        ],
        [
            5,
            6
        ],
        [
            5,
            7
        ],
        [
            5,
            8
        ],
        [
            5,
            9
        ]
    ]
}