{
    "guid": "1199879372154589184_twitter",
    "gt_cls": 0,
    "coalitions": [
        [
            "rey",
            "walk",
            "to",
            "the",
            "gas",
            "station",
            "since",
            "everybody",
            "acting",
            "like",
            "bitches"
        ],
        [
            "rey",
            "walk",
            "to",
            "the",
            "gas",
            "station",
            "since",
            "everybody",
            "acting",
            "like",
            "bitches"
        ],
        [
            "rey"
        ],
        [
            "walk",
            "to",
            "the",
            "gas",
            "station",
            "since",
            "everybody",
            "acting",
            "like",
            "bitches"
        ],
        [
            "walk"
        ],
        [
            "to",
            "the",
            "gas",
            "station"
        ],
        [
            "since",
            "everybody",
            "acting",
            "like",
            "bitches"
        ],
        [
            "to"
        ],
        [
            "the",
            "gas",
            "station"
        ],
        [
            "since"
        ],
        [
            "everybody",
            "acting",
            "like",
            "bitches"
        ],
        [
            "the"
        ],
        [
            "gas"
        ],
        [
            "station"
        ],
        [
            "everybody"
        ],
        [
            "acting",
            "like",
            "bitches"
        ],
        [
            "acting"
        ],
        [
            "like",
            "bitches"
        ],
        [
            "like"
        ],
        [
            "bitches"
        ]
    ],
    "value_func": [
        0.999999987682564,
        0.9992661884471805,
        0.11800677127910403,
        0.8805256179326929,
        0.07786858028414265,
        0.2853683938170762,
        0.5166534141653182,
        0.04722233521714349,
        0.23759034500105194,
        0.06101611475501644,
        0.45508833363358725,
        0.05607677039774756,
        0.10871560119901072,
        0.07232105060744172,
        0.0883820153277251,
        0.36618483618829206,
        0.06651309411895191,
        0.299120595149548,
        0.07313235422054916,
        0.22550031237480186
    ],
    "dividend_dir": [
        1,
        1,
        1,
        1,
        -1,
        1,
        1,
        1,
        1,
        1,
        1,
        1,
        -1,
        1,
        1,
        1,
        1,
        1,
        -1,
        1
    ],
    "p_tree": [
        [
            null,
            0
        ],
        [
            0,
            1
        ],
        [
            1,
            2
        ],
        [
            1,
            3
        ],
        [
            3,
            4
        ],
        [
            3,
            5
        ],
        [
            3,
            6
        ],
        [
            5,
            7
        ],
        [
            5,
            8
        ],
        [
            6,
            9
        ],
        [
            6,
            10
        ],
        [
            8,
            11
        ],
        [
            8,
            12
        ],
        [
            8,
            13
        ],
        [
            10,
            14
        ],
        [
            10,
            15
        ],
        [
            15,
            16
        ],
        [
            15,
            17
        ],
        [
            17,
            18
        ],
        [
            17,
            19
        ]
    ]
}