{
    "guid": "1203582917416493056_twitter",
    "gt_cls": 0,
    "coalitions": [
        [
            "server",
            "life",
            "is",
            "ghetto",
            "don",
            "’",
            "t",
            "let",
            "anyone",
            "tell",
            "you",
            "otherwise"
        ],
        [
            "server",
            "life"
        ],
        [
            "is",
            "ghetto",
            "don",
            "’",
            "t",
            "let",
            "anyone",
            "tell",
            "you",
            "otherwise"
        ],
        [
            "server"
        ],
        [
            "life"
        ],
        [
            "is"
        ],
        [
            "ghetto",
            "don"
        ],
        [
            "’"
        ],
        [
            "t"
        ],
        [
            "let",
            "anyone",
            "tell",
            "you",
            "otherwise"
        ],
        [
            "ghetto"
        ],
        [
            "don"
        ],
        [
            "let"
        ],
        [
            "anyone",
            "tell",
            "you",
            "otherwise"
        ],
        [
            "anyone"
        ],
        [
            "tell",
            "you",
            "otherwise"
        ],
        [
            "tell"
        ],
        [
            "you"
        ],
        [
            "otherwise"
        ]
    ],
    "value_func": [
        1.0000000362664507,
        0.1680935281815639,
        0.8314660422852491,
        0.07392143850429961,
        0.09357532017202286,
        0.08610353058061196,
        0.2856005736733426,
        0.08156175491383781,
        0.05544381472181613,
        0.3225401238786545,
        0.19502806893369487,
        0.09005049829038006,
        0.05414335986146394,
        0.2680195844060759,
        0.06220818513384369,
        0.20536709170402132,
        0.06715481403245774,
        0.06108216467840949,
        0.076761777555662
    ],
    "dividend_dir": [
        1,
        1,
        1,
        1,
        1,
        1,
        -1,
        -1,
        1,
        1,
        -1,
        -1,
        -1,
        1,
        1,
        1,
        1,
        1,
        1
    ],
    "p_tree": [
        [
            null,
            0
        ],
        [
            0,
            1
        ],
        [
            0,
            2
        ],
        [
            1,
            3
        ],
        [
            1,
            4
        ],
        [
            2,
            5
        ],
        [
            2,
            6
        ],
        [
            2,
            7
        ],
        [
            2,
            8
        ],
        [
            2,
            9
        ],
        [
            6,
            10
        ],
        [
            6,
            11
        ],
        [
            9,
            12
        ],
        [
            9,
            13
        ],
        [
            13,
            14
        ],
        [
            13,
            15
        ],
        [
            15,
            16
        ],
        [
            15,
            17
        ],
        [
            15,
            18
        ]
    ]
}