{
    "guid": "1204799613724704771_twitter",
    "gt_cls": 0,
    "coalitions": [
        [
            "<user>",
            "<user>1",
            "climate",
            "change",
            "is",
            "a",
            "fucking",
            "hoax"
        ],
        [
            "<user>",
            "<user>1",
            "climate",
            "change"
        ],
        [
            "is",
            "a",
            "fucking",
            "hoax"
        ],
        [
            "<user>",
            "<user>1"
        ],
        [
            "climate"
        ],
        [
            "change"
        ],
        [
            "is"
        ],
        [
            "a",
            "fucking",
            "hoax"
        ],
        [
            "<user>"
        ],
        [
            "<user>1"
        ],
        [
            "a"
        ],
        [
            "fucking"
        ],
        [
            "hoax"
        ]
    ],
    "value_func": [
        0.9999999875014471,
        0.5262243841883815,
        0.4733858248959327,
        0.25158592902460114,
        0.16274962823402173,
        0.11137651719089314,
        0.07902799965082045,
        0.39426791038947534,
        0.10959625235654212,
        0.14192399154402902,
        0.09256200122520471,
        0.11913758030693994,
        0.1825003247015758
    ],
    "dividend_dir": [
        1,
        1,
        1,
        1,
        1,
        1,
        1,
        -1,
        -1,
        1,
        1,
        1,
        -1
    ],
    "p_tree": [
        [
            null,
            0
        ],
        [
            0,
            1
        ],
        [
            0,
            2
        ],
        [
            1,
            3
        ],
        [
            1,
            4
        ],
        [
            1,
            5
        ],
        [
            2,
            6
        ],
        [
            2,
            7
        ],
        [
            3,
            8
        ],
        [
            3,
            9
        ],
        [
            7,
            10
        ],
        [
            7,
            11
        ],
        [
            7,
            12
        ]
    ]
}