{
    "guid": "1208041861035778048_twitter",
    "gt_cls": 1,
    "coalitions": [
        [
            "<user>",
            "i",
            "hate",
            "caucasians"
        ],
        [
            "<user>"
        ],
        [
            "i"
        ],
        [
            "hate",
            "caucasians"
        ],
        [
            "hate"
        ],
        [
            "caucasians"
        ]
    ],
    "value_func": [
        0.9999999900434917,
        0.1402925657529981,
        0.11707184143756677,
        0.7411888421796884,
        0.21887873951437808,
        0.5208663698221873
    ],
    "dividend_dir": [
        1,
        -1,
        1,
        1,
        1,
        1
    ],
    "p_tree": [
        [
            null,
            0
        ],
        [
            0,
            1
        ],
        [
            0,
            2
        ],
        [
            0,
            3
        ],
        [
            3,
            4
        ],
        [
            3,
            5
        ]
    ]
}