{
    "guid": "1208582490052423686_twitter",
    "gt_cls": 0,
    "coalitions": [
        [
            "some",
            "y",
            "’",
            "all",
            "are",
            "ghetto",
            "asf",
            "🥱"
        ],
        [
            "some",
            "y",
            "’",
            "all"
        ],
        [
            "are",
            "ghetto",
            "asf"
        ],
        [
            "🥱"
        ],
        [
            "some"
        ],
        [
            "y"
        ],
        [
            "’"
        ],
        [
            "all"
        ],
        [
            "are"
        ],
        [
            "ghetto",
            "asf"
        ],
        [
            "ghetto"
        ],
        [
            "asf"
        ]
    ],
    "value_func": [
        0.9999999933694355,
        0.34422347929879094,
        0.5776039092009788,
        0.07803556140033363,
        0.0671868247251103,
        0.1128481657500264,
        0.08307932613762961,
        0.08101655562455215,
        0.11508735251794208,
        0.4624031425084432,
        0.28658848639075435,
        0.17522224558779717
    ],
    "dividend_dir": [
        -1,
        -1,
        -1,
        1,
        1,
        1,
        -1,
        -1,
        1,
        -1,
        -1,
        1
    ],
    "p_tree": [
        [
            null,
            0
        ],
        [
            0,
            1
        ],
        [
            0,
            2
        ],
        [
            0,
            3
        ],
        [
            1,
            4
        ],
        [
            1,
            5
        ],
        [
            1,
            6
        ],
        [
            1,
            7
        ],
        [
            2,
            8
        ],
        [
            2,
            9
        ],
        [
            9,
            10
        ],
        [
            9,
            11
        ]
    ]
}