{
    "guid": "12093810_gab",
    "gt_cls": 1,
    "coalitions": [
        [
            "only",
            "gay",
            "nigger",
            "culture",
            "nice"
        ],
        [
            "only",
            "gay",
            "nigger",
            "culture"
        ],
        [
            "nice"
        ],
        [
            "only"
        ],
        [
            "gay"
        ],
        [
            "nigger"
        ],
        [
            "culture"
        ]
    ],
    "value_func": [
        1.0000000109122726,
        0.8762064240281511,
        0.1211890269331975,
        0.10588303385957674,
        0.16741220604646587,
        0.45720242422333846,
        0.14283608621175614
    ],
    "dividend_dir": [
        1,
        1,
        -1,
        1,
        1,
        1,
        1
    ],
    "p_tree": [
        [
            null,
            0
        ],
        [
            0,
            1
        ],
        [
            0,
            2
        ],
        [
            1,
            3
        ],
        [
            1,
            4
        ],
        [
            1,
            5
        ],
        [
            1,
            6
        ]
    ]
}