{
    "guid": "1211099588351778816_twitter",
    "gt_cls": 0,
    "coalitions": [
        [
            "this",
            "being",
            "single",
            "shit",
            "is",
            "ghetto",
            "as",
            "fuck"
        ],
        [
            "this"
        ],
        [
            "being",
            "single",
            "shit"
        ],
        [
            "is",
            "ghetto",
            "as",
            "fuck"
        ],
        [
            "being"
        ],
        [
            "single",
            "shit"
        ],
        [
            "is"
        ],
        [
            "ghetto"
        ],
        [
            "as",
            "fuck"
        ],
        [
            "single"
        ],
        [
            "shit"
        ],
        [
            "as"
        ],
        [
            "fuck"
        ]
    ],
    "value_func": [
        0.9999999893178625,
        0.07247623083570545,
        0.4153142184602407,
        0.5118746954253132,
        0.0967663750687951,
        0.31818864009174397,
        0.09882360688983949,
        0.19437605330681207,
        0.21854802835134526,
        0.12479175908037285,
        0.1933431409182129,
        0.07463298688250791,
        0.14390540128429558
    ],
    "dividend_dir": [
        1,
        1,
        1,
        -1,
        1,
        -1,
        1,
        -1,
        1,
        1,
        -1,
        1,
        -1
    ],
    "p_tree": [
        [
            null,
            0
        ],
        [
            0,
            1
        ],
        [
            0,
            2
        ],
        [
            0,
            3
        ],
        [
            2,
            4
        ],
        [
            2,
            5
        ],
        [
            3,
            6
        ],
        [
            3,
            7
        ],
        [
            3,
            8
        ],
        [
            5,
            9
        ],
        [
            5,
            10
        ],
        [
            8,
            11
        ],
        [
            8,
            12
        ]
    ]
}