{
    "guid": "1213918131288186881_twitter",
    "gt_cls": 0,
    "coalitions": [
        [
            "just",
            "in",
            "case",
            "u",
            "all",
            "forgot",
            "the",
            "doctor",
            "hates",
            "nazis",
            "doctorwho"
        ],
        [
            "just"
        ],
        [
            "in"
        ],
        [
            "case"
        ],
        [
            "u",
            "all",
            "forgot",
            "the",
            "doctor",
            "hates",
            "nazis",
            "doctorwho"
        ],
        [
            "u",
            "all"
        ],
        [
            "forgot",
            "the",
            "doctor",
            "hates",
            "nazis",
            "doctorwho"
        ],
        [
            "u"
        ],
        [
            "all"
        ],
        [
            "forgot"
        ],
        [
            "the",
            "doctor",
            "hates",
            "nazis",
            "doctorwho"
        ],
        [
            "the",
            "doctor",
            "hates",
            "nazis",
            "doctorwho"
        ],
        [
            "the",
            "doctor"
        ],
        [
            "hates",
            "nazis",
            "doctorwho"
        ],
        [
            "the"
        ],
        [
            "doctor"
        ],
        [
            "hates"
        ],
        [
            "nazis"
        ],
        [
            "doctorwho"
        ]
    ],
    "value_func": [
        1.000000042594817,
        0.04559128837604744,
        0.03080659054400838,
        0.04661864727504616,
        0.8769003865395281,
        0.10048379227877846,
        0.7762742595440997,
        0.06641329134964787,
        0.034054807422898174,
        0.06304594475614761,
        0.713057515875138,
        0.7127810216500081,
        0.13368086014790334,
        0.5788236672769749,
        0.04186143608185042,
        0.09161441146214376,
        0.13620494905193173,
        0.2433865553732619,
        0.19903524512901957
    ],
    "dividend_dir": [
        1,
        -1,
        1,
        1,
        1,
        -1,
        1,
        1,
        -1,
        -1,
        1,
        1,
        1,
        1,
        -1,
        1,
        -1,
        -1,
        1
    ],
    "p_tree": [
        [
            null,
            0
        ],
        [
            0,
            1
        ],
        [
            0,
            2
        ],
        [
            0,
            3
        ],
        [
            0,
            4
        ],
        [
            4,
            5
        ],
        [
            4,
            6
        ],
        [
            5,
            7
        ],
        [
            5,
            8
        ],
        [
            6,
            9
        ],
        [
            6,
            10
        ],
        [
            10,
            11
        ],
        [
            11,
            12
        ],
        [
            11,
            13
        ],
        [
            12,
            14
        ],
        [
            12,
            15
        ],
        [
            13,
            16
        ],
        [
            13,
            17
        ],
        [
            13,
            18
        ]
    ]
}