{
    "guid": "1215162866468298752_twitter",
    "gt_cls": 0,
    "coalitions": [
        [
            "am",
            "i",
            "the",
            "only",
            "who",
            "doesn",
            "’",
            "t",
            "find",
            "white",
            "men",
            "attractive",
            "🤮"
        ],
        [
            "am"
        ],
        [
            "i"
        ],
        [
            "the",
            "only",
            "who",
            "doesn",
            "’",
            "t",
            "find",
            "white",
            "men",
            "attractive"
        ],
        [
            "🤮"
        ],
        [
            "the",
            "only"
        ],
        [
            "who",
            "doesn",
            "’",
            "t",
            "find",
            "white",
            "men",
            "attractive"
        ],
        [
            "the"
        ],
        [
            "only"
        ],
        [
            "who"
        ],
        [
            "doesn",
            "’",
            "t",
            "find",
            "white",
            "men",
            "attractive"
        ],
        [
            "doesn",
            "’",
            "t",
            "find",
            "white",
            "men",
            "attractive"
        ],
        [
            "doesn"
        ],
        [
            "’"
        ],
        [
            "t"
        ],
        [
            "find",
            "white",
            "men",
            "attractive"
        ],
        [
            "find"
        ],
        [
            "white",
            "men",
            "attractive"
        ],
        [
            "white",
            "men"
        ],
        [
            "attractive"
        ],
        [
            "white"
        ],
        [
            "men"
        ]
    ],
    "value_func": [
        1.0000000025250317,
        0.11840950758499624,
        0.06728065829219174,
        0.7538981793696213,
        0.06014943135611212,
        0.10646600763998793,
        0.6467505654946067,
        0.055160689221364884,
        0.05102359483857842,
        0.059786163708412825,
        0.5863425536363998,
        0.5856527564155247,
        0.051915205059779375,
        0.07012139481928335,
        0.045226522860157825,
        0.41769983645542913,
        0.06035317305171147,
        0.35646864229254843,
        0.2688728300511432,
        0.08678451216960097,
        0.1639430619202803,
        0.1041864317089588
    ],
    "dividend_dir": [
        1,
        -1,
        1,
        1,
        -1,
        1,
        1,
        1,
        1,
        -1,
        1,
        1,
        1,
        -1,
        1,
        1,
        1,
        1,
        1,
        1,
        1,
        -1
    ],
    "p_tree": [
        [
            null,
            0
        ],
        [
            0,
            1
        ],
        [
            0,
            2
        ],
        [
            0,
            3
        ],
        [
            0,
            4
        ],
        [
            3,
            5
        ],
        [
            3,
            6
        ],
        [
            5,
            7
        ],
        [
            5,
            8
        ],
        [
            6,
            9
        ],
        [
            6,
            10
        ],
        [
            10,
            11
        ],
        [
            11,
            12
        ],
        [
            11,
            13
        ],
        [
            11,
            14
        ],
        [
            11,
            15
        ],
        [
            15,
            16
        ],
        [
            15,
            17
        ],
        [
            17,
            18
        ],
        [
            17,
            19
        ],
        [
            18,
            20
        ],
        [
            18,
            21
        ]
    ]
}