{
    "guid": "12170080_gab",
    "gt_cls": 1,
    "coalitions": [
        [
            "he",
            "is",
            "one",
            "obnoxious",
            "greasy",
            "nasty",
            "lying",
            "self",
            "serving",
            "horrible",
            "little",
            "muslim",
            "bastard"
        ],
        [
            "he"
        ],
        [
            "is",
            "one",
            "obnoxious",
            "greasy",
            "nasty",
            "lying",
            "self",
            "serving",
            "horrible",
            "little",
            "muslim",
            "bastard"
        ],
        [
            "is"
        ],
        [
            "one",
            "obnoxious",
            "greasy",
            "nasty",
            "lying",
            "self",
            "serving",
            "horrible",
            "little",
            "muslim",
            "bastard"
        ],
        [
            "one",
            "obnoxious",
            "greasy",
            "nasty",
            "lying",
            "self"
        ],
        [
            "serving",
            "horrible",
            "little",
            "muslim",
            "bastard"
        ],
        [
            "one"
        ],
        [
            "obnoxious"
        ],
        [
            "greasy"
        ],
        [
            "nasty"
        ],
        [
            "lying"
        ],
        [
            "self"
        ],
        [
            "serving"
        ],
        [
            "horrible",
            "little",
            "muslim",
            "bastard"
        ],
        [
            "horrible"
        ],
        [
            "little"
        ],
        [
            "muslim"
        ],
        [
            "bastard"
        ]
    ],
    "value_func": [
        1.000000005600499,
        0.05174823765736829,
        0.9468740740185823,
        0.039435539164580126,
        0.9061362920878994,
        0.43877805306684714,
        0.46595543325614946,
        0.044953212632664795,
        0.13949837034394064,
        0.07636530454637926,
        0.07193073285660084,
        0.058775550851868606,
        0.04665594576356389,
        0.04495439844146411,
        0.4194755341071422,
        0.06406695349906359,
        0.0678295374342626,
        0.11967475070343832,
        0.16619228062215505
    ],
    "dividend_dir": [
        1,
        1,
        1,
        -1,
        1,
        1,
        1,
        1,
        1,
        1,
        1,
        1,
        1,
        1,
        1,
        1,
        1,
        1,
        1
    ],
    "p_tree": [
        [
            null,
            0
        ],
        [
            0,
            1
        ],
        [
            0,
            2
        ],
        [
            2,
            3
        ],
        [
            2,
            4
        ],
        [
            4,
            5
        ],
        [
            4,
            6
        ],
        [
            5,
            7
        ],
        [
            5,
            8
        ],
        [
            5,
            9
        ],
        [
            5,
            10
        ],
        [
            5,
            11
        ],
        [
            5,
            12
        ],
        [
            6,
            13
        ],
        [
            6,
            14
        ],
        [
            14,
            15
        ],
        [
            14,
            16
        ],
        [
            14,
            17
        ],
        [
            14,
            18
        ]
    ]
}