{
    "guid": "1219094200228175875_twitter",
    "gt_cls": 0,
    "coalitions": [
        [
            "you",
            "hate",
            "your",
            "life",
            "just",
            "be",
            "honest"
        ],
        [
            "you"
        ],
        [
            "hate",
            "your",
            "life",
            "just",
            "be",
            "honest"
        ],
        [
            "hate"
        ],
        [
            "your",
            "life"
        ],
        [
            "just",
            "be",
            "honest"
        ],
        [
            "your"
        ],
        [
            "life"
        ],
        [
            "just"
        ],
        [
            "be",
            "honest"
        ],
        [
            "be"
        ],
        [
            "honest"
        ]
    ],
    "value_func": [
        1.0000000487697704,
        0.10813441244720538,
        0.8904333953599857,
        0.1805164794566791,
        0.28412144640768366,
        0.42454835000959906,
        0.13950589985527903,
        0.1435177954995229,
        0.1300726291275616,
        0.2934077151279962,
        0.10815036941779574,
        0.18431196861783844
    ],
    "dividend_dir": [
        1,
        1,
        1,
        -1,
        1,
        1,
        1,
        1,
        1,
        1,
        1,
        1
    ],
    "p_tree": [
        [
            null,
            0
        ],
        [
            0,
            1
        ],
        [
            0,
            2
        ],
        [
            2,
            3
        ],
        [
            2,
            4
        ],
        [
            2,
            5
        ],
        [
            4,
            6
        ],
        [
            4,
            7
        ],
        [
            5,
            8
        ],
        [
            5,
            9
        ],
        [
            9,
            10
        ],
        [
            9,
            11
        ]
    ]
}