{
    "guid": "1219499223189721088_twitter",
    "gt_cls": 1,
    "coalitions": [
        [
            "“",
            "pick",
            "that",
            "cotton",
            "negro",
            "”",
            "or",
            "whatever",
            "massa",
            "said"
        ],
        [
            "“"
        ],
        [
            "pick",
            "that",
            "cotton",
            "negro",
            "”",
            "or",
            "whatever",
            "massa"
        ],
        [
            "said"
        ],
        [
            "pick"
        ],
        [
            "that",
            "cotton",
            "negro",
            "”",
            "or",
            "whatever",
            "massa"
        ],
        [
            "that",
            "cotton",
            "negro"
        ],
        [
            "”"
        ],
        [
            "or"
        ],
        [
            "whatever",
            "massa"
        ],
        [
            "that"
        ],
        [
            "cotton"
        ],
        [
            "negro"
        ],
        [
            "whatever"
        ],
        [
            "massa"
        ]
    ],
    "value_func": [
        1.0000000091317738,
        0.05950996129489802,
        0.850629404023507,
        0.08973831935953995,
        0.09182714049657068,
        0.7585131422541055,
        0.42278092393151395,
        0.06790686890275426,
        0.0530892011164872,
        0.21452189775765437,
        0.06291349530082979,
        0.1547971494996794,
        0.2050549851288393,
        0.06948579341017312,
        0.14475731641460218
    ],
    "dividend_dir": [
        -1,
        -1,
        -1,
        1,
        -1,
        -1,
        -1,
        -1,
        -1,
        -1,
        -1,
        1,
        -1,
        -1,
        -1
    ],
    "p_tree": [
        [
            null,
            0
        ],
        [
            0,
            1
        ],
        [
            0,
            2
        ],
        [
            0,
            3
        ],
        [
            2,
            4
        ],
        [
            2,
            5
        ],
        [
            5,
            6
        ],
        [
            5,
            7
        ],
        [
            5,
            8
        ],
        [
            5,
            9
        ],
        [
            6,
            10
        ],
        [
            6,
            11
        ],
        [
            6,
            12
        ],
        [
            9,
            13
        ],
        [
            9,
            14
        ]
    ]
}