{
    "guid": "1221076528949272579_twitter",
    "gt_cls": 0,
    "coalitions": [
        [
            "“",
            "y",
            "’",
            "all",
            "got",
            "everybody",
            "infiltrating",
            "negroes",
            "”",
            "nicki",
            "minaj"
        ],
        [
            "“"
        ],
        [
            "y"
        ],
        [
            "’"
        ],
        [
            "all"
        ],
        [
            "got",
            "everybody",
            "infiltrating",
            "negroes",
            "”",
            "nicki",
            "minaj"
        ],
        [
            "got"
        ],
        [
            "everybody",
            "infiltrating",
            "negroes",
            "”",
            "nicki",
            "minaj"
        ],
        [
            "everybody"
        ],
        [
            "infiltrating",
            "negroes",
            "”",
            "nicki",
            "minaj"
        ],
        [
            "infiltrating"
        ],
        [
            "negroes",
            "”",
            "nicki",
            "minaj"
        ],
        [
            "negroes"
        ],
        [
            "”"
        ],
        [
            "nicki",
            "minaj"
        ],
        [
            "nicki"
        ],
        [
            "minaj"
        ]
    ],
    "value_func": [
        0.9999999949650257,
        0.03690165154010855,
        0.05455695455714537,
        0.033063477599238854,
        0.027775201184215982,
        0.8476612445773372,
        0.04005771954253445,
        0.8075792057050679,
        0.05384637050566398,
        0.7537192047602624,
        0.1882920986079772,
        0.5654070596027613,
        0.28142069784585455,
        0.037488782455565736,
        0.2464191833393822,
        0.08587726487998529,
        0.16028049127939267
    ],
    "dividend_dir": [
        1,
        1,
        -1,
        1,
        1,
        1,
        1,
        1,
        1,
        -1,
        1,
        -1,
        -1,
        1,
        1,
        1,
        1
    ],
    "p_tree": [
        [
            null,
            0
        ],
        [
            0,
            1
        ],
        [
            0,
            2
        ],
        [
            0,
            3
        ],
        [
            0,
            4
        ],
        [
            0,
            5
        ],
        [
            5,
            6
        ],
        [
            5,
            7
        ],
        [
            7,
            8
        ],
        [
            7,
            9
        ],
        [
            9,
            10
        ],
        [
            9,
            11
        ],
        [
            11,
            12
        ],
        [
            11,
            13
        ],
        [
            11,
            14
        ],
        [
            14,
            15
        ],
        [
            14,
            16
        ]
    ]
}