{
    "guid": "12294779_gab",
    "gt_cls": 0,
    "coalitions": [
        [
            "gay",
            "vs",
            "moslem"
        ],
        [
            "gay"
        ],
        [
            "vs",
            "moslem"
        ],
        [
            "vs"
        ],
        [
            "moslem"
        ]
    ],
    "value_func": [
        0.9999999541064141,
        0.24614899466157497,
        0.7529214613822645,
        0.21475499841942042,
        0.5375447547682768
    ],
    "dividend_dir": [
        1,
        1,
        1,
        -1,
        1
    ],
    "p_tree": [
        [
            null,
            0
        ],
        [
            0,
            1
        ],
        [
            0,
            2
        ],
        [
            2,
            3
        ],
        [
            2,
            4
        ]
    ]
}