{
    "guid": "1230213866337914880_twitter",
    "gt_cls": 0,
    "coalitions": [
        [
            "<user>",
            "he",
            "will",
            "probably",
            "be",
            "too",
            "busy",
            "selling",
            "his",
            "undies",
            "to",
            "nazis",
            "on",
            "ebay"
        ],
        [
            "<user>"
        ],
        [
            "he"
        ],
        [
            "will",
            "probably",
            "be",
            "too",
            "busy",
            "selling",
            "his",
            "undies",
            "to",
            "nazis",
            "on",
            "ebay"
        ],
        [
            "will"
        ],
        [
            "probably"
        ],
        [
            "be",
            "too",
            "busy",
            "selling",
            "his",
            "undies",
            "to",
            "nazis",
            "on",
            "ebay"
        ],
        [
            "be"
        ],
        [
            "too",
            "busy",
            "selling",
            "his",
            "undies",
            "to",
            "nazis",
            "on",
            "ebay"
        ],
        [
            "too"
        ],
        [
            "busy"
        ],
        [
            "selling",
            "his",
            "undies",
            "to",
            "nazis",
            "on",
            "ebay"
        ],
        [
            "selling",
            "his",
            "undies",
            "to",
            "nazis",
            "on",
            "ebay"
        ],
        [
            "selling"
        ],
        [
            "his",
            "undies"
        ],
        [
            "to",
            "nazis"
        ],
        [
            "on",
            "ebay"
        ],
        [
            "his"
        ],
        [
            "undies"
        ],
        [
            "to"
        ],
        [
            "nazis"
        ],
        [
            "on"
        ],
        [
            "ebay"
        ]
    ],
    "value_func": [
        0.9999999792368872,
        0.04423425893992562,
        0.039804258671797786,
        0.9157544462831733,
        0.03687272474540071,
        0.04141439158076131,
        0.8373383035278013,
        0.0275344305789743,
        0.8096946112704535,
        0.03136408120551244,
        0.046523514803711585,
        0.7317005295280666,
        0.7315737181884442,
        0.059505701238536005,
        0.211760277787317,
        0.24325661752254701,
        0.21692431030042172,
        0.042508154287900266,
        0.16908884198805577,
        0.047051437702529134,
        0.1959722880057644,
        0.04687903394278859,
        0.16988497274138256
    ],
    "dividend_dir": [
        1,
        1,
        1,
        1,
        -1,
        1,
        1,
        1,
        1,
        -1,
        -1,
        1,
        1,
        1,
        1,
        1,
        -1,
        1,
        1,
        1,
        1,
        1,
        -1
    ],
    "p_tree": [
        [
            null,
            0
        ],
        [
            0,
            1
        ],
        [
            0,
            2
        ],
        [
            0,
            3
        ],
        [
            3,
            4
        ],
        [
            3,
            5
        ],
        [
            3,
            6
        ],
        [
            6,
            7
        ],
        [
            6,
            8
        ],
        [
            8,
            9
        ],
        [
            8,
            10
        ],
        [
            8,
            11
        ],
        [
            11,
            12
        ],
        [
            12,
            13
        ],
        [
            12,
            14
        ],
        [
            12,
            15
        ],
        [
            12,
            16
        ],
        [
            14,
            17
        ],
        [
            14,
            18
        ],
        [
            15,
            19
        ],
        [
            15,
            20
        ],
        [
            16,
            21
        ],
        [
            16,
            22
        ]
    ]
}