{
    "guid": "12318142_gab",
    "gt_cls": 1,
    "coalitions": [
        [
            "is",
            "not",
            "georgia",
            "tech",
            "a",
            "nigger",
            "school"
        ],
        [
            "is"
        ],
        [
            "not"
        ],
        [
            "georgia",
            "tech"
        ],
        [
            "a",
            "nigger",
            "school"
        ],
        [
            "georgia"
        ],
        [
            "tech"
        ],
        [
            "a"
        ],
        [
            "nigger"
        ],
        [
            "school"
        ]
    ],
    "value_func": [
        0.9999999499139169,
        0.0745722908936227,
        0.0719340453191576,
        0.2227173892303302,
        0.6285503246410984,
        0.11045635351817217,
        0.11131152912770803,
        0.08826209485781861,
        0.4161247738818219,
        0.12149148241926687
    ],
    "dividend_dir": [
        1,
        -1,
        -1,
        1,
        1,
        1,
        1,
        1,
        1,
        1
    ],
    "p_tree": [
        [
            null,
            0
        ],
        [
            0,
            1
        ],
        [
            0,
            2
        ],
        [
            0,
            3
        ],
        [
            0,
            4
        ],
        [
            3,
            5
        ],
        [
            3,
            6
        ],
        [
            4,
            7
        ],
        [
            4,
            8
        ],
        [
            4,
            9
        ]
    ]
}