{
    "guid": "1232850058917355520_twitter",
    "gt_cls": 0,
    "coalitions": [
        [
            "should",
            "illegal",
            "aliens",
            "be",
            "counted",
            "in",
            "the",
            "us",
            "census"
        ],
        [
            "should"
        ],
        [
            "illegal",
            "aliens"
        ],
        [
            "be",
            "counted",
            "in",
            "the",
            "us",
            "census"
        ],
        [
            "illegal"
        ],
        [
            "aliens"
        ],
        [
            "be"
        ],
        [
            "counted",
            "in",
            "the",
            "us",
            "census"
        ],
        [
            "counted"
        ],
        [
            "in",
            "the",
            "us",
            "census"
        ],
        [
            "in"
        ],
        [
            "the",
            "us",
            "census"
        ],
        [
            "the"
        ],
        [
            "us"
        ],
        [
            "census"
        ]
    ],
    "value_func": [
        1.0000000066498513,
        0.1119963305687868,
        0.39008184467024953,
        0.4977097417759584,
        0.16360132356061519,
        0.22544642395235537,
        0.08671109090022204,
        0.41091154659442136,
        0.08847754400661574,
        0.32234813884698627,
        0.05146343222233384,
        0.2708687307364967,
        0.051217803510010464,
        0.10112702121266597,
        0.11842124247913671
    ],
    "dividend_dir": [
        1,
        -1,
        1,
        1,
        1,
        1,
        1,
        1,
        1,
        1,
        1,
        -1,
        1,
        1,
        -1
    ],
    "p_tree": [
        [
            null,
            0
        ],
        [
            0,
            1
        ],
        [
            0,
            2
        ],
        [
            0,
            3
        ],
        [
            2,
            4
        ],
        [
            2,
            5
        ],
        [
            3,
            6
        ],
        [
            3,
            7
        ],
        [
            7,
            8
        ],
        [
            7,
            9
        ],
        [
            9,
            10
        ],
        [
            9,
            11
        ],
        [
            11,
            12
        ],
        [
            11,
            13
        ],
        [
            11,
            14
        ]
    ]
}