{
    "guid": "1233393878566305792_twitter",
    "gt_cls": 0,
    "coalitions": [
        [
            "<user>",
            "cuz",
            "all",
            "turkey",
            "can",
            "do",
            "is",
            "just",
            "playing",
            "with",
            "immigrants"
        ],
        [
            "<user>",
            "cuz",
            "all",
            "turkey",
            "can",
            "do"
        ],
        [
            "is",
            "just",
            "playing",
            "with",
            "immigrants"
        ],
        [
            "<user>",
            "cuz"
        ],
        [
            "all",
            "turkey",
            "can",
            "do"
        ],
        [
            "is"
        ],
        [
            "just",
            "playing",
            "with",
            "immigrants"
        ],
        [
            "<user>"
        ],
        [
            "cuz"
        ],
        [
            "all",
            "turkey",
            "can",
            "do"
        ],
        [
            "just"
        ],
        [
            "playing"
        ],
        [
            "with",
            "immigrants"
        ],
        [
            "all",
            "turkey"
        ],
        [
            "can",
            "do"
        ],
        [
            "with"
        ],
        [
            "immigrants"
        ],
        [
            "all"
        ],
        [
            "turkey"
        ],
        [
            "can"
        ],
        [
            "do"
        ]
    ],
    "value_func": [
        1.0000000063522752,
        0.5413228063606509,
        0.4586525194979083,
        0.2307688866490846,
        0.3104717122046518,
        0.05280968231113441,
        0.4057847929409874,
        0.07640388414750603,
        0.1543001121761853,
        0.31032029331717803,
        0.060921473109713346,
        0.11913478941886536,
        0.22570708221787225,
        0.21253282121944272,
        0.09763605321026153,
        0.0627807302560529,
        0.1628357273324819,
        0.05552677956729459,
        0.15682600287386875,
        0.05293426925745942,
        0.04466573756009029
    ],
    "dividend_dir": [
        1,
        1,
        -1,
        -1,
        1,
        -1,
        -1,
        1,
        -1,
        1,
        -1,
        1,
        -1,
        1,
        1,
        -1,
        -1,
        1,
        1,
        1,
        -1
    ],
    "p_tree": [
        [
            null,
            0
        ],
        [
            0,
            1
        ],
        [
            0,
            2
        ],
        [
            1,
            3
        ],
        [
            1,
            4
        ],
        [
            2,
            5
        ],
        [
            2,
            6
        ],
        [
            3,
            7
        ],
        [
            3,
            8
        ],
        [
            4,
            9
        ],
        [
            6,
            10
        ],
        [
            6,
            11
        ],
        [
            6,
            12
        ],
        [
            9,
            13
        ],
        [
            9,
            14
        ],
        [
            12,
            15
        ],
        [
            12,
            16
        ],
        [
            13,
            17
        ],
        [
            13,
            18
        ],
        [
            14,
            19
        ],
        [
            14,
            20
        ]
    ]
}