{
    "guid": "1233848432089092096_twitter",
    "gt_cls": 0,
    "coalitions": [
        [
            "open",
            "your",
            "doors",
            "for",
            "refugees",
            "you",
            "are",
            "humanistic",
            "are1",
            "not",
            "you1",
            "greece",
            "humanrightsrefugee"
        ],
        [
            "open",
            "your",
            "doors",
            "for",
            "refugees",
            "you",
            "are",
            "humanistic"
        ],
        [
            "are1",
            "not",
            "you1",
            "greece",
            "humanrightsrefugee"
        ],
        [
            "open",
            "your",
            "doors",
            "for",
            "refugees",
            "you",
            "are",
            "humanistic"
        ],
        [
            "are1"
        ],
        [
            "not"
        ],
        [
            "you1",
            "greece",
            "humanrightsrefugee"
        ],
        [
            "open"
        ],
        [
            "your",
            "doors"
        ],
        [
            "for",
            "refugees",
            "you",
            "are",
            "humanistic"
        ],
        [
            "you1"
        ],
        [
            "greece"
        ],
        [
            "humanrightsrefugee"
        ],
        [
            "your"
        ],
        [
            "doors"
        ],
        [
            "for"
        ],
        [
            "refugees",
            "you",
            "are",
            "humanistic"
        ],
        [
            "refugees"
        ],
        [
            "you",
            "are",
            "humanistic"
        ],
        [
            "you",
            "are",
            "humanistic"
        ],
        [
            "you"
        ],
        [
            "are",
            "humanistic"
        ],
        [
            "are"
        ],
        [
            "humanistic"
        ]
    ],
    "value_func": [
        1.0000000104199172,
        0.5275664442562908,
        0.4722916666313796,
        0.527479684313768,
        0.0320692066971811,
        0.025502830243980618,
        0.41445011929488046,
        0.043969142993039334,
        0.09056325864397602,
        0.39286052273422983,
        0.03393532433494601,
        0.05437896193811434,
        0.3259140568517319,
        0.03435323124152276,
        0.05619062680072593,
        0.04639163650424081,
        0.34644356983147495,
        0.16211641596166182,
        0.18415703281479975,
        0.1838670153265255,
        0.0428909515996758,
        0.14068604623857545,
        0.029587014395781607,
        0.11093040530435772
    ],
    "dividend_dir": [
        1,
        -1,
        1,
        -1,
        1,
        1,
        1,
        -1,
        1,
        -1,
        1,
        1,
        1,
        1,
        1,
        1,
        -1,
        -1,
        1,
        1,
        1,
        1,
        -1,
        1
    ],
    "p_tree": [
        [
            null,
            0
        ],
        [
            0,
            1
        ],
        [
            0,
            2
        ],
        [
            1,
            3
        ],
        [
            2,
            4
        ],
        [
            2,
            5
        ],
        [
            2,
            6
        ],
        [
            3,
            7
        ],
        [
            3,
            8
        ],
        [
            3,
            9
        ],
        [
            6,
            10
        ],
        [
            6,
            11
        ],
        [
            6,
            12
        ],
        [
            8,
            13
        ],
        [
            8,
            14
        ],
        [
            9,
            15
        ],
        [
            9,
            16
        ],
        [
            16,
            17
        ],
        [
            16,
            18
        ],
        [
            18,
            19
        ],
        [
            19,
            20
        ],
        [
            19,
            21
        ],
        [
            21,
            22
        ],
        [
            21,
            23
        ]
    ]
}