{
    "guid": "1234483055437471745_twitter",
    "gt_cls": 0,
    "coalitions": [
        [
            "<user>",
            "<user>1",
            "please",
            "greece",
            "stop",
            "killing",
            "refugee",
            "children"
        ],
        [
            "<user>",
            "<user>1"
        ],
        [
            "please",
            "greece",
            "stop",
            "killing",
            "refugee",
            "children"
        ],
        [
            "<user>"
        ],
        [
            "<user>1"
        ],
        [
            "please"
        ],
        [
            "greece"
        ],
        [
            "stop",
            "killing",
            "refugee",
            "children"
        ],
        [
            "stop"
        ],
        [
            "killing",
            "refugee",
            "children"
        ],
        [
            "killing",
            "refugee",
            "children"
        ],
        [
            "killing"
        ],
        [
            "refugee",
            "children"
        ],
        [
            "refugee"
        ],
        [
            "children"
        ]
    ],
    "value_func": [
        1.000000014649946,
        0.1932408995698704,
        0.8064906174174141,
        0.08579421304356218,
        0.10713786861137321,
        0.15506072051092307,
        0.12948134989025042,
        0.5217375446399471,
        0.08319770222215568,
        0.4380069801794797,
        0.4371810045709278,
        0.1408586266347381,
        0.2954964023276378,
        0.16870570336552762,
        0.12596688293066946
    ],
    "dividend_dir": [
        1,
        1,
        1,
        1,
        1,
        -1,
        -1,
        1,
        -1,
        1,
        1,
        1,
        1,
        1,
        1
    ],
    "p_tree": [
        [
            null,
            0
        ],
        [
            0,
            1
        ],
        [
            0,
            2
        ],
        [
            1,
            3
        ],
        [
            1,
            4
        ],
        [
            2,
            5
        ],
        [
            2,
            6
        ],
        [
            2,
            7
        ],
        [
            7,
            8
        ],
        [
            7,
            9
        ],
        [
            9,
            10
        ],
        [
            10,
            11
        ],
        [
            10,
            12
        ],
        [
            12,
            13
        ],
        [
            12,
            14
        ]
    ]
}