{
    "guid": "1234049985160761346_twitter",
    "gt_cls": 0,
    "coalitions": [
        [
            "alwayswithyoushehnaaz",
            "shehnazianslovemahivij",
            "ourheartsidnaaz",
            "five",
            "hundred",
            "seventy",
            "one"
        ],
        [
            "alwayswithyoushehnaaz",
            "shehnazianslovemahivij",
            "ourheartsidnaaz"
        ],
        [
            "five",
            "hundred",
            "seventy",
            "one"
        ],
        [
            "alwayswithyoushehnaaz"
        ],
        [
            "shehnazianslovemahivij"
        ],
        [
            "ourheartsidnaaz"
        ],
        [
            "five",
            "hundred"
        ],
        [
            "seventy"
        ],
        [
            "one"
        ],
        [
            "five"
        ],
        [
            "hundred"
        ]
    ],
    "value_func": [
        0.9999999739364133,
        0.896675185688527,
        0.10330291419639012,
        0.24388630294696498,
        0.4702544049713478,
        0.1825176194426815,
        0.044643945866549656,
        0.0350454892517591,
        0.02359704514742392,
        0.017573429855239294,
        0.02706445840145637
    ],
    "dividend_dir": [
        -1,
        -1,
        -1,
        -1,
        1,
        -1,
        1,
        -1,
        -1,
        -1,
        1
    ],
    "p_tree": [
        [
            null,
            0
        ],
        [
            0,
            1
        ],
        [
            0,
            2
        ],
        [
            1,
            3
        ],
        [
            1,
            4
        ],
        [
            1,
            5
        ],
        [
            2,
            6
        ],
        [
            2,
            7
        ],
        [
            2,
            8
        ],
        [
            6,
            9
        ],
        [
            6,
            10
        ]
    ]
}