{
    "guid": "12345088_gab",
    "gt_cls": 1,
    "coalitions": [
        [
            "western",
            "europeans",
            "united",
            "against",
            "the",
            "inferior",
            "subhuman",
            "mudslime",
            "filth"
        ],
        [
            "western",
            "europeans"
        ],
        [
            "united",
            "against",
            "the",
            "inferior",
            "subhuman",
            "mudslime",
            "filth"
        ],
        [
            "western"
        ],
        [
            "europeans"
        ],
        [
            "united"
        ],
        [
            "against",
            "the",
            "inferior",
            "subhuman",
            "mudslime",
            "filth"
        ],
        [
            "against"
        ],
        [
            "the",
            "inferior",
            "subhuman",
            "mudslime",
            "filth"
        ],
        [
            "the"
        ],
        [
            "inferior"
        ],
        [
            "subhuman"
        ],
        [
            "mudslime"
        ],
        [
            "filth"
        ]
    ],
    "value_func": [
        0.9999999760072149,
        0.172720177409408,
        0.8253890991638001,
        0.07589190117585157,
        0.09595304957341214,
        0.061520083032114384,
        0.7621761451151807,
        0.05426524817859451,
        0.7062104123435625,
        0.05191054189357963,
        0.07096627754920669,
        0.19682314435484016,
        0.23725603481390817,
        0.14758550678731927
    ],
    "dividend_dir": [
        1,
        1,
        1,
        1,
        1,
        1,
        1,
        1,
        1,
        1,
        1,
        1,
        1,
        1
    ],
    "p_tree": [
        [
            null,
            0
        ],
        [
            0,
            1
        ],
        [
            0,
            2
        ],
        [
            1,
            3
        ],
        [
            1,
            4
        ],
        [
            2,
            5
        ],
        [
            2,
            6
        ],
        [
            6,
            7
        ],
        [
            6,
            8
        ],
        [
            8,
            9
        ],
        [
            8,
            10
        ],
        [
            8,
            11
        ],
        [
            8,
            12
        ],
        [
            8,
            13
        ]
    ]
}