{
    "guid": "1241909435598925824_twitter",
    "gt_cls": 0,
    "coalitions": [
        [
            "okay",
            "now",
            "i",
            "’",
            "m",
            "hungry",
            "😭",
            "but",
            "too",
            "lazy",
            "to",
            "move",
            "👎",
            "🏾",
            "the",
            "ghetto"
        ],
        [
            "okay"
        ],
        [
            "now"
        ],
        [
            "i",
            "’"
        ],
        [
            "m",
            "hungry",
            "😭",
            "but",
            "too",
            "lazy",
            "to",
            "move",
            "👎",
            "🏾",
            "the",
            "ghetto"
        ],
        [
            "i"
        ],
        [
            "’"
        ],
        [
            "m"
        ],
        [
            "hungry",
            "😭",
            "but",
            "too",
            "lazy"
        ],
        [
            "to",
            "move",
            "👎",
            "🏾",
            "the",
            "ghetto"
        ],
        [
            "hungry"
        ],
        [
            "😭"
        ],
        [
            "but"
        ],
        [
            "too",
            "lazy"
        ],
        [
            "to",
            "move",
            "👎",
            "🏾",
            "the",
            "ghetto"
        ],
        [
            "too"
        ],
        [
            "lazy"
        ],
        [
            "to"
        ],
        [
            "move",
            "👎",
            "🏾",
            "the",
            "ghetto"
        ],
        [
            "move"
        ],
        [
            "👎"
        ],
        [
            "🏾"
        ],
        [
            "the",
            "ghetto"
        ],
        [
            "the"
        ],
        [
            "ghetto"
        ]
    ],
    "value_func": [
        0.9999999690578201,
        0.05816670203028027,
        0.051235199288700385,
        0.08051617953988832,
        0.8099803214110944,
        0.04111336046113463,
        0.03930760606682289,
        0.039865698094632016,
        0.313790869606846,
        0.45620306249082604,
        0.08575788636923107,
        0.050597344998425275,
        0.03359817382618901,
        0.1437796561282627,
        0.4560815880182957,
        0.040043297026994246,
        0.10373136481304158,
        0.033994130536176344,
        0.421965983009589,
        0.04959276065631081,
        0.0580181286132675,
        0.060162989448422445,
        0.2540605682346889,
        0.06846820404357484,
        0.1853943820265977
    ],
    "dividend_dir": [
        -1,
        -1,
        1,
        1,
        -1,
        1,
        -1,
        -1,
        -1,
        -1,
        -1,
        1,
        1,
        -1,
        -1,
        -1,
        1,
        -1,
        -1,
        -1,
        1,
        1,
        -1,
        1,
        -1
    ],
    "p_tree": [
        [
            null,
            0
        ],
        [
            0,
            1
        ],
        [
            0,
            2
        ],
        [
            0,
            3
        ],
        [
            0,
            4
        ],
        [
            3,
            5
        ],
        [
            3,
            6
        ],
        [
            4,
            7
        ],
        [
            4,
            8
        ],
        [
            4,
            9
        ],
        [
            8,
            10
        ],
        [
            8,
            11
        ],
        [
            8,
            12
        ],
        [
            8,
            13
        ],
        [
            9,
            14
        ],
        [
            13,
            15
        ],
        [
            13,
            16
        ],
        [
            14,
            17
        ],
        [
            14,
            18
        ],
        [
            18,
            19
        ],
        [
            18,
            20
        ],
        [
            18,
            21
        ],
        [
            18,
            22
        ],
        [
            22,
            23
        ],
        [
            22,
            24
        ]
    ]
}