{
    "guid": "12426732_gab",
    "gt_cls": 1,
    "coalitions": [
        [
            "dear",
            "ghetto",
            "dwelling",
            "leaches",
            "put",
            "down",
            "the",
            "crack",
            "pipe",
            "and",
            "weed",
            "<user>"
        ],
        [
            "dear",
            "ghetto",
            "dwelling",
            "leaches"
        ],
        [
            "put",
            "down",
            "the",
            "crack",
            "pipe",
            "and",
            "weed",
            "<user>"
        ],
        [
            "dear"
        ],
        [
            "ghetto"
        ],
        [
            "dwelling"
        ],
        [
            "leaches"
        ],
        [
            "put"
        ],
        [
            "down"
        ],
        [
            "the",
            "crack",
            "pipe",
            "and",
            "weed",
            "<user>"
        ],
        [
            "the",
            "crack",
            "pipe"
        ],
        [
            "and"
        ],
        [
            "weed",
            "<user>"
        ],
        [
            "the"
        ],
        [
            "crack"
        ],
        [
            "pipe"
        ],
        [
            "weed"
        ],
        [
            "<user>"
        ]
    ],
    "value_func": [
        0.9999999962590044,
        0.5160639273726872,
        0.48349901448041477,
        0.09151149445558061,
        0.12158621046178043,
        0.08592983077421712,
        0.21661471467520474,
        0.04845448904496504,
        0.03998919541064034,
        0.3948367669644416,
        0.19299195357996568,
        0.0432678619324708,
        0.1583915638779251,
        0.04423626055715523,
        0.07191542501775046,
        0.0767231630640347,
        0.10117164171375163,
        0.05681745358951122
    ],
    "dividend_dir": [
        1,
        1,
        1,
        1,
        1,
        1,
        -1,
        1,
        1,
        1,
        1,
        -1,
        1,
        -1,
        1,
        -1,
        1,
        1
    ],
    "p_tree": [
        [
            null,
            0
        ],
        [
            0,
            1
        ],
        [
            0,
            2
        ],
        [
            1,
            3
        ],
        [
            1,
            4
        ],
        [
            1,
            5
        ],
        [
            1,
            6
        ],
        [
            2,
            7
        ],
        [
            2,
            8
        ],
        [
            2,
            9
        ],
        [
            9,
            10
        ],
        [
            9,
            11
        ],
        [
            9,
            12
        ],
        [
            10,
            13
        ],
        [
            10,
            14
        ],
        [
            10,
            15
        ],
        [
            12,
            16
        ],
        [
            12,
            17
        ]
    ]
}