{
    "guid": "1243408978962337793_twitter",
    "gt_cls": 0,
    "coalitions": [
        [
            "<user>",
            "yeah",
            "i",
            "’",
            "m",
            "fwy",
            "don",
            "’1",
            "t",
            "do",
            "that",
            "ghetto",
            "ass",
            "shit"
        ],
        [
            "<user>",
            "yeah"
        ],
        [
            "i",
            "’",
            "m",
            "fwy",
            "don",
            "’1",
            "t"
        ],
        [
            "do",
            "that",
            "ghetto",
            "ass",
            "shit"
        ],
        [
            "<user>"
        ],
        [
            "yeah"
        ],
        [
            "i"
        ],
        [
            "’"
        ],
        [
            "m"
        ],
        [
            "fwy"
        ],
        [
            "don"
        ],
        [
            "’1"
        ],
        [
            "t"
        ],
        [
            "do"
        ],
        [
            "that"
        ],
        [
            "ghetto",
            "ass",
            "shit"
        ],
        [
            "ghetto"
        ],
        [
            "ass"
        ],
        [
            "shit"
        ]
    ],
    "value_func": [
        0.9999999861629438,
        0.09723174392756974,
        0.3357388671668879,
        0.5669738252699418,
        0.04178476116535302,
        0.055289112368541636,
        0.02961884010387279,
        0.04774948213968312,
        0.03173202343465764,
        0.11222804733211456,
        0.03601357305660099,
        0.05093970032827605,
        0.027128020564522105,
        0.04165028606230525,
        0.07211937519662605,
        0.45297790816254146,
        0.2519852044015406,
        0.11167858062861703,
        0.08902254961796617
    ],
    "dividend_dir": [
        1,
        -1,
        1,
        -1,
        1,
        -1,
        1,
        1,
        1,
        1,
        1,
        1,
        -1,
        1,
        -1,
        -1,
        -1,
        1,
        -1
    ],
    "p_tree": [
        [
            null,
            0
        ],
        [
            0,
            1
        ],
        [
            0,
            2
        ],
        [
            0,
            3
        ],
        [
            1,
            4
        ],
        [
            1,
            5
        ],
        [
            2,
            6
        ],
        [
            2,
            7
        ],
        [
            2,
            8
        ],
        [
            2,
            9
        ],
        [
            2,
            10
        ],
        [
            2,
            11
        ],
        [
            2,
            12
        ],
        [
            3,
            13
        ],
        [
            3,
            14
        ],
        [
            3,
            15
        ],
        [
            15,
            16
        ],
        [
            15,
            17
        ],
        [
            15,
            18
        ]
    ]
}