{
    "guid": "1246664039872319488_twitter",
    "gt_cls": 0,
    "coalitions": [
        [
            "i",
            "been",
            "a",
            "bad",
            "bitch"
        ],
        [
            "i"
        ],
        [
            "been",
            "a",
            "bad",
            "bitch"
        ],
        [
            "been"
        ],
        [
            "a",
            "bad",
            "bitch"
        ],
        [
            "a"
        ],
        [
            "bad"
        ],
        [
            "bitch"
        ]
    ],
    "value_func": [
        1.000000019676461,
        0.17772271458135608,
        0.8212016779646694,
        0.25867778703602,
        0.5617979047565562,
        0.15918328779115104,
        0.17197359429923184,
        0.23019645239857991
    ],
    "dividend_dir": [
        1,
        1,
        1,
        1,
        1,
        1,
        1,
        -1
    ],
    "p_tree": [
        [
            null,
            0
        ],
        [
            0,
            1
        ],
        [
            0,
            2
        ],
        [
            2,
            3
        ],
        [
            2,
            4
        ],
        [
            4,
            5
        ],
        [
            4,
            6
        ],
        [
            4,
            7
        ]
    ]
}