{
    "guid": "1250295032092823564_twitter",
    "gt_cls": 1,
    "coalitions": [
        [
            "<user>",
            "i",
            "am",
            "sorry",
            "isabelle",
            "but",
            "you",
            "are",
            "fucking",
            "retarded"
        ],
        [
            "<user>"
        ],
        [
            "i",
            "am",
            "sorry",
            "isabelle"
        ],
        [
            "but"
        ],
        [
            "you",
            "are",
            "fucking",
            "retarded"
        ],
        [
            "i"
        ],
        [
            "am",
            "sorry",
            "isabelle"
        ],
        [
            "you"
        ],
        [
            "are",
            "fucking",
            "retarded"
        ],
        [
            "am"
        ],
        [
            "sorry",
            "isabelle"
        ],
        [
            "are"
        ],
        [
            "fucking",
            "retarded"
        ],
        [
            "sorry"
        ],
        [
            "isabelle"
        ],
        [
            "fucking"
        ],
        [
            "retarded"
        ]
    ],
    "value_func": [
        1.0000000119273051,
        0.08086015556105043,
        0.3927850931143722,
        0.06527824733098281,
        0.46048672295961735,
        0.06717787432516996,
        0.32531768721530213,
        0.05923088625142512,
        0.4003528927885415,
        0.07533483278148778,
        0.24931356356753712,
        0.050447265600444935,
        0.3491624385144215,
        0.09326887979693259,
        0.15517170395550403,
        0.08202630695406539,
        0.26652802223571803
    ],
    "dividend_dir": [
        1,
        1,
        -1,
        1,
        1,
        1,
        -1,
        1,
        1,
        1,
        -1,
        1,
        1,
        -1,
        -1,
        1,
        1
    ],
    "p_tree": [
        [
            null,
            0
        ],
        [
            0,
            1
        ],
        [
            0,
            2
        ],
        [
            0,
            3
        ],
        [
            0,
            4
        ],
        [
            2,
            5
        ],
        [
            2,
            6
        ],
        [
            4,
            7
        ],
        [
            4,
            8
        ],
        [
            6,
            9
        ],
        [
            6,
            10
        ],
        [
            8,
            11
        ],
        [
            8,
            12
        ],
        [
            10,
            13
        ],
        [
            10,
            14
        ],
        [
            12,
            15
        ],
        [
            12,
            16
        ]
    ]
}