{
    "guid": "1260448846041227264_twitter",
    "gt_cls": 0,
    "coalitions": [
        [
            "ghetto",
            "how",
            "i",
            "’",
            "m",
            "not",
            "cuddling",
            "and",
            "receiving",
            "kisses",
            "rn",
            "🥱"
        ],
        [
            "ghetto",
            "how",
            "i",
            "’",
            "m",
            "not",
            "cuddling",
            "and",
            "receiving",
            "kisses",
            "rn"
        ],
        [
            "🥱"
        ],
        [
            "ghetto"
        ],
        [
            "how",
            "i",
            "’",
            "m",
            "not",
            "cuddling",
            "and",
            "receiving",
            "kisses",
            "rn"
        ],
        [
            "how"
        ],
        [
            "i",
            "’",
            "m",
            "not",
            "cuddling",
            "and",
            "receiving",
            "kisses",
            "rn"
        ],
        [
            "i"
        ],
        [
            "’"
        ],
        [
            "m",
            "not",
            "cuddling",
            "and",
            "receiving",
            "kisses",
            "rn"
        ],
        [
            "m"
        ],
        [
            "not"
        ],
        [
            "cuddling",
            "and",
            "receiving",
            "kisses",
            "rn"
        ],
        [
            "cuddling"
        ],
        [
            "and"
        ],
        [
            "receiving"
        ],
        [
            "kisses"
        ],
        [
            "rn"
        ]
    ],
    "value_func": [
        0.9999999870958401,
        0.9114025453170174,
        0.08807478018038008,
        0.10991957554460152,
        0.80093215389694,
        0.07189236803091921,
        0.7285421721682497,
        0.05328184543409622,
        0.09114457320769866,
        0.5837401338310844,
        0.05239876148697558,
        0.053366104200994705,
        0.47740328669024107,
        0.12170661954058094,
        0.06162781830454913,
        0.07005822508652836,
        0.08862684551455441,
        0.13489712132938592
    ],
    "dividend_dir": [
        1,
        1,
        -1,
        1,
        1,
        1,
        1,
        1,
        -1,
        1,
        1,
        1,
        1,
        1,
        1,
        1,
        -1,
        1
    ],
    "p_tree": [
        [
            null,
            0
        ],
        [
            0,
            1
        ],
        [
            0,
            2
        ],
        [
            1,
            3
        ],
        [
            1,
            4
        ],
        [
            4,
            5
        ],
        [
            4,
            6
        ],
        [
            6,
            7
        ],
        [
            6,
            8
        ],
        [
            6,
            9
        ],
        [
            9,
            10
        ],
        [
            9,
            11
        ],
        [
            9,
            12
        ],
        [
            12,
            13
        ],
        [
            12,
            14
        ],
        [
            12,
            15
        ],
        [
            12,
            16
        ],
        [
            12,
            17
        ]
    ]
}