{
    "guid": "1261416040388386816_twitter",
    "gt_cls": 0,
    "coalitions": [
        [
            "<user>",
            "<user>1",
            "i",
            "can",
            "lmao",
            "theater",
            "meets",
            "ghetto",
            "i1",
            "will",
            "snap",
            "them",
            "in",
            "a",
            "second"
        ],
        [
            "<user>",
            "<user>1",
            "i",
            "can",
            "lmao",
            "theater",
            "meets",
            "ghetto"
        ],
        [
            "i1"
        ],
        [
            "will",
            "snap",
            "them",
            "in",
            "a",
            "second"
        ],
        [
            "<user>",
            "<user>1",
            "i"
        ],
        [
            "can",
            "lmao",
            "theater",
            "meets",
            "ghetto"
        ],
        [
            "will"
        ],
        [
            "snap",
            "them",
            "in",
            "a",
            "second"
        ],
        [
            "<user>"
        ],
        [
            "<user>1"
        ],
        [
            "i"
        ],
        [
            "can"
        ],
        [
            "lmao",
            "theater",
            "meets",
            "ghetto"
        ],
        [
            "snap"
        ],
        [
            "them"
        ],
        [
            "in",
            "a",
            "second"
        ],
        [
            "lmao"
        ],
        [
            "theater",
            "meets",
            "ghetto"
        ],
        [
            "in"
        ],
        [
            "a",
            "second"
        ],
        [
            "theater",
            "meets",
            "ghetto"
        ],
        [
            "a"
        ],
        [
            "second"
        ],
        [
            "theater"
        ],
        [
            "meets",
            "ghetto"
        ],
        [
            "meets"
        ],
        [
            "ghetto"
        ]
    ],
    "value_func": [
        1.0000000010742949,
        0.692165622231221,
        0.04252752929442539,
        0.26481761830763,
        0.23636974205166045,
        0.4554216078069679,
        0.037837352268377686,
        0.2265885267649405,
        0.10144733803949997,
        0.08901834222393355,
        0.045665160751971204,
        0.04709081490416913,
        0.4080259105912159,
        0.07527514018437165,
        0.0423009180161096,
        0.10858267662314965,
        0.1434762082730973,
        0.26426814889883465,
        0.03195491144846571,
        0.07615873216759718,
        0.26422947527837154,
        0.028560440864767795,
        0.047207668421435235,
        0.07420924492285559,
        0.18998155673505285,
        0.06488548017098535,
        0.12508144244428976
    ],
    "dividend_dir": [
        1,
        1,
        -1,
        1,
        1,
        1,
        1,
        1,
        1,
        1,
        1,
        1,
        1,
        1,
        1,
        1,
        1,
        1,
        1,
        1,
        1,
        1,
        1,
        1,
        1,
        1,
        -1
    ],
    "p_tree": [
        [
            null,
            0
        ],
        [
            0,
            1
        ],
        [
            0,
            2
        ],
        [
            0,
            3
        ],
        [
            1,
            4
        ],
        [
            1,
            5
        ],
        [
            3,
            6
        ],
        [
            3,
            7
        ],
        [
            4,
            8
        ],
        [
            4,
            9
        ],
        [
            4,
            10
        ],
        [
            5,
            11
        ],
        [
            5,
            12
        ],
        [
            7,
            13
        ],
        [
            7,
            14
        ],
        [
            7,
            15
        ],
        [
            12,
            16
        ],
        [
            12,
            17
        ],
        [
            15,
            18
        ],
        [
            15,
            19
        ],
        [
            17,
            20
        ],
        [
            19,
            21
        ],
        [
            19,
            22
        ],
        [
            20,
            23
        ],
        [
            20,
            24
        ],
        [
            24,
            25
        ],
        [
            24,
            26
        ]
    ]
}