{
    "guid": "1264471163037720577_twitter",
    "gt_cls": 0,
    "coalitions": [
        [
            "<user>",
            "you",
            "still",
            "here",
            "nazi"
        ],
        [
            "<user>"
        ],
        [
            "you"
        ],
        [
            "still"
        ],
        [
            "here"
        ],
        [
            "nazi"
        ]
    ],
    "value_func": [
        0.9999999798767362,
        0.2035215408678627,
        0.18377734372291796,
        0.19461931666379956,
        0.20855762733385352,
        0.20833494682343737
    ],
    "dividend_dir": [
        1,
        1,
        1,
        -1,
        1,
        1
    ],
    "p_tree": [
        [
            null,
            0
        ],
        [
            0,
            1
        ],
        [
            0,
            2
        ],
        [
            0,
            3
        ],
        [
            0,
            4
        ],
        [
            0,
            5
        ]
    ]
}