{
    "guid": "1265845267338792960_twitter",
    "gt_cls": 0,
    "coalitions": [
        [
            "i",
            "fucking",
            "hate",
            "it",
            "here"
        ],
        [
            "i",
            "fucking"
        ],
        [
            "hate",
            "it",
            "here"
        ],
        [
            "i"
        ],
        [
            "fucking"
        ],
        [
            "hate"
        ],
        [
            "it"
        ],
        [
            "here"
        ]
    ],
    "value_func": [
        0.9999999212525665,
        0.2827290363065194,
        0.7166807242363958,
        0.11595426859636818,
        0.16572576997313215,
        0.3398560716953474,
        0.16478653047989922,
        0.21194341744299894
    ],
    "dividend_dir": [
        -1,
        -1,
        1,
        -1,
        -1,
        -1,
        1,
        1
    ],
    "p_tree": [
        [
            null,
            0
        ],
        [
            0,
            1
        ],
        [
            0,
            2
        ],
        [
            1,
            3
        ],
        [
            1,
            4
        ],
        [
            2,
            5
        ],
        [
            2,
            6
        ],
        [
            2,
            7
        ]
    ]
}