{
    "guid": "1266939334772523009_twitter",
    "gt_cls": 1,
    "coalitions": [
        [
            "<user>",
            "tonight",
            "i",
            "ate",
            "kike",
            "<time>"
        ],
        [
            "<user>",
            "tonight"
        ],
        [
            "i"
        ],
        [
            "ate",
            "kike",
            "<time>"
        ],
        [
            "<user>"
        ],
        [
            "tonight"
        ],
        [
            "ate"
        ],
        [
            "kike",
            "<time>"
        ],
        [
            "kike"
        ],
        [
            "<time>"
        ]
    ],
    "value_func": [
        0.9999999833292977,
        0.18186886328221213,
        0.07671960380788145,
        0.738352708970469,
        0.07988097152105351,
        0.1013675794224396,
        0.15797803375914354,
        0.576234735072237,
        0.45928152514576015,
        0.11216663509960952
    ],
    "dividend_dir": [
        1,
        -1,
        1,
        1,
        -1,
        -1,
        1,
        1,
        1,
        1
    ],
    "p_tree": [
        [
            null,
            0
        ],
        [
            0,
            1
        ],
        [
            0,
            2
        ],
        [
            0,
            3
        ],
        [
            1,
            4
        ],
        [
            1,
            5
        ],
        [
            3,
            6
        ],
        [
            3,
            7
        ],
        [
            7,
            8
        ],
        [
            7,
            9
        ]
    ]
}