{
    "guid": "1268483283228082177_twitter",
    "gt_cls": 1,
    "coalitions": [
        [
            "<user>",
            "<user>1",
            "import3d",
            "terrorists",
            "and",
            "embedded",
            "muslim",
            "brotherhood",
            "stop",
            "rioting",
            "and1",
            "looting"
        ],
        [
            "<user>",
            "<user>1",
            "import3d",
            "terrorists",
            "and",
            "embedded",
            "muslim",
            "brotherhood"
        ],
        [
            "stop",
            "rioting",
            "and1",
            "looting"
        ],
        [
            "<user>",
            "<user>1",
            "import3d",
            "terrorists"
        ],
        [
            "and"
        ],
        [
            "embedded",
            "muslim",
            "brotherhood"
        ],
        [
            "stop"
        ],
        [
            "rioting",
            "and1",
            "looting"
        ],
        [
            "<user>",
            "<user>1",
            "import3d"
        ],
        [
            "terrorists"
        ],
        [
            "embedded"
        ],
        [
            "muslim"
        ],
        [
            "brotherhood"
        ],
        [
            "rioting"
        ],
        [
            "and1"
        ],
        [
            "looting"
        ],
        [
            "<user>"
        ],
        [
            "<user>1"
        ],
        [
            "import3d"
        ]
    ],
    "value_func": [
        1.0000000010369963,
        0.7881704031497214,
        0.21179925622402218,
        0.4717703422456856,
        0.03470482236436303,
        0.2815984554268281,
        0.04498540511288016,
        0.16665591650634468,
        0.372890206022524,
        0.09855797458923132,
        0.07094143356947298,
        0.10542488337084671,
        0.1050730428547954,
        0.0810825962383936,
        0.028233774088470293,
        0.05714008258974282,
        0.04897083489030213,
        0.06611971132459359,
        0.25751571858478317
    ],
    "dividend_dir": [
        1,
        -1,
        1,
        -1,
        1,
        1,
        -1,
        1,
        -1,
        -1,
        -1,
        1,
        1,
        1,
        1,
        1,
        -1,
        1,
        -1
    ],
    "p_tree": [
        [
            null,
            0
        ],
        [
            0,
            1
        ],
        [
            0,
            2
        ],
        [
            1,
            3
        ],
        [
            1,
            4
        ],
        [
            1,
            5
        ],
        [
            2,
            6
        ],
        [
            2,
            7
        ],
        [
            3,
            8
        ],
        [
            3,
            9
        ],
        [
            5,
            10
        ],
        [
            5,
            11
        ],
        [
            5,
            12
        ],
        [
            7,
            13
        ],
        [
            7,
            14
        ],
        [
            7,
            15
        ],
        [
            8,
            16
        ],
        [
            8,
            17
        ],
        [
            8,
            18
        ]
    ]
}