{
    "guid": "1268714632664895488_twitter",
    "gt_cls": 0,
    "coalitions": [
        [
            "<user>",
            "i",
            "thought",
            "you",
            "were",
            "like",
            "a",
            "sophomore",
            "help"
        ],
        [
            "<user>"
        ],
        [
            "i"
        ],
        [
            "thought",
            "you",
            "were",
            "like",
            "a",
            "sophomore",
            "help"
        ],
        [
            "thought"
        ],
        [
            "you",
            "were",
            "like",
            "a",
            "sophomore",
            "help"
        ],
        [
            "you",
            "were",
            "like",
            "a",
            "sophomore",
            "help"
        ],
        [
            "you"
        ],
        [
            "were",
            "like",
            "a",
            "sophomore",
            "help"
        ],
        [
            "were"
        ],
        [
            "like",
            "a",
            "sophomore",
            "help"
        ],
        [
            "like"
        ],
        [
            "a",
            "sophomore",
            "help"
        ],
        [
            "a"
        ],
        [
            "sophomore"
        ],
        [
            "help"
        ]
    ],
    "value_func": [
        1.0000000142412893,
        0.149357164013598,
        0.09554737594473979,
        0.7549938896569194,
        0.09957280769808502,
        0.6551280585190664,
        0.6549085621161503,
        0.10262888405350876,
        0.5520601816597255,
        0.07577537001412214,
        0.4762131073572983,
        0.08732395103971635,
        0.388581088118114,
        0.08567526809776699,
        0.18255704176765591,
        0.12010519922397073
    ],
    "dividend_dir": [
        1,
        1,
        1,
        -1,
        -1,
        -1,
        -1,
        -1,
        -1,
        1,
        -1,
        -1,
        -1,
        1,
        -1,
        1
    ],
    "p_tree": [
        [
            null,
            0
        ],
        [
            0,
            1
        ],
        [
            0,
            2
        ],
        [
            0,
            3
        ],
        [
            3,
            4
        ],
        [
            3,
            5
        ],
        [
            5,
            6
        ],
        [
            6,
            7
        ],
        [
            6,
            8
        ],
        [
            8,
            9
        ],
        [
            8,
            10
        ],
        [
            10,
            11
        ],
        [
            10,
            12
        ],
        [
            12,
            13
        ],
        [
            12,
            14
        ],
        [
            12,
            15
        ]
    ]
}