{
    "guid": "1270643899254497286_twitter",
    "gt_cls": 0,
    "coalitions": [
        [
            "i",
            "fucking",
            "hate",
            "armys"
        ],
        [
            "i"
        ],
        [
            "fucking",
            "hate",
            "armys"
        ],
        [
            "fucking"
        ],
        [
            "hate"
        ],
        [
            "armys"
        ]
    ],
    "value_func": [
        0.9999999958458219,
        0.11265567117125448,
        0.8863489781876713,
        0.13458362225128095,
        0.23379173898068437,
        0.5171898505060422
    ],
    "dividend_dir": [
        1,
        1,
        1,
        1,
        1,
        -1
    ],
    "p_tree": [
        [
            null,
            0
        ],
        [
            0,
            1
        ],
        [
            0,
            2
        ],
        [
            2,
            3
        ],
        [
            2,
            4
        ],
        [
            2,
            5
        ]
    ]
}