{
    "guid": "1274556576704028672_twitter",
    "gt_cls": 0,
    "coalitions": [
        [
            "catholic",
            "leaders",
            "don",
            "’",
            "t",
            "forget",
            "refugees",
            "during",
            "pandemic",
            "via",
            "<user>"
        ],
        [
            "catholic",
            "leaders"
        ],
        [
            "don",
            "’",
            "t",
            "forget",
            "refugees",
            "during",
            "pandemic",
            "via",
            "<user>"
        ],
        [
            "catholic"
        ],
        [
            "leaders"
        ],
        [
            "don"
        ],
        [
            "’"
        ],
        [
            "t"
        ],
        [
            "forget",
            "refugees",
            "during",
            "pandemic",
            "via",
            "<user>"
        ],
        [
            "forget"
        ],
        [
            "refugees"
        ],
        [
            "during",
            "pandemic",
            "via",
            "<user>"
        ],
        [
            "during"
        ],
        [
            "pandemic",
            "via",
            "<user>"
        ],
        [
            "pandemic"
        ],
        [
            "via",
            "<user>"
        ],
        [
            "via"
        ],
        [
            "<user>"
        ]
    ],
    "value_func": [
        0.9999999995372416,
        0.1971181107031467,
        0.8028502040946232,
        0.11759825600205724,
        0.07903325505169907,
        0.06025740714539727,
        0.05607179003432214,
        0.04327572614451901,
        0.6430077855726223,
        0.0732310855532223,
        0.0916732380213393,
        0.4777264268660878,
        0.05520623291179305,
        0.422013539193744,
        0.22678435586930948,
        0.194816309176485,
        0.10773472526550681,
        0.08704189881243372
    ],
    "dividend_dir": [
        1,
        -1,
        1,
        -1,
        1,
        -1,
        -1,
        -1,
        1,
        -1,
        1,
        1,
        1,
        1,
        1,
        -1,
        1,
        -1
    ],
    "p_tree": [
        [
            null,
            0
        ],
        [
            0,
            1
        ],
        [
            0,
            2
        ],
        [
            1,
            3
        ],
        [
            1,
            4
        ],
        [
            2,
            5
        ],
        [
            2,
            6
        ],
        [
            2,
            7
        ],
        [
            2,
            8
        ],
        [
            8,
            9
        ],
        [
            8,
            10
        ],
        [
            8,
            11
        ],
        [
            11,
            12
        ],
        [
            11,
            13
        ],
        [
            13,
            14
        ],
        [
            13,
            15
        ],
        [
            15,
            16
        ],
        [
            15,
            17
        ]
    ]
}