{
    "guid": "12784812_gab",
    "gt_cls": 1,
    "coalitions": [
        [
            "do",
            "the",
            "white",
            "thing",
            "turn",
            "nigger",
            "ball",
            "off"
        ],
        [
            "do"
        ],
        [
            "the",
            "white",
            "thing"
        ],
        [
            "turn",
            "nigger",
            "ball",
            "off"
        ],
        [
            "the"
        ],
        [
            "white"
        ],
        [
            "thing"
        ],
        [
            "turn"
        ],
        [
            "nigger",
            "ball"
        ],
        [
            "off"
        ],
        [
            "nigger"
        ],
        [
            "ball"
        ]
    ],
    "value_func": [
        0.9999999959811178,
        0.08627691871541575,
        0.3292157606939249,
        0.5829220571510098,
        0.06946673679971861,
        0.12222958714670865,
        0.13723587339406954,
        0.09820055811155678,
        0.4031325289655876,
        0.08010869387367622,
        0.2973712541868402,
        0.10420254128023343
    ],
    "dividend_dir": [
        1,
        1,
        1,
        1,
        1,
        -1,
        1,
        1,
        1,
        1,
        1,
        1
    ],
    "p_tree": [
        [
            null,
            0
        ],
        [
            0,
            1
        ],
        [
            0,
            2
        ],
        [
            0,
            3
        ],
        [
            2,
            4
        ],
        [
            2,
            5
        ],
        [
            2,
            6
        ],
        [
            3,
            7
        ],
        [
            3,
            8
        ],
        [
            3,
            9
        ],
        [
            8,
            10
        ],
        [
            8,
            11
        ]
    ]
}