{
    "guid": "12812475_gab",
    "gt_cls": 1,
    "coalitions": [
        [
            "maybe",
            "the",
            "muzzies",
            "and",
            "the1",
            "trannies",
            "will",
            "step",
            "up",
            "if",
            "need",
            "be"
        ],
        [
            "maybe"
        ],
        [
            "the",
            "muzzies",
            "and",
            "the1",
            "trannies"
        ],
        [
            "will",
            "step",
            "up",
            "if",
            "need",
            "be"
        ],
        [
            "the",
            "muzzies"
        ],
        [
            "and"
        ],
        [
            "the1",
            "trannies"
        ],
        [
            "will"
        ],
        [
            "step",
            "up",
            "if",
            "need",
            "be"
        ],
        [
            "the"
        ],
        [
            "muzzies"
        ],
        [
            "the1"
        ],
        [
            "trannies"
        ],
        [
            "step"
        ],
        [
            "up"
        ],
        [
            "if",
            "need",
            "be"
        ],
        [
            "if"
        ],
        [
            "need",
            "be"
        ],
        [
            "need",
            "be"
        ],
        [
            "need"
        ],
        [
            "be"
        ]
    ],
    "value_func": [
        0.9999999713399513,
        0.1231401793549201,
        0.6409233774681892,
        0.2343081781302499,
        0.3797379344749282,
        0.040199245380820633,
        0.21973973796041793,
        0.041395743190458856,
        0.19241674127221675,
        0.05824667512677094,
        0.3200899693172162,
        0.04734244328780118,
        0.17206956917919214,
        0.04289115181823643,
        0.035897206107239295,
        0.11320437785815805,
        0.03139354297792629,
        0.08160205205787638,
        0.08142714785309395,
        0.03794738906585234,
        0.04330485458245918
    ],
    "dividend_dir": [
        1,
        1,
        1,
        1,
        1,
        1,
        1,
        1,
        1,
        1,
        1,
        1,
        1,
        1,
        1,
        1,
        1,
        1,
        1,
        1,
        1
    ],
    "p_tree": [
        [
            null,
            0
        ],
        [
            0,
            1
        ],
        [
            0,
            2
        ],
        [
            0,
            3
        ],
        [
            2,
            4
        ],
        [
            2,
            5
        ],
        [
            2,
            6
        ],
        [
            3,
            7
        ],
        [
            3,
            8
        ],
        [
            4,
            9
        ],
        [
            4,
            10
        ],
        [
            6,
            11
        ],
        [
            6,
            12
        ],
        [
            8,
            13
        ],
        [
            8,
            14
        ],
        [
            8,
            15
        ],
        [
            15,
            16
        ],
        [
            15,
            17
        ],
        [
            17,
            18
        ],
        [
            18,
            19
        ],
        [
            18,
            20
        ]
    ]
}