{
    "guid": "12976797_gab",
    "gt_cls": 1,
    "coalitions": [
        [
            "we",
            "need",
            "common",
            "sense",
            "nigger",
            "control"
        ],
        [
            "we"
        ],
        [
            "need",
            "common",
            "sense",
            "nigger",
            "control"
        ],
        [
            "need"
        ],
        [
            "common",
            "sense",
            "nigger",
            "control"
        ],
        [
            "common",
            "sense"
        ],
        [
            "nigger"
        ],
        [
            "control"
        ],
        [
            "common"
        ],
        [
            "sense"
        ]
    ],
    "value_func": [
        0.9999999965584262,
        0.08632363958563655,
        0.9110259230780912,
        0.08348654612440094,
        0.824906292199395,
        0.22072116754974114,
        0.47563364759517457,
        0.12576037837768617,
        0.09284641312563703,
        0.12774986717583495
    ],
    "dividend_dir": [
        1,
        1,
        1,
        1,
        1,
        1,
        1,
        1,
        -1,
        1
    ],
    "p_tree": [
        [
            null,
            0
        ],
        [
            0,
            1
        ],
        [
            0,
            2
        ],
        [
            2,
            3
        ],
        [
            2,
            4
        ],
        [
            4,
            5
        ],
        [
            4,
            6
        ],
        [
            4,
            7
        ],
        [
            5,
            8
        ],
        [
            5,
            9
        ]
    ]
}