{
    "guid": "13243837_gab",
    "gt_cls": 0,
    "coalitions": [
        [
            "interesting",
            "do",
            "you",
            "know",
            "a",
            "lot",
            "of",
            "jewish",
            "women",
            "in",
            "real",
            "life"
        ],
        [
            "interesting"
        ],
        [
            "do"
        ],
        [
            "you"
        ],
        [
            "know",
            "a",
            "lot",
            "of",
            "jewish",
            "women",
            "in",
            "real",
            "life"
        ],
        [
            "know"
        ],
        [
            "a",
            "lot",
            "of",
            "jewish",
            "women",
            "in",
            "real",
            "life"
        ],
        [
            "a",
            "lot"
        ],
        [
            "of",
            "jewish",
            "women"
        ],
        [
            "in",
            "real",
            "life"
        ],
        [
            "a"
        ],
        [
            "lot"
        ],
        [
            "of"
        ],
        [
            "jewish",
            "women"
        ],
        [
            "in"
        ],
        [
            "real",
            "life"
        ],
        [
            "jewish"
        ],
        [
            "women"
        ],
        [
            "real"
        ],
        [
            "life"
        ]
    ],
    "value_func": [
        1.0000000108101457,
        0.1168075543581545,
        0.07730809418949741,
        0.059525553982132884,
        0.7461449010275554,
        0.07293781585499443,
        0.6731608266554059,
        0.10564365551478519,
        0.3743315230979525,
        0.19307515627710997,
        0.03894500397756577,
        0.06664845590722558,
        0.05797994138924773,
        0.31602102832752077,
        0.05226569180707398,
        0.14071352440156235,
        0.19227415078933946,
        0.12328319920617258,
        0.07147042145046792,
        0.06909296075957189
    ],
    "dividend_dir": [
        -1,
        -1,
        1,
        1,
        1,
        -1,
        1,
        -1,
        1,
        -1,
        1,
        -1,
        -1,
        1,
        1,
        -1,
        1,
        1,
        -1,
        -1
    ],
    "p_tree": [
        [
            null,
            0
        ],
        [
            0,
            1
        ],
        [
            0,
            2
        ],
        [
            0,
            3
        ],
        [
            0,
            4
        ],
        [
            4,
            5
        ],
        [
            4,
            6
        ],
        [
            6,
            7
        ],
        [
            6,
            8
        ],
        [
            6,
            9
        ],
        [
            7,
            10
        ],
        [
            7,
            11
        ],
        [
            8,
            12
        ],
        [
            8,
            13
        ],
        [
            9,
            14
        ],
        [
            9,
            15
        ],
        [
            13,
            16
        ],
        [
            13,
            17
        ],
        [
            15,
            18
        ],
        [
            15,
            19
        ]
    ]
}