{
    "guid": "13256880_gab",
    "gt_cls": 0,
    "coalitions": [
        [
            "i",
            "actually",
            "bring",
            "the",
            "average",
            "dance",
            "skill",
            "of",
            "white",
            "people",
            "down",
            "two",
            "notches"
        ],
        [
            "i"
        ],
        [
            "actually"
        ],
        [
            "bring",
            "the",
            "average",
            "dance",
            "skill",
            "of",
            "white",
            "people",
            "down",
            "two",
            "notches"
        ],
        [
            "bring"
        ],
        [
            "the",
            "average",
            "dance",
            "skill",
            "of",
            "white",
            "people"
        ],
        [
            "down",
            "two",
            "notches"
        ],
        [
            "the",
            "average",
            "dance",
            "skill"
        ],
        [
            "of",
            "white",
            "people"
        ],
        [
            "down"
        ],
        [
            "two",
            "notches"
        ],
        [
            "the"
        ],
        [
            "average"
        ],
        [
            "dance"
        ],
        [
            "skill"
        ],
        [
            "of"
        ],
        [
            "white",
            "people"
        ],
        [
            "two"
        ],
        [
            "notches"
        ],
        [
            "white"
        ],
        [
            "people"
        ]
    ],
    "value_func": [
        1.0000000129079052,
        0.06409542947195485,
        0.05352680417006596,
        0.8820875476014364,
        0.052379810491974335,
        0.6230127352603333,
        0.20628516688550758,
        0.3142592104741698,
        0.308473156534952,
        0.04680782558524972,
        0.15921992875200047,
        0.046026033601838226,
        0.07132100685454651,
        0.11451685271194809,
        0.08220164935821044,
        0.05550310510863275,
        0.25276510795655793,
        0.04102414788767912,
        0.11789775397753115,
        0.15436061938212242,
        0.09812429569133142
    ],
    "dividend_dir": [
        1,
        -1,
        1,
        1,
        1,
        1,
        1,
        1,
        1,
        1,
        1,
        -1,
        1,
        1,
        -1,
        -1,
        1,
        -1,
        1,
        1,
        -1
    ],
    "p_tree": [
        [
            null,
            0
        ],
        [
            0,
            1
        ],
        [
            0,
            2
        ],
        [
            0,
            3
        ],
        [
            3,
            4
        ],
        [
            3,
            5
        ],
        [
            3,
            6
        ],
        [
            5,
            7
        ],
        [
            5,
            8
        ],
        [
            6,
            9
        ],
        [
            6,
            10
        ],
        [
            7,
            11
        ],
        [
            7,
            12
        ],
        [
            7,
            13
        ],
        [
            7,
            14
        ],
        [
            8,
            15
        ],
        [
            8,
            16
        ],
        [
            10,
            17
        ],
        [
            10,
            18
        ],
        [
            16,
            19
        ],
        [
            16,
            20
        ]
    ]
}