{
    "guid": "13370491_gab",
    "gt_cls": 1,
    "coalitions": [
        [
            "taserface",
            "ahahahahahahahahahahahaha",
            "almost",
            "as",
            "hilarious",
            "as1",
            "having",
            "a",
            "nigger",
            "for",
            "president",
            "amirite"
        ],
        [
            "taserface",
            "ahahahahahahahahahahahaha"
        ],
        [
            "almost",
            "as",
            "hilarious",
            "as1",
            "having",
            "a",
            "nigger",
            "for",
            "president",
            "amirite"
        ],
        [
            "taserface"
        ],
        [
            "ahahahahahahahahahahahaha"
        ],
        [
            "almost",
            "as",
            "hilarious"
        ],
        [
            "as1",
            "having",
            "a",
            "nigger",
            "for",
            "president",
            "amirite"
        ],
        [
            "almost"
        ],
        [
            "as"
        ],
        [
            "hilarious"
        ],
        [
            "as1"
        ],
        [
            "having",
            "a",
            "nigger",
            "for",
            "president",
            "amirite"
        ],
        [
            "having",
            "a",
            "nigger",
            "for",
            "president",
            "amirite"
        ],
        [
            "having"
        ],
        [
            "a",
            "nigger"
        ],
        [
            "for",
            "president",
            "amirite"
        ],
        [
            "a"
        ],
        [
            "nigger"
        ],
        [
            "for"
        ],
        [
            "president",
            "amirite"
        ],
        [
            "president"
        ],
        [
            "amirite"
        ]
    ],
    "value_func": [
        1.0000000165752163,
        0.3694217872960308,
        0.6300937829759639,
        0.16617781307649196,
        0.20303803770113568,
        0.08309521507426951,
        0.5464969558223403,
        0.023291193271190728,
        0.020728137245674485,
        0.03896867408119141,
        0.02160582731703035,
        0.5243781803019246,
        0.5237976012614749,
        0.031090637149235677,
        0.20987292442790972,
        0.2822534606438798,
        0.038034217753751744,
        0.1712625631565524,
        0.1192366285449315,
        0.1626859997399394,
        0.05474946345547711,
        0.10760682707881895
    ],
    "dividend_dir": [
        1,
        1,
        1,
        1,
        1,
        1,
        1,
        1,
        1,
        1,
        -1,
        1,
        1,
        -1,
        1,
        1,
        -1,
        1,
        1,
        1,
        1,
        1
    ],
    "p_tree": [
        [
            null,
            0
        ],
        [
            0,
            1
        ],
        [
            0,
            2
        ],
        [
            1,
            3
        ],
        [
            1,
            4
        ],
        [
            2,
            5
        ],
        [
            2,
            6
        ],
        [
            5,
            7
        ],
        [
            5,
            8
        ],
        [
            5,
            9
        ],
        [
            6,
            10
        ],
        [
            6,
            11
        ],
        [
            11,
            12
        ],
        [
            12,
            13
        ],
        [
            12,
            14
        ],
        [
            12,
            15
        ],
        [
            14,
            16
        ],
        [
            14,
            17
        ],
        [
            15,
            18
        ],
        [
            15,
            19
        ],
        [
            19,
            20
        ],
        [
            19,
            21
        ]
    ]
}