{
    "guid": "13380605_gab",
    "gt_cls": 1,
    "coalitions": [
        [
            "eurocucks",
            "love",
            "to",
            "watch",
            "their",
            "wives",
            "get",
            "raped",
            "by",
            "migrants"
        ],
        [
            "eurocucks"
        ],
        [
            "love",
            "to",
            "watch",
            "their",
            "wives",
            "get",
            "raped",
            "by",
            "migrants"
        ],
        [
            "love"
        ],
        [
            "to",
            "watch",
            "their",
            "wives",
            "get",
            "raped",
            "by",
            "migrants"
        ],
        [
            "to",
            "watch",
            "their",
            "wives",
            "get",
            "raped",
            "by",
            "migrants"
        ],
        [
            "to"
        ],
        [
            "watch",
            "their",
            "wives",
            "get",
            "raped",
            "by",
            "migrants"
        ],
        [
            "watch"
        ],
        [
            "their",
            "wives",
            "get",
            "raped",
            "by",
            "migrants"
        ],
        [
            "their",
            "wives"
        ],
        [
            "get",
            "raped",
            "by",
            "migrants"
        ],
        [
            "their"
        ],
        [
            "wives"
        ],
        [
            "get"
        ],
        [
            "raped",
            "by",
            "migrants"
        ],
        [
            "raped"
        ],
        [
            "by",
            "migrants"
        ],
        [
            "by"
        ],
        [
            "migrants"
        ]
    ],
    "value_func": [
        0.9999999822901687,
        0.3352871036126223,
        0.6639544495504254,
        0.07703261686750874,
        0.5863429096799095,
        0.5858337971329333,
        0.04030944715200144,
        0.5450152374339555,
        0.0466020473630786,
        0.4978944133736647,
        0.11182127099480824,
        0.3855828678936194,
        0.04361800380225719,
        0.0681503531169122,
        0.04528575929670914,
        0.33964825138503774,
        0.1046955813276182,
        0.23425302013568242,
        0.0561126580096724,
        0.17734051414759738
    ],
    "dividend_dir": [
        1,
        1,
        1,
        1,
        1,
        1,
        1,
        1,
        1,
        1,
        -1,
        1,
        -1,
        -1,
        1,
        1,
        1,
        1,
        -1,
        1
    ],
    "p_tree": [
        [
            null,
            0
        ],
        [
            0,
            1
        ],
        [
            0,
            2
        ],
        [
            2,
            3
        ],
        [
            2,
            4
        ],
        [
            4,
            5
        ],
        [
            5,
            6
        ],
        [
            5,
            7
        ],
        [
            7,
            8
        ],
        [
            7,
            9
        ],
        [
            9,
            10
        ],
        [
            9,
            11
        ],
        [
            10,
            12
        ],
        [
            10,
            13
        ],
        [
            11,
            14
        ],
        [
            11,
            15
        ],
        [
            15,
            16
        ],
        [
            15,
            17
        ],
        [
            17,
            18
        ],
        [
            17,
            19
        ]
    ]
}