{
    "guid": "13651130_gab",
    "gt_cls": 1,
    "coalitions": [
        [
            "lol",
            "gives",
            "a",
            "whole",
            "new",
            "meaning",
            "to",
            "bread",
            "basket",
            "lmao",
            "fuggen",
            "kike",
            "demon"
        ],
        [
            "lol"
        ],
        [
            "gives",
            "a",
            "whole",
            "new",
            "meaning",
            "to",
            "bread",
            "basket",
            "lmao",
            "fuggen",
            "kike",
            "demon"
        ],
        [
            "gives"
        ],
        [
            "a",
            "whole",
            "new",
            "meaning",
            "to",
            "bread",
            "basket",
            "lmao",
            "fuggen",
            "kike",
            "demon"
        ],
        [
            "a",
            "whole",
            "new",
            "meaning"
        ],
        [
            "to",
            "bread",
            "basket",
            "lmao",
            "fuggen",
            "kike",
            "demon"
        ],
        [
            "a"
        ],
        [
            "whole"
        ],
        [
            "new"
        ],
        [
            "meaning"
        ],
        [
            "to"
        ],
        [
            "bread",
            "basket",
            "lmao",
            "fuggen",
            "kike",
            "demon"
        ],
        [
            "bread",
            "basket",
            "lmao"
        ],
        [
            "fuggen"
        ],
        [
            "kike"
        ],
        [
            "demon"
        ],
        [
            "bread",
            "basket"
        ],
        [
            "lmao"
        ],
        [
            "bread"
        ],
        [
            "basket"
        ]
    ],
    "value_func": [
        1.0000000098828237,
        0.0837061044885679,
        0.9150908156385853,
        0.04046633485154423,
        0.873404463551336,
        0.13074301394899687,
        0.741327470118098,
        0.030564365575944556,
        0.03070063860306841,
        0.030206335258837647,
        0.03922253560736979,
        0.028893453176605247,
        0.7109218303540317,
        0.24415656467498428,
        0.15098309818361605,
        0.23842750069347965,
        0.07581011286963045,
        0.1383246410601471,
        0.10545694188649463,
        0.07240473369969452,
        0.06540698255928441
    ],
    "dividend_dir": [
        1,
        1,
        1,
        -1,
        1,
        1,
        1,
        1,
        1,
        1,
        -1,
        1,
        1,
        1,
        1,
        1,
        1,
        1,
        1,
        1,
        1
    ],
    "p_tree": [
        [
            null,
            0
        ],
        [
            0,
            1
        ],
        [
            0,
            2
        ],
        [
            2,
            3
        ],
        [
            2,
            4
        ],
        [
            4,
            5
        ],
        [
            4,
            6
        ],
        [
            5,
            7
        ],
        [
            5,
            8
        ],
        [
            5,
            9
        ],
        [
            5,
            10
        ],
        [
            6,
            11
        ],
        [
            6,
            12
        ],
        [
            12,
            13
        ],
        [
            12,
            14
        ],
        [
            12,
            15
        ],
        [
            12,
            16
        ],
        [
            13,
            17
        ],
        [
            13,
            18
        ],
        [
            17,
            19
        ],
        [
            17,
            20
        ]
    ]
}