{
    "guid": "13730242_gab",
    "gt_cls": 1,
    "coalitions": [
        [
            "nothing",
            "is",
            "more",
            "cringy",
            "than",
            "a",
            "nigger",
            "in",
            "a1",
            "flashy",
            "suit"
        ],
        [
            "nothing"
        ],
        [
            "is",
            "more",
            "cringy",
            "than",
            "a",
            "nigger",
            "in",
            "a1",
            "flashy",
            "suit"
        ],
        [
            "is"
        ],
        [
            "more",
            "cringy",
            "than",
            "a",
            "nigger"
        ],
        [
            "in",
            "a1",
            "flashy",
            "suit"
        ],
        [
            "more",
            "cringy"
        ],
        [
            "than",
            "a",
            "nigger"
        ],
        [
            "in"
        ],
        [
            "a1",
            "flashy",
            "suit"
        ],
        [
            "more"
        ],
        [
            "cringy"
        ],
        [
            "than"
        ],
        [
            "a",
            "nigger"
        ],
        [
            "a1"
        ],
        [
            "flashy"
        ],
        [
            "suit"
        ],
        [
            "a"
        ],
        [
            "nigger"
        ]
    ],
    "value_func": [
        0.9999999891320428,
        0.045751975711018134,
        0.9534060761203339,
        0.0435340343372994,
        0.654271594236912,
        0.25479835083478014,
        0.2141019404630036,
        0.4388743013841208,
        0.04793479850245295,
        0.20667714103374032,
        0.04605352610100775,
        0.1679026913533112,
        0.04185227321212221,
        0.3953376868948907,
        0.03566285669663876,
        0.10971285723169215,
        0.06113043579624904,
        0.06386137169616446,
        0.32946407856267956
    ],
    "dividend_dir": [
        1,
        1,
        1,
        -1,
        1,
        -1,
        1,
        1,
        -1,
        -1,
        1,
        1,
        -1,
        1,
        1,
        -1,
        1,
        1,
        1
    ],
    "p_tree": [
        [
            null,
            0
        ],
        [
            0,
            1
        ],
        [
            0,
            2
        ],
        [
            2,
            3
        ],
        [
            2,
            4
        ],
        [
            2,
            5
        ],
        [
            4,
            6
        ],
        [
            4,
            7
        ],
        [
            5,
            8
        ],
        [
            5,
            9
        ],
        [
            6,
            10
        ],
        [
            6,
            11
        ],
        [
            7,
            12
        ],
        [
            7,
            13
        ],
        [
            9,
            14
        ],
        [
            9,
            15
        ],
        [
            9,
            16
        ],
        [
            13,
            17
        ],
        [
            13,
            18
        ]
    ]
}