{
    "guid": "13912847_gab",
    "gt_cls": 1,
    "coalitions": [
        [
            "i",
            "am",
            "a",
            "nigger",
            "rabbi",
            "who",
            "sells",
            "bacon"
        ],
        [
            "i"
        ],
        [
            "am",
            "a",
            "nigger",
            "rabbi",
            "who",
            "sells",
            "bacon"
        ],
        [
            "am"
        ],
        [
            "a",
            "nigger",
            "rabbi",
            "who",
            "sells",
            "bacon"
        ],
        [
            "a",
            "nigger",
            "rabbi"
        ],
        [
            "who",
            "sells",
            "bacon"
        ],
        [
            "a"
        ],
        [
            "nigger"
        ],
        [
            "rabbi"
        ],
        [
            "who"
        ],
        [
            "sells",
            "bacon"
        ],
        [
            "sells",
            "bacon"
        ],
        [
            "sells"
        ],
        [
            "bacon"
        ]
    ],
    "value_func": [
        1.0000000351795832,
        0.059158473324868226,
        0.9386084555094524,
        0.07402408947946383,
        0.8622955406760243,
        0.5525675210833543,
        0.3074044707175744,
        0.07588281209066502,
        0.3642513757603946,
        0.11004867623465132,
        0.06136131575721749,
        0.2452671196671819,
        0.2444489663649992,
        0.09306419272548662,
        0.15056662033732984
    ],
    "dividend_dir": [
        1,
        1,
        1,
        1,
        1,
        1,
        1,
        1,
        1,
        1,
        1,
        1,
        1,
        1,
        1
    ],
    "p_tree": [
        [
            null,
            0
        ],
        [
            0,
            1
        ],
        [
            0,
            2
        ],
        [
            2,
            3
        ],
        [
            2,
            4
        ],
        [
            4,
            5
        ],
        [
            4,
            6
        ],
        [
            5,
            7
        ],
        [
            5,
            8
        ],
        [
            5,
            9
        ],
        [
            6,
            10
        ],
        [
            6,
            11
        ],
        [
            11,
            12
        ],
        [
            12,
            13
        ],
        [
            12,
            14
        ]
    ]
}