{
    "guid": "13925301_gab",
    "gt_cls": 1,
    "coalitions": [
        [
            "true",
            "lotta",
            "coons",
            "in",
            "antifa"
        ],
        [
            "true",
            "lotta",
            "coons"
        ],
        [
            "in",
            "antifa"
        ],
        [
            "true"
        ],
        [
            "lotta"
        ],
        [
            "coons"
        ],
        [
            "in"
        ],
        [
            "antifa"
        ]
    ],
    "value_func": [
        1.0000000394726434,
        0.7258968196887277,
        0.2728627332601694,
        0.09895648008561742,
        0.2708817235606538,
        0.3544491691821567,
        0.08167585648832645,
        0.19112805552476095
    ],
    "dividend_dir": [
        1,
        1,
        -1,
        1,
        1,
        1,
        -1,
        1
    ],
    "p_tree": [
        [
            null,
            0
        ],
        [
            0,
            1
        ],
        [
            0,
            2
        ],
        [
            1,
            3
        ],
        [
            1,
            4
        ],
        [
            1,
            5
        ],
        [
            2,
            6
        ],
        [
            2,
            7
        ]
    ]
}