{
    "guid": "13948927_gab",
    "gt_cls": 1,
    "coalitions": [
        [
            "cia",
            "nigger",
            "apologizes",
            "to",
            "pol",
            "for",
            "the",
            "poz"
        ],
        [
            "cia",
            "nigger"
        ],
        [
            "apologizes",
            "to",
            "pol",
            "for",
            "the",
            "poz"
        ],
        [
            "cia"
        ],
        [
            "nigger"
        ],
        [
            "apologizes"
        ],
        [
            "to",
            "pol"
        ],
        [
            "for",
            "the",
            "poz"
        ],
        [
            "to"
        ],
        [
            "pol"
        ],
        [
            "for"
        ],
        [
            "the",
            "poz"
        ],
        [
            "the"
        ],
        [
            "poz"
        ]
    ],
    "value_func": [
        1.0000000034526038,
        0.4652877975063142,
        0.5334528611574018,
        0.1204060288846962,
        0.3425757449262613,
        0.14813876665414083,
        0.10680224397822416,
        0.2784657800244466,
        0.041886546248426804,
        0.06479263289077934,
        0.04271468590188466,
        0.23562456281155372,
        0.05188107151722265,
        0.18356975930889657
    ],
    "dividend_dir": [
        1,
        1,
        1,
        1,
        1,
        1,
        -1,
        1,
        -1,
        -1,
        -1,
        1,
        1,
        1
    ],
    "p_tree": [
        [
            null,
            0
        ],
        [
            0,
            1
        ],
        [
            0,
            2
        ],
        [
            1,
            3
        ],
        [
            1,
            4
        ],
        [
            2,
            5
        ],
        [
            2,
            6
        ],
        [
            2,
            7
        ],
        [
            6,
            8
        ],
        [
            6,
            9
        ],
        [
            7,
            10
        ],
        [
            7,
            11
        ],
        [
            11,
            12
        ],
        [
            11,
            13
        ]
    ]
}