{
    "guid": "13954784_gab",
    "gt_cls": 1,
    "coalitions": [
        [
            "ok",
            "there",
            "white",
            "knight",
            "are",
            "you",
            "thirsty",
            "for",
            "her",
            "nigger",
            "cum",
            "drenched",
            "cunt"
        ],
        [
            "ok"
        ],
        [
            "there",
            "white",
            "knight"
        ],
        [
            "are",
            "you",
            "thirsty",
            "for",
            "her",
            "nigger",
            "cum",
            "drenched",
            "cunt"
        ],
        [
            "there"
        ],
        [
            "white"
        ],
        [
            "knight"
        ],
        [
            "are"
        ],
        [
            "you",
            "thirsty"
        ],
        [
            "for",
            "her",
            "nigger",
            "cum",
            "drenched",
            "cunt"
        ],
        [
            "you"
        ],
        [
            "thirsty"
        ],
        [
            "for"
        ],
        [
            "her",
            "nigger",
            "cum",
            "drenched",
            "cunt"
        ],
        [
            "her"
        ],
        [
            "nigger"
        ],
        [
            "cum",
            "drenched"
        ],
        [
            "cunt"
        ],
        [
            "cum"
        ],
        [
            "drenched"
        ]
    ],
    "value_func": [
        1.0000000008757877,
        0.06531300452350687,
        0.183194299806424,
        0.7502138785253596,
        0.03952873681249341,
        0.0739124060773617,
        0.06970620648728552,
        0.03308200992327619,
        0.07625753735419757,
        0.6395902892386185,
        0.03592537513359052,
        0.04029072313467994,
        0.029942489498355842,
        0.6082220266451033,
        0.04975848244303846,
        0.21039918558269652,
        0.16413525809604218,
        0.18243009538254348,
        0.09035247282417211,
        0.07342832534054032
    ],
    "dividend_dir": [
        1,
        1,
        1,
        1,
        -1,
        1,
        -1,
        1,
        1,
        1,
        1,
        -1,
        1,
        1,
        -1,
        1,
        1,
        1,
        1,
        -1
    ],
    "p_tree": [
        [
            null,
            0
        ],
        [
            0,
            1
        ],
        [
            0,
            2
        ],
        [
            0,
            3
        ],
        [
            2,
            4
        ],
        [
            2,
            5
        ],
        [
            2,
            6
        ],
        [
            3,
            7
        ],
        [
            3,
            8
        ],
        [
            3,
            9
        ],
        [
            8,
            10
        ],
        [
            8,
            11
        ],
        [
            9,
            12
        ],
        [
            9,
            13
        ],
        [
            13,
            14
        ],
        [
            13,
            15
        ],
        [
            13,
            16
        ],
        [
            13,
            17
        ],
        [
            16,
            18
        ],
        [
            16,
            19
        ]
    ]
}