{
    "guid": "14273688_gab",
    "gt_cls": 1,
    "coalitions": [
        [
            "<user>",
            "your",
            "a",
            "faggot",
            "fucker",
            "coon",
            "boy",
            "suck",
            "my",
            "horse",
            "cock"
        ],
        [
            "<user>"
        ],
        [
            "your",
            "a",
            "faggot",
            "fucker",
            "coon",
            "boy",
            "suck",
            "my",
            "horse",
            "cock"
        ],
        [
            "your"
        ],
        [
            "a",
            "faggot",
            "fucker",
            "coon",
            "boy",
            "suck",
            "my",
            "horse",
            "cock"
        ],
        [
            "a",
            "faggot",
            "fucker",
            "coon",
            "boy"
        ],
        [
            "suck",
            "my",
            "horse",
            "cock"
        ],
        [
            "a"
        ],
        [
            "faggot"
        ],
        [
            "fucker",
            "coon"
        ],
        [
            "boy"
        ],
        [
            "suck"
        ],
        [
            "my",
            "horse",
            "cock"
        ],
        [
            "fucker"
        ],
        [
            "coon"
        ],
        [
            "my"
        ],
        [
            "horse"
        ],
        [
            "cock"
        ]
    ],
    "value_func": [
        0.9999999960955436,
        0.05982502929143246,
        0.9385645505867293,
        0.07289432857148083,
        0.86405400186964,
        0.6024101476130259,
        0.2601044611897335,
        0.056402375895911044,
        0.17855871548205068,
        0.3116723430809505,
        0.05434068320168983,
        0.07403152488153711,
        0.18545717644314605,
        0.14365170265101146,
        0.16655120667308193,
        0.04792847943759697,
        0.06966272335898786,
        0.06731229006964422
    ],
    "dividend_dir": [
        1,
        1,
        1,
        1,
        1,
        1,
        1,
        1,
        1,
        1,
        1,
        1,
        1,
        1,
        1,
        1,
        1,
        1
    ],
    "p_tree": [
        [
            null,
            0
        ],
        [
            0,
            1
        ],
        [
            0,
            2
        ],
        [
            2,
            3
        ],
        [
            2,
            4
        ],
        [
            4,
            5
        ],
        [
            4,
            6
        ],
        [
            5,
            7
        ],
        [
            5,
            8
        ],
        [
            5,
            9
        ],
        [
            5,
            10
        ],
        [
            6,
            11
        ],
        [
            6,
            12
        ],
        [
            9,
            13
        ],
        [
            9,
            14
        ],
        [
            12,
            15
        ],
        [
            12,
            16
        ],
        [
            12,
            17
        ]
    ]
}