{
    "guid": "14680382_gab",
    "gt_cls": 1,
    "coalitions": [
        [
            "would",
            "anyone",
            "actually",
            "expect",
            "a",
            "nigger",
            "to",
            "save",
            "a1",
            "white",
            "man",
            "life"
        ],
        [
            "would"
        ],
        [
            "anyone"
        ],
        [
            "actually"
        ],
        [
            "expect",
            "a",
            "nigger",
            "to",
            "save",
            "a1",
            "white",
            "man",
            "life"
        ],
        [
            "expect"
        ],
        [
            "a",
            "nigger",
            "to",
            "save",
            "a1",
            "white",
            "man",
            "life"
        ],
        [
            "a",
            "nigger"
        ],
        [
            "to",
            "save",
            "a1",
            "white",
            "man",
            "life"
        ],
        [
            "a"
        ],
        [
            "nigger"
        ],
        [
            "to"
        ],
        [
            "save",
            "a1",
            "white",
            "man",
            "life"
        ],
        [
            "save"
        ],
        [
            "a1",
            "white",
            "man",
            "life"
        ],
        [
            "a1"
        ],
        [
            "white"
        ],
        [
            "man"
        ],
        [
            "life"
        ]
    ],
    "value_func": [
        1.0000000012855903,
        0.05984908683459946,
        0.06819081110144128,
        0.058152753594920364,
        0.8119448894743749,
        0.06816385729419008,
        0.7421065295781273,
        0.33906889180583166,
        0.4014352079811859,
        0.06369121346800866,
        0.2739333029191651,
        0.04936474591347716,
        0.35113113769384596,
        0.06843801504166469,
        0.2817832274970495,
        0.04948700190421704,
        0.07660014801850801,
        0.075318558931031,
        0.07960726555076757
    ],
    "dividend_dir": [
        1,
        1,
        1,
        1,
        1,
        1,
        1,
        1,
        1,
        1,
        1,
        1,
        1,
        1,
        1,
        1,
        1,
        1,
        1
    ],
    "p_tree": [
        [
            null,
            0
        ],
        [
            0,
            1
        ],
        [
            0,
            2
        ],
        [
            0,
            3
        ],
        [
            0,
            4
        ],
        [
            4,
            5
        ],
        [
            4,
            6
        ],
        [
            6,
            7
        ],
        [
            6,
            8
        ],
        [
            7,
            9
        ],
        [
            7,
            10
        ],
        [
            8,
            11
        ],
        [
            8,
            12
        ],
        [
            12,
            13
        ],
        [
            12,
            14
        ],
        [
            14,
            15
        ],
        [
            14,
            16
        ],
        [
            14,
            17
        ],
        [
            14,
            18
        ]
    ]
}