{
    "guid": "14792974_gab",
    "gt_cls": 0,
    "coalitions": [
        [
            "star",
            "wars",
            "is",
            "so",
            "gay"
        ],
        [
            "star",
            "wars"
        ],
        [
            "is",
            "so",
            "gay"
        ],
        [
            "star"
        ],
        [
            "wars"
        ],
        [
            "is"
        ],
        [
            "so",
            "gay"
        ],
        [
            "so"
        ],
        [
            "gay"
        ]
    ],
    "value_func": [
        1.000000006625187,
        0.38933495547664404,
        0.609416090563646,
        0.18293327412023302,
        0.20608653437305785,
        0.1759352139410264,
        0.43212216754697047,
        0.1687607295300109,
        0.26269539495174987
    ],
    "dividend_dir": [
        1,
        1,
        1,
        1,
        -1,
        1,
        1,
        1,
        1
    ],
    "p_tree": [
        [
            null,
            0
        ],
        [
            0,
            1
        ],
        [
            0,
            2
        ],
        [
            1,
            3
        ],
        [
            1,
            4
        ],
        [
            2,
            5
        ],
        [
            2,
            6
        ],
        [
            6,
            7
        ],
        [
            6,
            8
        ]
    ]
}