{
    "guid": "14968536_gab",
    "gt_cls": 0,
    "coalitions": [
        [
            "john",
            "hughes",
            "was",
            "the",
            "king",
            "of",
            "white",
            "movies"
        ],
        [
            "john",
            "hughes"
        ],
        [
            "was",
            "the",
            "king",
            "of",
            "white",
            "movies"
        ],
        [
            "john"
        ],
        [
            "hughes"
        ],
        [
            "was"
        ],
        [
            "the",
            "king",
            "of",
            "white",
            "movies"
        ],
        [
            "the",
            "king"
        ],
        [
            "of",
            "white",
            "movies"
        ],
        [
            "the"
        ],
        [
            "king"
        ],
        [
            "of"
        ],
        [
            "white",
            "movies"
        ],
        [
            "white"
        ],
        [
            "movies"
        ]
    ],
    "value_func": [
        1.0000000199852541,
        0.20022899586389167,
        0.7989757917473818,
        0.09122697273817972,
        0.10872704559832361,
        0.09506188916496808,
        0.7031587313329764,
        0.24111303369874312,
        0.4615263819727288,
        0.10507880275484688,
        0.13525266360936206,
        0.10567448109790409,
        0.3558235450649441,
        0.17351158265818692,
        0.18216398030002248
    ],
    "dividend_dir": [
        1,
        1,
        1,
        1,
        1,
        1,
        1,
        1,
        1,
        1,
        1,
        1,
        -1,
        -1,
        1
    ],
    "p_tree": [
        [
            null,
            0
        ],
        [
            0,
            1
        ],
        [
            0,
            2
        ],
        [
            1,
            3
        ],
        [
            1,
            4
        ],
        [
            2,
            5
        ],
        [
            2,
            6
        ],
        [
            6,
            7
        ],
        [
            6,
            8
        ],
        [
            7,
            9
        ],
        [
            7,
            10
        ],
        [
            8,
            11
        ],
        [
            8,
            12
        ],
        [
            12,
            13
        ],
        [
            12,
            14
        ]
    ]
}