{
    "guid": "15062922_gab",
    "gt_cls": 1,
    "coalitions": [
        [
            "the",
            "worthless",
            "nigger",
            "shot",
            "the1",
            "trooper",
            "in",
            "the2",
            "back",
            "several",
            "times",
            "with",
            "a",
            "rifle"
        ],
        [
            "the",
            "worthless",
            "nigger"
        ],
        [
            "shot",
            "the1",
            "trooper",
            "in",
            "the2",
            "back",
            "several",
            "times",
            "with",
            "a",
            "rifle"
        ],
        [
            "the"
        ],
        [
            "worthless"
        ],
        [
            "nigger"
        ],
        [
            "shot"
        ],
        [
            "the1",
            "trooper"
        ],
        [
            "in",
            "the2",
            "back"
        ],
        [
            "several",
            "times"
        ],
        [
            "with",
            "a",
            "rifle"
        ],
        [
            "the1"
        ],
        [
            "trooper"
        ],
        [
            "in"
        ],
        [
            "the2",
            "back"
        ],
        [
            "several"
        ],
        [
            "times"
        ],
        [
            "with"
        ],
        [
            "a",
            "rifle"
        ],
        [
            "the2"
        ],
        [
            "back"
        ],
        [
            "a"
        ],
        [
            "rifle"
        ]
    ],
    "value_func": [
        1.000000016186742,
        0.47354079349368555,
        0.5249755099972805,
        0.056005639392612355,
        0.10956386846448751,
        0.30576340503683774,
        0.06960949440893012,
        0.10941024321477788,
        0.12303397236929829,
        0.0762420854136621,
        0.1462817512299609,
        0.051374138799686234,
        0.05787581745399369,
        0.03483660984724998,
        0.08788628580946517,
        0.03688042900814224,
        0.03933226411707521,
        0.03694833827710809,
        0.1088453859198708,
        0.036701522619067124,
        0.050822774532859494,
        0.044162637058580444,
        0.06419297943047755
    ],
    "dividend_dir": [
        1,
        1,
        1,
        1,
        1,
        1,
        1,
        -1,
        1,
        -1,
        1,
        1,
        -1,
        1,
        1,
        1,
        -1,
        1,
        1,
        -1,
        1,
        1,
        1
    ],
    "p_tree": [
        [
            null,
            0
        ],
        [
            0,
            1
        ],
        [
            0,
            2
        ],
        [
            1,
            3
        ],
        [
            1,
            4
        ],
        [
            1,
            5
        ],
        [
            2,
            6
        ],
        [
            2,
            7
        ],
        [
            2,
            8
        ],
        [
            2,
            9
        ],
        [
            2,
            10
        ],
        [
            7,
            11
        ],
        [
            7,
            12
        ],
        [
            8,
            13
        ],
        [
            8,
            14
        ],
        [
            9,
            15
        ],
        [
            9,
            16
        ],
        [
            10,
            17
        ],
        [
            10,
            18
        ],
        [
            14,
            19
        ],
        [
            14,
            20
        ],
        [
            18,
            21
        ],
        [
            18,
            22
        ]
    ]
}