{
    "guid": "15222713_gab",
    "gt_cls": 0,
    "coalitions": [
        [
            "just",
            "call",
            "them",
            "jews"
        ],
        [
            "just"
        ],
        [
            "call",
            "them",
            "jews"
        ],
        [
            "call"
        ],
        [
            "them"
        ],
        [
            "jews"
        ]
    ],
    "value_func": [
        0.9999999745723318,
        0.15322212504524504,
        0.8457302977217923,
        0.1716795697293217,
        0.21351300342510435,
        0.45909221447478443
    ],
    "dividend_dir": [
        -1,
        1,
        -1,
        1,
        1,
        -1
    ],
    "p_tree": [
        [
            null,
            0
        ],
        [
            0,
            1
        ],
        [
            0,
            2
        ],
        [
            2,
            3
        ],
        [
            2,
            4
        ],
        [
            2,
            5
        ]
    ]
}