{
    "guid": "15231597_gab",
    "gt_cls": 1,
    "coalitions": [
        [
            "fuck",
            "the",
            "nigger",
            "bitches"
        ],
        [
            "fuck",
            "the",
            "nigger",
            "bitches"
        ],
        [
            "fuck"
        ],
        [
            "the",
            "nigger",
            "bitches"
        ],
        [
            "the"
        ],
        [
            "nigger"
        ],
        [
            "bitches"
        ]
    ],
    "value_func": [
        1.0000000039129553,
        0.9965016062120724,
        0.14715187298086546,
        0.8458513355303241,
        0.11322745414777176,
        0.3854356063427043,
        0.3439581589978314
    ],
    "dividend_dir": [
        1,
        1,
        1,
        1,
        1,
        1,
        1
    ],
    "p_tree": [
        [
            null,
            0
        ],
        [
            0,
            1
        ],
        [
            1,
            2
        ],
        [
            1,
            3
        ],
        [
            3,
            4
        ],
        [
            3,
            5
        ],
        [
            3,
            6
        ]
    ]
}