{
    "guid": "15256768_gab",
    "gt_cls": 0,
    "coalitions": [
        [
            "the",
            "muslim",
            "handler",
            "for",
            "killary",
            "obozo",
            "had",
            "valerie",
            "jarrett"
        ],
        [
            "the",
            "muslim",
            "handler",
            "for",
            "killary",
            "obozo"
        ],
        [
            "had",
            "valerie",
            "jarrett"
        ],
        [
            "the",
            "muslim",
            "handler"
        ],
        [
            "for",
            "killary",
            "obozo"
        ],
        [
            "had"
        ],
        [
            "valerie",
            "jarrett"
        ],
        [
            "the"
        ],
        [
            "muslim"
        ],
        [
            "handler"
        ],
        [
            "for"
        ],
        [
            "killary",
            "obozo"
        ],
        [
            "valerie"
        ],
        [
            "jarrett"
        ],
        [
            "killary"
        ],
        [
            "obozo"
        ]
    ],
    "value_func": [
        0.9999999680337741,
        0.7713263263012754,
        0.2286403218630901,
        0.3100889900486724,
        0.4611869876278593,
        0.06795114092049498,
        0.16066629235111946,
        0.04766405692983107,
        0.15177225125698895,
        0.1103037196281164,
        0.05166202763630153,
        0.40923714342603024,
        0.0819127883886939,
        0.07867801569864391,
        0.21440877852517382,
        0.19457212557319456
    ],
    "dividend_dir": [
        1,
        1,
        -1,
        -1,
        1,
        1,
        -1,
        1,
        -1,
        1,
        1,
        1,
        -1,
        1,
        1,
        1
    ],
    "p_tree": [
        [
            null,
            0
        ],
        [
            0,
            1
        ],
        [
            0,
            2
        ],
        [
            1,
            3
        ],
        [
            1,
            4
        ],
        [
            2,
            5
        ],
        [
            2,
            6
        ],
        [
            3,
            7
        ],
        [
            3,
            8
        ],
        [
            3,
            9
        ],
        [
            4,
            10
        ],
        [
            4,
            11
        ],
        [
            6,
            12
        ],
        [
            6,
            13
        ],
        [
            11,
            14
        ],
        [
            11,
            15
        ]
    ]
}