{
    "guid": "15314538_gab",
    "gt_cls": 1,
    "coalitions": [
        [
            "i",
            "can",
            "post",
            "the",
            "nigger",
            "word",
            "as",
            "much",
            "as1",
            "i1",
            "want",
            "here",
            "lol"
        ],
        [
            "i"
        ],
        [
            "can",
            "post",
            "the",
            "nigger",
            "word",
            "as",
            "much",
            "as1",
            "i1",
            "want",
            "here",
            "lol"
        ],
        [
            "can"
        ],
        [
            "post",
            "the",
            "nigger",
            "word",
            "as",
            "much",
            "as1",
            "i1",
            "want",
            "here",
            "lol"
        ],
        [
            "post"
        ],
        [
            "the",
            "nigger",
            "word"
        ],
        [
            "as",
            "much",
            "as1",
            "i1",
            "want",
            "here",
            "lol"
        ],
        [
            "the"
        ],
        [
            "nigger"
        ],
        [
            "word"
        ],
        [
            "as",
            "much"
        ],
        [
            "as1",
            "i1",
            "want",
            "here",
            "lol"
        ],
        [
            "as"
        ],
        [
            "much"
        ],
        [
            "as1"
        ],
        [
            "i1",
            "want",
            "here",
            "lol"
        ],
        [
            "i1"
        ],
        [
            "want",
            "here",
            "lol"
        ],
        [
            "want"
        ],
        [
            "here"
        ],
        [
            "lol"
        ]
    ],
    "value_func": [
        1.000000013127014,
        0.05580156673246638,
        0.9429186743120292,
        0.04646572168397257,
        0.8952660333989433,
        0.08267463133759899,
        0.5046988985363315,
        0.30666874571312497,
        0.06501603837386292,
        0.3542248948813577,
        0.08359790401789424,
        0.0723021175468015,
        0.23416705099586396,
        0.036176027717573146,
        0.03604832907970274,
        0.030658751249384917,
        0.2032329731205703,
        0.03276575561432922,
        0.1701082900520532,
        0.04390974173372351,
        0.04253195310121767,
        0.08337243925669519
    ],
    "dividend_dir": [
        1,
        1,
        1,
        1,
        1,
        1,
        1,
        1,
        1,
        1,
        -1,
        -1,
        1,
        -1,
        1,
        -1,
        1,
        1,
        1,
        1,
        1,
        1
    ],
    "p_tree": [
        [
            null,
            0
        ],
        [
            0,
            1
        ],
        [
            0,
            2
        ],
        [
            2,
            3
        ],
        [
            2,
            4
        ],
        [
            4,
            5
        ],
        [
            4,
            6
        ],
        [
            4,
            7
        ],
        [
            6,
            8
        ],
        [
            6,
            9
        ],
        [
            6,
            10
        ],
        [
            7,
            11
        ],
        [
            7,
            12
        ],
        [
            11,
            13
        ],
        [
            11,
            14
        ],
        [
            12,
            15
        ],
        [
            12,
            16
        ],
        [
            16,
            17
        ],
        [
            16,
            18
        ],
        [
            18,
            19
        ],
        [
            18,
            20
        ],
        [
            18,
            21
        ]
    ]
}