{
    "guid": "15353029_gab",
    "gt_cls": 1,
    "coalitions": [
        [
            "oh",
            "snap",
            "do",
            "not",
            "they",
            "also",
            "have",
            "a",
            "large",
            "muzzie",
            "population",
            "there"
        ],
        [
            "oh",
            "snap"
        ],
        [
            "do",
            "not",
            "they",
            "also",
            "have",
            "a",
            "large",
            "muzzie",
            "population",
            "there"
        ],
        [
            "oh"
        ],
        [
            "snap"
        ],
        [
            "do"
        ],
        [
            "not"
        ],
        [
            "they"
        ],
        [
            "also"
        ],
        [
            "have",
            "a",
            "large",
            "muzzie",
            "population",
            "there"
        ],
        [
            "have"
        ],
        [
            "a",
            "large",
            "muzzie",
            "population",
            "there"
        ],
        [
            "a"
        ],
        [
            "large"
        ],
        [
            "muzzie"
        ],
        [
            "population"
        ],
        [
            "there"
        ]
    ],
    "value_func": [
        0.9999999963847052,
        0.21781232527472608,
        0.7806626527417917,
        0.12321466024786341,
        0.09363882968733106,
        0.052405782364254694,
        0.04206461043357917,
        0.05011784313087846,
        0.045839064559576065,
        0.5889818199003362,
        0.04552604170956335,
        0.5421151519375254,
        0.032285127265440285,
        0.05020924381659272,
        0.3421744672459884,
        0.06679548632247874,
        0.04919173997185707
    ],
    "dividend_dir": [
        1,
        1,
        1,
        1,
        1,
        1,
        1,
        1,
        -1,
        1,
        -1,
        1,
        1,
        -1,
        1,
        1,
        1
    ],
    "p_tree": [
        [
            null,
            0
        ],
        [
            0,
            1
        ],
        [
            0,
            2
        ],
        [
            1,
            3
        ],
        [
            1,
            4
        ],
        [
            2,
            5
        ],
        [
            2,
            6
        ],
        [
            2,
            7
        ],
        [
            2,
            8
        ],
        [
            2,
            9
        ],
        [
            9,
            10
        ],
        [
            9,
            11
        ],
        [
            11,
            12
        ],
        [
            11,
            13
        ],
        [
            11,
            14
        ],
        [
            11,
            15
        ],
        [
            11,
            16
        ]
    ]
}