{
    "guid": "16333911_gab",
    "gt_cls": 1,
    "coalitions": [
        [
            "started",
            "as",
            "trash",
            "ending",
            "as1",
            "worthless",
            "nigger",
            "trash1"
        ],
        [
            "started",
            "as",
            "trash",
            "ending",
            "as1",
            "worthless",
            "nigger",
            "trash1"
        ],
        [
            "started"
        ],
        [
            "as",
            "trash",
            "ending"
        ],
        [
            "as1",
            "worthless",
            "nigger",
            "trash1"
        ],
        [
            "as"
        ],
        [
            "trash",
            "ending"
        ],
        [
            "as1"
        ],
        [
            "worthless",
            "nigger",
            "trash1"
        ],
        [
            "trash"
        ],
        [
            "ending"
        ],
        [
            "worthless"
        ],
        [
            "nigger"
        ],
        [
            "trash1"
        ]
    ],
    "value_func": [
        1.0000000098955073,
        0.9978288319984497,
        0.07797576693921632,
        0.289915200806561,
        0.6277666863556148,
        0.06984499507527624,
        0.21946731940276193,
        0.05854045246167941,
        0.5669445043567446,
        0.12867030214139166,
        0.08996904143045285,
        0.13252062598672562,
        0.29574687620778933,
        0.13609959048579098
    ],
    "dividend_dir": [
        1,
        1,
        1,
        1,
        1,
        -1,
        1,
        -1,
        1,
        1,
        -1,
        1,
        1,
        1
    ],
    "p_tree": [
        [
            null,
            0
        ],
        [
            0,
            1
        ],
        [
            1,
            2
        ],
        [
            1,
            3
        ],
        [
            1,
            4
        ],
        [
            3,
            5
        ],
        [
            3,
            6
        ],
        [
            4,
            7
        ],
        [
            4,
            8
        ],
        [
            6,
            9
        ],
        [
            6,
            10
        ],
        [
            8,
            11
        ],
        [
            8,
            12
        ],
        [
            8,
            13
        ]
    ]
}