{
    "guid": "16497486_gab",
    "gt_cls": 0,
    "coalitions": [
        [
            "hi",
            "i",
            "am",
            "not",
            "yuri",
            "one",
            "of",
            "the",
            "refugee",
            "from",
            "twitter",
            "hello",
            "gab",
            "ai"
        ],
        [
            "hi"
        ],
        [
            "i"
        ],
        [
            "am",
            "not",
            "yuri",
            "one",
            "of",
            "the",
            "refugee",
            "from",
            "twitter",
            "hello",
            "gab",
            "ai"
        ],
        [
            "am"
        ],
        [
            "not"
        ],
        [
            "yuri",
            "one",
            "of",
            "the",
            "refugee",
            "from",
            "twitter",
            "hello",
            "gab",
            "ai"
        ],
        [
            "yuri",
            "one"
        ],
        [
            "of",
            "the",
            "refugee",
            "from",
            "twitter",
            "hello",
            "gab",
            "ai"
        ],
        [
            "yuri"
        ],
        [
            "one"
        ],
        [
            "of"
        ],
        [
            "the",
            "refugee",
            "from",
            "twitter",
            "hello",
            "gab",
            "ai"
        ],
        [
            "the",
            "refugee"
        ],
        [
            "from",
            "twitter",
            "hello",
            "gab",
            "ai"
        ],
        [
            "the"
        ],
        [
            "refugee"
        ],
        [
            "from"
        ],
        [
            "twitter",
            "hello",
            "gab",
            "ai"
        ],
        [
            "twitter"
        ],
        [
            "hello"
        ],
        [
            "gab"
        ],
        [
            "ai"
        ]
    ],
    "value_func": [
        0.9999999836902446,
        0.042072556070716347,
        0.047817600194341524,
        0.9098265514186236,
        0.0420863972088049,
        0.04021741205114819,
        0.8273263775136708,
        0.15615324807690062,
        0.6709752843744903,
        0.10982411837553673,
        0.04625152455439232,
        0.035362961942636384,
        0.635430189688587,
        0.1839242195698193,
        0.45133638606287146,
        0.04159833481952241,
        0.14209564018769053,
        0.047167364051133295,
        0.4041003576423316,
        0.11053408136848471,
        0.08733617438003864,
        0.12706965301711828,
        0.07911104996800015
    ],
    "dividend_dir": [
        1,
        1,
        1,
        1,
        -1,
        1,
        1,
        1,
        1,
        1,
        -1,
        1,
        1,
        1,
        1,
        1,
        1,
        1,
        1,
        -1,
        -1,
        1,
        -1
    ],
    "p_tree": [
        [
            null,
            0
        ],
        [
            0,
            1
        ],
        [
            0,
            2
        ],
        [
            0,
            3
        ],
        [
            3,
            4
        ],
        [
            3,
            5
        ],
        [
            3,
            6
        ],
        [
            6,
            7
        ],
        [
            6,
            8
        ],
        [
            7,
            9
        ],
        [
            7,
            10
        ],
        [
            8,
            11
        ],
        [
            8,
            12
        ],
        [
            12,
            13
        ],
        [
            12,
            14
        ],
        [
            13,
            15
        ],
        [
            13,
            16
        ],
        [
            14,
            17
        ],
        [
            14,
            18
        ],
        [
            18,
            19
        ],
        [
            18,
            20
        ],
        [
            18,
            21
        ],
        [
            18,
            22
        ]
    ]
}