{
    "guid": "16495378_gab",
    "gt_cls": 0,
    "coalitions": [
        [
            "the",
            "harassment",
            "of",
            "britain",
            "first",
            "continues",
            "they",
            "deserve",
            "your",
            "support"
        ],
        [
            "the",
            "harassment",
            "of",
            "britain",
            "first"
        ],
        [
            "continues",
            "they",
            "deserve",
            "your",
            "support"
        ],
        [
            "the",
            "harassment"
        ],
        [
            "of",
            "britain",
            "first"
        ],
        [
            "continues"
        ],
        [
            "they",
            "deserve",
            "your",
            "support"
        ],
        [
            "the"
        ],
        [
            "harassment"
        ],
        [
            "of"
        ],
        [
            "britain",
            "first"
        ],
        [
            "they",
            "deserve",
            "your",
            "support"
        ],
        [
            "britain"
        ],
        [
            "first"
        ],
        [
            "they"
        ],
        [
            "deserve",
            "your",
            "support"
        ],
        [
            "deserve"
        ],
        [
            "your",
            "support"
        ],
        [
            "your"
        ],
        [
            "support"
        ]
    ],
    "value_func": [
        0.9999999815316515,
        0.5625725878348478,
        0.43722494802231077,
        0.2495187774474811,
        0.31301912841013324,
        0.10181558814679509,
        0.33509154509257666,
        0.05690101133482775,
        0.19243352307879263,
        0.06751635142862816,
        0.24531620434564405,
        0.3348943978308136,
        0.17184440024584824,
        0.07318479368685038,
        0.061200733604366585,
        0.27349651696468397,
        0.1028336305395281,
        0.17032299592210845,
        0.08578816750494331,
        0.08451436890596062
    ],
    "dividend_dir": [
        -1,
        1,
        -1,
        -1,
        1,
        -1,
        -1,
        1,
        -1,
        -1,
        1,
        -1,
        1,
        1,
        1,
        -1,
        -1,
        -1,
        -1,
        1
    ],
    "p_tree": [
        [
            null,
            0
        ],
        [
            0,
            1
        ],
        [
            0,
            2
        ],
        [
            1,
            3
        ],
        [
            1,
            4
        ],
        [
            2,
            5
        ],
        [
            2,
            6
        ],
        [
            3,
            7
        ],
        [
            3,
            8
        ],
        [
            4,
            9
        ],
        [
            4,
            10
        ],
        [
            6,
            11
        ],
        [
            10,
            12
        ],
        [
            10,
            13
        ],
        [
            11,
            14
        ],
        [
            11,
            15
        ],
        [
            15,
            16
        ],
        [
            15,
            17
        ],
        [
            17,
            18
        ],
        [
            17,
            19
        ]
    ]
}