{
    "guid": "16511498_gab",
    "gt_cls": 1,
    "coalitions": [
        [
            "the",
            "nigger",
            "tax",
            "strikes",
            "again"
        ],
        [
            "the",
            "nigger",
            "tax",
            "strikes"
        ],
        [
            "again"
        ],
        [
            "the"
        ],
        [
            "nigger",
            "tax"
        ],
        [
            "strikes"
        ],
        [
            "nigger"
        ],
        [
            "tax"
        ]
    ],
    "value_func": [
        0.9999999767539755,
        0.8880274483546424,
        0.10890093869904025,
        0.10313483963616944,
        0.6357794156782106,
        0.1457400127162237,
        0.45652406958489433,
        0.17565607421953186
    ],
    "dividend_dir": [
        1,
        1,
        -1,
        1,
        1,
        -1,
        1,
        1
    ],
    "p_tree": [
        [
            null,
            0
        ],
        [
            0,
            1
        ],
        [
            0,
            2
        ],
        [
            1,
            3
        ],
        [
            1,
            4
        ],
        [
            1,
            5
        ],
        [
            4,
            6
        ],
        [
            4,
            7
        ]
    ]
}