{
    "guid": "16596098_gab",
    "gt_cls": 1,
    "coalitions": [
        [
            "fyi",
            "the",
            "relay",
            "nigger",
            "arrived",
            "shekels",
            "delivered"
        ],
        [
            "fyi"
        ],
        [
            "the",
            "relay",
            "nigger"
        ],
        [
            "arrived",
            "shekels",
            "delivered"
        ],
        [
            "the"
        ],
        [
            "relay"
        ],
        [
            "nigger"
        ],
        [
            "arrived"
        ],
        [
            "shekels",
            "delivered"
        ],
        [
            "shekels"
        ],
        [
            "delivered"
        ]
    ],
    "value_func": [
        0.9999999864096144,
        0.13424872562536883,
        0.45124439238586195,
        0.4130295635320209,
        0.0632730654853109,
        0.10431971232428423,
        0.28200466062697943,
        0.08554934648900359,
        0.326710954792613,
        0.2573833028099699,
        0.06868364578547904
    ],
    "dividend_dir": [
        1,
        -1,
        1,
        1,
        1,
        1,
        1,
        1,
        1,
        1,
        1
    ],
    "p_tree": [
        [
            null,
            0
        ],
        [
            0,
            1
        ],
        [
            0,
            2
        ],
        [
            0,
            3
        ],
        [
            2,
            4
        ],
        [
            2,
            5
        ],
        [
            2,
            6
        ],
        [
            3,
            7
        ],
        [
            3,
            8
        ],
        [
            8,
            9
        ],
        [
            8,
            10
        ]
    ]
}