{
    "guid": "16908788_gab",
    "gt_cls": 1,
    "coalitions": [
        [
            "you",
            "can",
            "not",
            "culturally",
            "enrich",
            "a",
            "moslem"
        ],
        [
            "you"
        ],
        [
            "can",
            "not",
            "culturally",
            "enrich",
            "a",
            "moslem"
        ],
        [
            "can"
        ],
        [
            "not"
        ],
        [
            "culturally"
        ],
        [
            "enrich",
            "a",
            "moslem"
        ],
        [
            "enrich"
        ],
        [
            "a",
            "moslem"
        ],
        [
            "a"
        ],
        [
            "moslem"
        ]
    ],
    "value_func": [
        0.9999999925159927,
        0.06312722966070079,
        0.9360210301091682,
        0.06131235626451655,
        0.055022702020455935,
        0.13056669195281925,
        0.6883741358581025,
        0.24187595466100092,
        0.4457954701584139,
        0.06291700987645708,
        0.3818587086074597
    ],
    "dividend_dir": [
        1,
        1,
        1,
        1,
        1,
        1,
        1,
        -1,
        1,
        1,
        1
    ],
    "p_tree": [
        [
            null,
            0
        ],
        [
            0,
            1
        ],
        [
            0,
            2
        ],
        [
            2,
            3
        ],
        [
            2,
            4
        ],
        [
            2,
            5
        ],
        [
            2,
            6
        ],
        [
            6,
            7
        ],
        [
            6,
            8
        ],
        [
            8,
            9
        ],
        [
            8,
            10
        ]
    ]
}