{
    "guid": "16921944_gab",
    "gt_cls": 1,
    "coalitions": [
        [
            "they",
            "should",
            "have",
            "put",
            "this",
            "nigger",
            "at",
            "the",
            "back",
            "of",
            "the1",
            "plane"
        ],
        [
            "they"
        ],
        [
            "should",
            "have",
            "put",
            "this",
            "nigger",
            "at",
            "the",
            "back",
            "of",
            "the1",
            "plane"
        ],
        [
            "should"
        ],
        [
            "have",
            "put",
            "this",
            "nigger",
            "at",
            "the",
            "back",
            "of",
            "the1",
            "plane"
        ],
        [
            "have"
        ],
        [
            "put",
            "this",
            "nigger",
            "at",
            "the",
            "back",
            "of",
            "the1",
            "plane"
        ],
        [
            "put"
        ],
        [
            "this",
            "nigger"
        ],
        [
            "at",
            "the",
            "back",
            "of",
            "the1",
            "plane"
        ],
        [
            "this"
        ],
        [
            "nigger"
        ],
        [
            "at"
        ],
        [
            "the",
            "back",
            "of",
            "the1",
            "plane"
        ],
        [
            "the",
            "back"
        ],
        [
            "of",
            "the1",
            "plane"
        ],
        [
            "the"
        ],
        [
            "back"
        ],
        [
            "of"
        ],
        [
            "the1",
            "plane"
        ],
        [
            "the1"
        ],
        [
            "plane"
        ]
    ],
    "value_func": [
        1.0000000068081292,
        0.05569278032700285,
        0.9430667580711579,
        0.05235954926035197,
        0.8895477931368633,
        0.05077432827891742,
        0.8376124174535998,
        0.0641440982025165,
        0.43367676193911714,
        0.3385572911113036,
        0.08746357605278236,
        0.34446405181661177,
        0.062449908671809724,
        0.2758298781188902,
        0.0984314930050065,
        0.17709146101575435,
        0.04536882002201361,
        0.05300515493300517,
        0.040305893461208164,
        0.1364351315284904,
        0.05086295635908002,
        0.08526481218634734
    ],
    "dividend_dir": [
        1,
        1,
        1,
        1,
        1,
        -1,
        1,
        1,
        1,
        1,
        1,
        1,
        -1,
        1,
        1,
        1,
        -1,
        1,
        1,
        1,
        -1,
        1
    ],
    "p_tree": [
        [
            null,
            0
        ],
        [
            0,
            1
        ],
        [
            0,
            2
        ],
        [
            2,
            3
        ],
        [
            2,
            4
        ],
        [
            4,
            5
        ],
        [
            4,
            6
        ],
        [
            6,
            7
        ],
        [
            6,
            8
        ],
        [
            6,
            9
        ],
        [
            8,
            10
        ],
        [
            8,
            11
        ],
        [
            9,
            12
        ],
        [
            9,
            13
        ],
        [
            13,
            14
        ],
        [
            13,
            15
        ],
        [
            14,
            16
        ],
        [
            14,
            17
        ],
        [
            15,
            18
        ],
        [
            15,
            19
        ],
        [
            19,
            20
        ],
        [
            19,
            21
        ]
    ]
}