{
    "guid": "16921321_gab",
    "gt_cls": 1,
    "coalitions": [
        [
            "lol",
            "good",
            "nigger",
            "<user>"
        ],
        [
            "lol",
            "good"
        ],
        [
            "nigger"
        ],
        [
            "<user>"
        ],
        [
            "lol"
        ],
        [
            "good"
        ]
    ],
    "value_func": [
        1.000000003837223,
        0.3482720754721312,
        0.5034202868024362,
        0.1459906871139277,
        0.19851968499400682,
        0.14900632045591441
    ],
    "dividend_dir": [
        1,
        1,
        1,
        -1,
        1,
        1
    ],
    "p_tree": [
        [
            null,
            0
        ],
        [
            0,
            1
        ],
        [
            0,
            2
        ],
        [
            0,
            3
        ],
        [
            1,
            4
        ],
        [
            1,
            5
        ]
    ]
}