{
    "guid": "16980692_gab",
    "gt_cls": 1,
    "coalitions": [
        [
            "post",
            "that",
            "kike",
            "star",
            "again",
            "and",
            "you",
            "can",
            "wear",
            "them",
            "in",
            "the",
            "oven"
        ],
        [
            "post",
            "that",
            "kike",
            "star",
            "again"
        ],
        [
            "and"
        ],
        [
            "you",
            "can",
            "wear",
            "them",
            "in",
            "the",
            "oven"
        ],
        [
            "post",
            "that",
            "kike",
            "star",
            "again"
        ],
        [
            "you"
        ],
        [
            "can",
            "wear",
            "them",
            "in",
            "the",
            "oven"
        ],
        [
            "post"
        ],
        [
            "that",
            "kike",
            "star"
        ],
        [
            "again"
        ],
        [
            "can"
        ],
        [
            "wear",
            "them",
            "in",
            "the",
            "oven"
        ],
        [
            "that"
        ],
        [
            "kike"
        ],
        [
            "star"
        ],
        [
            "wear"
        ],
        [
            "them"
        ],
        [
            "in",
            "the",
            "oven"
        ],
        [
            "in"
        ],
        [
            "the",
            "oven"
        ],
        [
            "the"
        ],
        [
            "oven"
        ]
    ],
    "value_func": [
        1.0000000378094922,
        0.6769709137001905,
        0.03366070487380613,
        0.2872573563654178,
        0.6741061201532974,
        0.041145891792915446,
        0.24576478269408197,
        0.08646351957332912,
        0.540191511949591,
        0.04458629508348422,
        0.03483815544098153,
        0.21070493809351348,
        0.0758022272693817,
        0.38217107488036045,
        0.0791262909423046,
        0.04988052502442597,
        0.03671819796561542,
        0.12391938511452694,
        0.033181247508418735,
        0.09052907900777957,
        0.03660998182734104,
        0.05368031365329533
    ],
    "dividend_dir": [
        1,
        1,
        -1,
        1,
        1,
        1,
        1,
        1,
        1,
        1,
        1,
        1,
        -1,
        1,
        1,
        -1,
        1,
        1,
        1,
        1,
        1,
        1
    ],
    "p_tree": [
        [
            null,
            0
        ],
        [
            0,
            1
        ],
        [
            0,
            2
        ],
        [
            0,
            3
        ],
        [
            1,
            4
        ],
        [
            3,
            5
        ],
        [
            3,
            6
        ],
        [
            4,
            7
        ],
        [
            4,
            8
        ],
        [
            4,
            9
        ],
        [
            6,
            10
        ],
        [
            6,
            11
        ],
        [
            8,
            12
        ],
        [
            8,
            13
        ],
        [
            8,
            14
        ],
        [
            11,
            15
        ],
        [
            11,
            16
        ],
        [
            11,
            17
        ],
        [
            17,
            18
        ],
        [
            17,
            19
        ],
        [
            19,
            20
        ],
        [
            19,
            21
        ]
    ]
}