{
    "guid": "17042995_gab",
    "gt_cls": 0,
    "coalitions": [
        [
            "some",
            "of",
            "the",
            "moslem",
            "invaders",
            "being",
            "honoured",
            "by",
            "the1",
            "british",
            "regime"
        ],
        [
            "some",
            "of",
            "the",
            "moslem",
            "invaders"
        ],
        [
            "being",
            "honoured",
            "by",
            "the1",
            "british",
            "regime"
        ],
        [
            "some"
        ],
        [
            "of",
            "the",
            "moslem",
            "invaders"
        ],
        [
            "being"
        ],
        [
            "honoured",
            "by",
            "the1",
            "british",
            "regime"
        ],
        [
            "of"
        ],
        [
            "the",
            "moslem",
            "invaders"
        ],
        [
            "honoured"
        ],
        [
            "by",
            "the1",
            "british",
            "regime"
        ],
        [
            "the"
        ],
        [
            "moslem"
        ],
        [
            "invaders"
        ],
        [
            "by"
        ],
        [
            "the1",
            "british",
            "regime"
        ],
        [
            "the1"
        ],
        [
            "british"
        ],
        [
            "regime"
        ]
    ],
    "value_func": [
        1.0000000432936942,
        0.6059417537012689,
        0.3935118743750253,
        0.0420096925194334,
        0.5633214819043189,
        0.05158180661633844,
        0.3417928968755756,
        0.03414099768241911,
        0.5285714943208156,
        0.10338139410827213,
        0.23819868621776244,
        0.04182267887862686,
        0.3537054574103043,
        0.13231588691893817,
        0.035598275292118994,
        0.2023789319857612,
        0.031895589271951054,
        0.07165047385301479,
        0.09850292597089925
    ],
    "dividend_dir": [
        -1,
        -1,
        -1,
        -1,
        -1,
        1,
        -1,
        1,
        -1,
        -1,
        -1,
        1,
        -1,
        -1,
        1,
        -1,
        1,
        -1,
        -1
    ],
    "p_tree": [
        [
            null,
            0
        ],
        [
            0,
            1
        ],
        [
            0,
            2
        ],
        [
            1,
            3
        ],
        [
            1,
            4
        ],
        [
            2,
            5
        ],
        [
            2,
            6
        ],
        [
            4,
            7
        ],
        [
            4,
            8
        ],
        [
            6,
            9
        ],
        [
            6,
            10
        ],
        [
            8,
            11
        ],
        [
            8,
            12
        ],
        [
            8,
            13
        ],
        [
            10,
            14
        ],
        [
            10,
            15
        ],
        [
            15,
            16
        ],
        [
            15,
            17
        ],
        [
            15,
            18
        ]
    ]
}