{
    "guid": "17181350_gab",
    "gt_cls": 0,
    "coalitions": [
        [
            "kenyun",
            "paki",
            "at",
            "<number>"
        ],
        [
            "kenyun",
            "paki"
        ],
        [
            "at",
            "<number>"
        ],
        [
            "kenyun"
        ],
        [
            "paki"
        ],
        [
            "at"
        ],
        [
            "<number>"
        ]
    ],
    "value_func": [
        0.9999999799395656,
        0.7957884221510638,
        0.20395226280717685,
        0.35036782488687684,
        0.4451411158252182,
        0.0893840679485952,
        0.11455509562242004
    ],
    "dividend_dir": [
        -1,
        -1,
        -1,
        -1,
        -1,
        1,
        -1
    ],
    "p_tree": [
        [
            null,
            0
        ],
        [
            0,
            1
        ],
        [
            0,
            2
        ],
        [
            1,
            3
        ],
        [
            1,
            4
        ],
        [
            2,
            5
        ],
        [
            2,
            6
        ]
    ]
}