{
    "guid": "17188614_gab",
    "gt_cls": 1,
    "coalitions": [
        [
            "<number>",
            "years",
            "of",
            "inbreeding",
            "make",
            "their",
            "hasbara",
            "basically",
            "retarded",
            "it",
            "a",
            "kike",
            "thing"
        ],
        [
            "<number>",
            "years",
            "of",
            "inbreeding"
        ],
        [
            "make",
            "their",
            "hasbara",
            "basically",
            "retarded",
            "it",
            "a",
            "kike",
            "thing"
        ],
        [
            "<number>",
            "years"
        ],
        [
            "of",
            "inbreeding"
        ],
        [
            "make"
        ],
        [
            "their",
            "hasbara",
            "basically",
            "retarded",
            "it",
            "a",
            "kike",
            "thing"
        ],
        [
            "<number>"
        ],
        [
            "years"
        ],
        [
            "of"
        ],
        [
            "inbreeding"
        ],
        [
            "their",
            "hasbara"
        ],
        [
            "basically"
        ],
        [
            "retarded",
            "it",
            "a",
            "kike",
            "thing"
        ],
        [
            "their"
        ],
        [
            "hasbara"
        ],
        [
            "retarded"
        ],
        [
            "it"
        ],
        [
            "a",
            "kike",
            "thing"
        ],
        [
            "a"
        ],
        [
            "kike"
        ],
        [
            "thing"
        ]
    ],
    "value_func": [
        0.9999999828834235,
        0.278533241368612,
        0.7198705192922861,
        0.09502146921197732,
        0.18289726958935135,
        0.037099106592124266,
        0.6812734432874256,
        0.05126538652745581,
        0.04351243158407739,
        0.03588133342076113,
        0.14644948415867026,
        0.11936821062098076,
        0.03566344658907905,
        0.5247787595919974,
        0.03741226206218171,
        0.08154951733136145,
        0.10614358294509056,
        0.041360511674941675,
        0.3757491596432958,
        0.05120607805687787,
        0.24245152310105794,
        0.07998264916238294
    ],
    "dividend_dir": [
        1,
        1,
        1,
        1,
        1,
        1,
        1,
        1,
        1,
        1,
        1,
        1,
        -1,
        1,
        1,
        1,
        1,
        -1,
        1,
        1,
        1,
        1
    ],
    "p_tree": [
        [
            null,
            0
        ],
        [
            0,
            1
        ],
        [
            0,
            2
        ],
        [
            1,
            3
        ],
        [
            1,
            4
        ],
        [
            2,
            5
        ],
        [
            2,
            6
        ],
        [
            3,
            7
        ],
        [
            3,
            8
        ],
        [
            4,
            9
        ],
        [
            4,
            10
        ],
        [
            6,
            11
        ],
        [
            6,
            12
        ],
        [
            6,
            13
        ],
        [
            11,
            14
        ],
        [
            11,
            15
        ],
        [
            13,
            16
        ],
        [
            13,
            17
        ],
        [
            13,
            18
        ],
        [
            18,
            19
        ],
        [
            18,
            20
        ],
        [
            18,
            21
        ]
    ]
}