{
    "guid": "17372469_gab",
    "gt_cls": 1,
    "coalitions": [
        [
            "an",
            "these",
            "nigger",
            "biches",
            "look",
            "like",
            "godzilla",
            "nasty"
        ],
        [
            "an",
            "these",
            "nigger",
            "biches"
        ],
        [
            "look",
            "like",
            "godzilla",
            "nasty"
        ],
        [
            "an"
        ],
        [
            "these"
        ],
        [
            "nigger"
        ],
        [
            "biches"
        ],
        [
            "look"
        ],
        [
            "like",
            "godzilla",
            "nasty"
        ],
        [
            "like"
        ],
        [
            "godzilla",
            "nasty"
        ],
        [
            "godzilla"
        ],
        [
            "nasty"
        ]
    ],
    "value_func": [
        0.9999999893377617,
        0.7020366721452345,
        0.29571771095482646,
        0.06116636953671542,
        0.09081688751000089,
        0.3182495798972941,
        0.22959750820046745,
        0.06536821443691189,
        0.2295322777331308,
        0.05131294263049512,
        0.17758424485102034,
        0.08331923639891595,
        0.09361874204561656
    ],
    "dividend_dir": [
        1,
        1,
        1,
        1,
        1,
        1,
        1,
        1,
        1,
        1,
        1,
        1,
        1
    ],
    "p_tree": [
        [
            null,
            0
        ],
        [
            0,
            1
        ],
        [
            0,
            2
        ],
        [
            1,
            3
        ],
        [
            1,
            4
        ],
        [
            1,
            5
        ],
        [
            1,
            6
        ],
        [
            2,
            7
        ],
        [
            2,
            8
        ],
        [
            8,
            9
        ],
        [
            8,
            10
        ],
        [
            10,
            11
        ],
        [
            10,
            12
        ]
    ]
}