{
    "guid": "17524246_gab",
    "gt_cls": 1,
    "coalitions": [
        [
            "i",
            "am",
            "happy",
            "once",
            "the",
            "last",
            "kike",
            "hangs",
            "from",
            "a",
            "tree"
        ],
        [
            "i"
        ],
        [
            "am",
            "happy",
            "once",
            "the",
            "last",
            "kike",
            "hangs",
            "from",
            "a",
            "tree"
        ],
        [
            "am"
        ],
        [
            "happy"
        ],
        [
            "once",
            "the",
            "last",
            "kike",
            "hangs",
            "from",
            "a",
            "tree"
        ],
        [
            "once"
        ],
        [
            "the",
            "last",
            "kike",
            "hangs",
            "from",
            "a",
            "tree"
        ],
        [
            "the",
            "last",
            "kike"
        ],
        [
            "hangs",
            "from",
            "a",
            "tree"
        ],
        [
            "the"
        ],
        [
            "last"
        ],
        [
            "kike"
        ],
        [
            "hangs"
        ],
        [
            "from",
            "a",
            "tree"
        ],
        [
            "from"
        ],
        [
            "a",
            "tree"
        ],
        [
            "a"
        ],
        [
            "tree"
        ]
    ],
    "value_func": [
        1.0000000114522274,
        0.05915006900160523,
        0.9383572321721037,
        0.06100031972879974,
        0.05722513656542771,
        0.8176978398317533,
        0.052653951038394105,
        0.7626375448197157,
        0.5002692833965798,
        0.2598524758217538,
        0.04894672848125168,
        0.07476883943673937,
        0.37348517723222296,
        0.08611228198002341,
        0.17330074209562896,
        0.0532392536450882,
        0.11972803218111099,
        0.04522898313036406,
        0.07394664127024382
    ],
    "dividend_dir": [
        1,
        1,
        1,
        1,
        1,
        1,
        1,
        1,
        1,
        1,
        1,
        1,
        1,
        1,
        1,
        -1,
        1,
        1,
        1
    ],
    "p_tree": [
        [
            null,
            0
        ],
        [
            0,
            1
        ],
        [
            0,
            2
        ],
        [
            2,
            3
        ],
        [
            2,
            4
        ],
        [
            2,
            5
        ],
        [
            5,
            6
        ],
        [
            5,
            7
        ],
        [
            7,
            8
        ],
        [
            7,
            9
        ],
        [
            8,
            10
        ],
        [
            8,
            11
        ],
        [
            8,
            12
        ],
        [
            9,
            13
        ],
        [
            9,
            14
        ],
        [
            14,
            15
        ],
        [
            14,
            16
        ],
        [
            16,
            17
        ],
        [
            16,
            18
        ]
    ]
}