{
    "guid": "17552298_gab",
    "gt_cls": 1,
    "coalitions": [
        [
            "jews",
            "got",
            "whites",
            "hooked",
            "on",
            "nigger",
            "culture"
        ],
        [
            "jews"
        ],
        [
            "got",
            "whites",
            "hooked",
            "on",
            "nigger",
            "culture"
        ],
        [
            "got"
        ],
        [
            "whites",
            "hooked",
            "on",
            "nigger",
            "culture"
        ],
        [
            "whites"
        ],
        [
            "hooked",
            "on",
            "nigger",
            "culture"
        ],
        [
            "hooked"
        ],
        [
            "on",
            "nigger",
            "culture"
        ],
        [
            "on"
        ],
        [
            "nigger",
            "culture"
        ],
        [
            "nigger"
        ],
        [
            "culture"
        ]
    ],
    "value_func": [
        0.9999999952268684,
        0.11677250913989753,
        0.8806824918161885,
        0.08975961888114764,
        0.7886984223809437,
        0.1458200971625026,
        0.6404674119496752,
        0.13293917307842182,
        0.5053784722669443,
        0.08319911800215435,
        0.42001487590931025,
        0.3089824413179972,
        0.10876581117297451
    ],
    "dividend_dir": [
        1,
        1,
        1,
        -1,
        1,
        1,
        1,
        1,
        1,
        1,
        1,
        1,
        1
    ],
    "p_tree": [
        [
            null,
            0
        ],
        [
            0,
            1
        ],
        [
            0,
            2
        ],
        [
            2,
            3
        ],
        [
            2,
            4
        ],
        [
            4,
            5
        ],
        [
            4,
            6
        ],
        [
            6,
            7
        ],
        [
            6,
            8
        ],
        [
            8,
            9
        ],
        [
            8,
            10
        ],
        [
            10,
            11
        ],
        [
            10,
            12
        ]
    ]
}