{
    "guid": "17563616_gab",
    "gt_cls": 0,
    "coalitions": [
        [
            "i",
            "am",
            "so",
            "ghetto"
        ],
        [
            "i"
        ],
        [
            "am",
            "so",
            "ghetto"
        ],
        [
            "am"
        ],
        [
            "so",
            "ghetto"
        ],
        [
            "so"
        ],
        [
            "ghetto"
        ]
    ],
    "value_func": [
        1.000000069770697,
        0.2150080849869277,
        0.7842120666743374,
        0.1705936725135892,
        0.6133917778965933,
        0.18595948609280993,
        0.42741468897782836
    ],
    "dividend_dir": [
        1,
        1,
        1,
        1,
        1,
        1,
        -1
    ],
    "p_tree": [
        [
            null,
            0
        ],
        [
            0,
            1
        ],
        [
            0,
            2
        ],
        [
            2,
            3
        ],
        [
            2,
            4
        ],
        [
            4,
            5
        ],
        [
            4,
            6
        ]
    ]
}