{
    "guid": "17574897_gab",
    "gt_cls": 1,
    "coalitions": [
        [
            "diversity",
            "is",
            "a",
            "code",
            "word",
            "for",
            "white",
            "genocide"
        ],
        [
            "diversity"
        ],
        [
            "is",
            "a",
            "code",
            "word",
            "for",
            "white",
            "genocide"
        ],
        [
            "is"
        ],
        [
            "a",
            "code",
            "word",
            "for",
            "white",
            "genocide"
        ],
        [
            "a",
            "code",
            "word"
        ],
        [
            "for",
            "white",
            "genocide"
        ],
        [
            "a"
        ],
        [
            "code"
        ],
        [
            "word"
        ],
        [
            "for"
        ],
        [
            "white",
            "genocide"
        ],
        [
            "white"
        ],
        [
            "genocide"
        ]
    ],
    "value_func": [
        1.0000000076097812,
        0.12753913887226473,
        0.8723496486332268,
        0.07259321274251543,
        0.7996364438545853,
        0.2671669972300302,
        0.5321649748800487,
        0.06115910766842758,
        0.10808276514883638,
        0.0975219019781184,
        0.07336488792336932,
        0.458786772085052,
        0.1959402867595293,
        0.262702764177839
    ],
    "dividend_dir": [
        -1,
        1,
        -1,
        1,
        -1,
        -1,
        -1,
        -1,
        1,
        -1,
        1,
        -1,
        1,
        -1
    ],
    "p_tree": [
        [
            null,
            0
        ],
        [
            0,
            1
        ],
        [
            0,
            2
        ],
        [
            2,
            3
        ],
        [
            2,
            4
        ],
        [
            4,
            5
        ],
        [
            4,
            6
        ],
        [
            5,
            7
        ],
        [
            5,
            8
        ],
        [
            5,
            9
        ],
        [
            6,
            10
        ],
        [
            6,
            11
        ],
        [
            11,
            12
        ],
        [
            11,
            13
        ]
    ]
}