{
    "guid": "17593622_gab",
    "gt_cls": 1,
    "coalitions": [
        [
            "billionaire",
            "cool",
            "still",
            "a",
            "fucking",
            "nigger"
        ],
        [
            "billionaire"
        ],
        [
            "cool",
            "still"
        ],
        [
            "a",
            "fucking",
            "nigger"
        ],
        [
            "cool"
        ],
        [
            "still"
        ],
        [
            "a"
        ],
        [
            "fucking"
        ],
        [
            "nigger"
        ]
    ],
    "value_func": [
        1.0000000179118274,
        0.10434293206229979,
        0.20753238958468417,
        0.6856052615911755,
        0.12166803779492677,
        0.08542073661547561,
        0.0941908543753894,
        0.1479222790912068,
        0.4406859404126922
    ],
    "dividend_dir": [
        1,
        1,
        1,
        1,
        1,
        1,
        1,
        1,
        1
    ],
    "p_tree": [
        [
            null,
            0
        ],
        [
            0,
            1
        ],
        [
            0,
            2
        ],
        [
            0,
            3
        ],
        [
            2,
            4
        ],
        [
            2,
            5
        ],
        [
            3,
            6
        ],
        [
            3,
            7
        ],
        [
            3,
            8
        ]
    ]
}