{
    "guid": "17828964_gab",
    "gt_cls": 1,
    "coalitions": [
        [
            "harvey",
            "how",
            "many",
            "babied",
            "did",
            "you",
            "kill",
            "today",
            "were",
            "they",
            "all",
            "nigger",
            "babies"
        ],
        [
            "harvey",
            "how",
            "many",
            "babied",
            "did",
            "you",
            "kill",
            "today"
        ],
        [
            "were",
            "they",
            "all",
            "nigger",
            "babies"
        ],
        [
            "harvey"
        ],
        [
            "how",
            "many",
            "babied",
            "did",
            "you",
            "kill",
            "today"
        ],
        [
            "were"
        ],
        [
            "they",
            "all",
            "nigger",
            "babies"
        ],
        [
            "how",
            "many",
            "babied"
        ],
        [
            "did",
            "you",
            "kill",
            "today"
        ],
        [
            "they"
        ],
        [
            "all",
            "nigger"
        ],
        [
            "babies"
        ],
        [
            "how",
            "many"
        ],
        [
            "babied"
        ],
        [
            "did"
        ],
        [
            "you"
        ],
        [
            "kill",
            "today"
        ],
        [
            "all"
        ],
        [
            "nigger"
        ],
        [
            "how"
        ],
        [
            "many"
        ],
        [
            "kill"
        ],
        [
            "today"
        ]
    ],
    "value_func": [
        1.0000000069852304,
        0.6077636863251356,
        0.3910287250580696,
        0.1235555665262438,
        0.48342962227989883,
        0.03028472825616112,
        0.35977611014325983,
        0.313865151401038,
        0.16915308470636928,
        0.029992393934804303,
        0.21759107145779205,
        0.11112475273266245,
        0.10243010048004497,
        0.2113301808086798,
        0.0329051866498885,
        0.033822236440351365,
        0.10192147374744838,
        0.03580871156674251,
        0.1809773827851777,
        0.0531590005457375,
        0.04925505417387607,
        0.06277419483535392,
        0.038588442427269935
    ],
    "dividend_dir": [
        1,
        1,
        1,
        1,
        1,
        -1,
        1,
        1,
        1,
        1,
        1,
        1,
        -1,
        1,
        1,
        1,
        1,
        1,
        1,
        -1,
        1,
        1,
        1
    ],
    "p_tree": [
        [
            null,
            0
        ],
        [
            0,
            1
        ],
        [
            0,
            2
        ],
        [
            1,
            3
        ],
        [
            1,
            4
        ],
        [
            2,
            5
        ],
        [
            2,
            6
        ],
        [
            4,
            7
        ],
        [
            4,
            8
        ],
        [
            6,
            9
        ],
        [
            6,
            10
        ],
        [
            6,
            11
        ],
        [
            7,
            12
        ],
        [
            7,
            13
        ],
        [
            8,
            14
        ],
        [
            8,
            15
        ],
        [
            8,
            16
        ],
        [
            10,
            17
        ],
        [
            10,
            18
        ],
        [
            12,
            19
        ],
        [
            12,
            20
        ],
        [
            16,
            21
        ],
        [
            16,
            22
        ]
    ]
}