{
    "guid": "17958017_gab",
    "gt_cls": 1,
    "coalitions": [
        [
            "do",
            "not",
            "be",
            "aggressive",
            "says",
            "the",
            "nigger",
            "mandela",
            "fuck",
            "that"
        ],
        [
            "do",
            "not",
            "be",
            "aggressive"
        ],
        [
            "says"
        ],
        [
            "the",
            "nigger",
            "mandela",
            "fuck",
            "that"
        ],
        [
            "do"
        ],
        [
            "not"
        ],
        [
            "be",
            "aggressive"
        ],
        [
            "the",
            "nigger",
            "mandela"
        ],
        [
            "fuck",
            "that"
        ],
        [
            "be"
        ],
        [
            "aggressive"
        ],
        [
            "the"
        ],
        [
            "nigger"
        ],
        [
            "mandela"
        ],
        [
            "fuck"
        ],
        [
            "that"
        ]
    ],
    "value_func": [
        0.9999999969524956,
        0.23345935296842893,
        0.07547021677500082,
        0.6894048678313134,
        0.05341619128314179,
        0.05024209379616516,
        0.1292355143749146,
        0.487243926485045,
        0.2004966269354491,
        0.05050693113475279,
        0.0783956897544201,
        0.07670497408694216,
        0.2889081909890097,
        0.12000839862819954,
        0.1370766840699377,
        0.0628419266670843
    ],
    "dividend_dir": [
        1,
        1,
        1,
        1,
        1,
        -1,
        1,
        1,
        1,
        1,
        1,
        1,
        1,
        -1,
        1,
        -1
    ],
    "p_tree": [
        [
            null,
            0
        ],
        [
            0,
            1
        ],
        [
            0,
            2
        ],
        [
            0,
            3
        ],
        [
            1,
            4
        ],
        [
            1,
            5
        ],
        [
            1,
            6
        ],
        [
            3,
            7
        ],
        [
            3,
            8
        ],
        [
            6,
            9
        ],
        [
            6,
            10
        ],
        [
            7,
            11
        ],
        [
            7,
            12
        ],
        [
            7,
            13
        ],
        [
            8,
            14
        ],
        [
            8,
            15
        ]
    ]
}