{
    "guid": "1799901_gab",
    "gt_cls": 1,
    "coalitions": [
        [
            "confederate",
            "heroes",
            "day",
            "<date>",
            "texas",
            "state",
            "holiday",
            "we",
            "do",
            "not",
            "observe",
            "martin",
            "lucifer",
            "coon",
            "day1"
        ],
        [
            "confederate",
            "heroes",
            "day",
            "<date>",
            "texas",
            "state",
            "holiday"
        ],
        [
            "we"
        ],
        [
            "do",
            "not",
            "observe",
            "martin",
            "lucifer",
            "coon",
            "day1"
        ],
        [
            "confederate",
            "heroes",
            "day"
        ],
        [
            "<date>"
        ],
        [
            "texas",
            "state"
        ],
        [
            "holiday"
        ],
        [
            "do"
        ],
        [
            "not"
        ],
        [
            "observe",
            "martin",
            "lucifer",
            "coon",
            "day1"
        ],
        [
            "confederate",
            "heroes"
        ],
        [
            "day"
        ],
        [
            "texas"
        ],
        [
            "state"
        ],
        [
            "observe"
        ],
        [
            "martin",
            "lucifer",
            "coon",
            "day1"
        ],
        [
            "confederate"
        ],
        [
            "heroes"
        ],
        [
            "martin"
        ],
        [
            "lucifer"
        ],
        [
            "coon"
        ],
        [
            "day1"
        ]
    ],
    "value_func": [
        1.000000001701983,
        0.3466714283880737,
        0.03469174980894507,
        0.6177995559581513,
        0.16003362159601447,
        0.055266675605556766,
        0.08380460447967236,
        0.04722383134034875,
        0.02242280947513723,
        0.021644325674752222,
        0.572981026737899,
        0.11784014176104826,
        0.042014466998580184,
        0.04693986568183242,
        0.03672440410244511,
        0.04462911087877403,
        0.5274812960347378,
        0.06784883365147892,
        0.04982006582095774,
        0.06935985144447875,
        0.08975132301877184,
        0.30297653503050015,
        0.06451300757182768
    ],
    "dividend_dir": [
        1,
        1,
        1,
        1,
        1,
        1,
        1,
        1,
        1,
        -1,
        1,
        1,
        1,
        1,
        1,
        1,
        1,
        1,
        -1,
        1,
        1,
        1,
        -1
    ],
    "p_tree": [
        [
            null,
            0
        ],
        [
            0,
            1
        ],
        [
            0,
            2
        ],
        [
            0,
            3
        ],
        [
            1,
            4
        ],
        [
            1,
            5
        ],
        [
            1,
            6
        ],
        [
            1,
            7
        ],
        [
            3,
            8
        ],
        [
            3,
            9
        ],
        [
            3,
            10
        ],
        [
            4,
            11
        ],
        [
            4,
            12
        ],
        [
            6,
            13
        ],
        [
            6,
            14
        ],
        [
            10,
            15
        ],
        [
            10,
            16
        ],
        [
            11,
            17
        ],
        [
            11,
            18
        ],
        [
            16,
            19
        ],
        [
            16,
            20
        ],
        [
            16,
            21
        ],
        [
            16,
            22
        ]
    ]
}