{
    "guid": "18041918_gab",
    "gt_cls": 1,
    "coalitions": [
        [
            "do",
            "not",
            "break",
            "your",
            "arm",
            "jerking",
            "yourself",
            "off",
            "on",
            "twitter",
            "kike"
        ],
        [
            "do"
        ],
        [
            "not"
        ],
        [
            "break",
            "your",
            "arm",
            "jerking",
            "yourself",
            "off",
            "on",
            "twitter",
            "kike"
        ],
        [
            "break"
        ],
        [
            "your",
            "arm"
        ],
        [
            "jerking",
            "yourself",
            "off",
            "on",
            "twitter",
            "kike"
        ],
        [
            "your"
        ],
        [
            "arm"
        ],
        [
            "jerking",
            "yourself",
            "off",
            "on",
            "twitter",
            "kike"
        ],
        [
            "jerking"
        ],
        [
            "yourself"
        ],
        [
            "off"
        ],
        [
            "on",
            "twitter",
            "kike"
        ],
        [
            "on"
        ],
        [
            "twitter",
            "kike"
        ],
        [
            "twitter"
        ],
        [
            "kike"
        ]
    ],
    "value_func": [
        0.9999999770135777,
        0.05480690943189965,
        0.04452510387857235,
        0.8986165618338812,
        0.04655120289889251,
        0.1033034868962543,
        0.7466142621670394,
        0.04948897967307946,
        0.053809446419242894,
        0.7440393520166343,
        0.04881133046919968,
        0.04724973400391117,
        0.042800858271307834,
        0.6026025191218105,
        0.05372214298601734,
        0.5455012097518794,
        0.13423486599300297,
        0.40747732174682993
    ],
    "dividend_dir": [
        1,
        1,
        -1,
        1,
        -1,
        -1,
        1,
        1,
        -1,
        1,
        -1,
        -1,
        1,
        1,
        1,
        1,
        1,
        1
    ],
    "p_tree": [
        [
            null,
            0
        ],
        [
            0,
            1
        ],
        [
            0,
            2
        ],
        [
            0,
            3
        ],
        [
            3,
            4
        ],
        [
            3,
            5
        ],
        [
            3,
            6
        ],
        [
            5,
            7
        ],
        [
            5,
            8
        ],
        [
            6,
            9
        ],
        [
            9,
            10
        ],
        [
            9,
            11
        ],
        [
            9,
            12
        ],
        [
            9,
            13
        ],
        [
            13,
            14
        ],
        [
            13,
            15
        ],
        [
            15,
            16
        ],
        [
            15,
            17
        ]
    ]
}