{
    "guid": "18184820_gab",
    "gt_cls": 1,
    "coalitions": [
        [
            "i",
            "love",
            "nigger",
            "cock",
            "adolf",
            "hitler"
        ],
        [
            "i"
        ],
        [
            "love",
            "nigger",
            "cock",
            "adolf",
            "hitler"
        ],
        [
            "love"
        ],
        [
            "nigger",
            "cock",
            "adolf",
            "hitler"
        ],
        [
            "nigger"
        ],
        [
            "cock"
        ],
        [
            "adolf"
        ],
        [
            "hitler"
        ]
    ],
    "value_func": [
        1.0000000492285073,
        0.09100406111002692,
        0.9060373734897103,
        0.13537549712459876,
        0.7677890106051827,
        0.3540554779448108,
        0.1785264344079609,
        0.11902817151793949,
        0.113382656942359
    ],
    "dividend_dir": [
        1,
        1,
        1,
        1,
        1,
        1,
        1,
        1,
        1
    ],
    "p_tree": [
        [
            null,
            0
        ],
        [
            0,
            1
        ],
        [
            0,
            2
        ],
        [
            2,
            3
        ],
        [
            2,
            4
        ],
        [
            4,
            5
        ],
        [
            4,
            6
        ],
        [
            4,
            7
        ],
        [
            4,
            8
        ]
    ]
}