{
    "guid": "18452041_gab",
    "gt_cls": 1,
    "coalitions": [
        [
            "hey",
            "how",
            "about",
            "you",
            "go",
            "be",
            "a",
            "kike",
            "somewhere",
            "else",
            "schlomo",
            "sound",
            "good"
        ],
        [
            "hey",
            "how",
            "about",
            "you",
            "go",
            "be",
            "a",
            "kike",
            "somewhere",
            "else",
            "schlomo"
        ],
        [
            "sound",
            "good"
        ],
        [
            "hey"
        ],
        [
            "how"
        ],
        [
            "about",
            "you",
            "go",
            "be",
            "a",
            "kike",
            "somewhere",
            "else",
            "schlomo"
        ],
        [
            "sound"
        ],
        [
            "good"
        ],
        [
            "about",
            "you"
        ],
        [
            "go",
            "be",
            "a",
            "kike",
            "somewhere",
            "else",
            "schlomo"
        ],
        [
            "about"
        ],
        [
            "you"
        ],
        [
            "go"
        ],
        [
            "be",
            "a",
            "kike",
            "somewhere",
            "else",
            "schlomo"
        ],
        [
            "be"
        ],
        [
            "a",
            "kike",
            "somewhere",
            "else",
            "schlomo"
        ],
        [
            "a",
            "kike"
        ],
        [
            "somewhere",
            "else"
        ],
        [
            "schlomo"
        ],
        [
            "a"
        ],
        [
            "kike"
        ],
        [
            "somewhere"
        ],
        [
            "else"
        ]
    ],
    "value_func": [
        0.9999999930231023,
        0.8854116885767754,
        0.11305998718227848,
        0.109876863844714,
        0.04850431573991314,
        0.7256135443300642,
        0.05259328966975694,
        0.059893479132976164,
        0.08170234832609477,
        0.6427043487051904,
        0.04019654216206277,
        0.04134137858099151,
        0.03987453479323218,
        0.6015861954507928,
        0.043377139178002025,
        0.5568945569870746,
        0.31282803407624327,
        0.10297853343920121,
        0.13970595725230947,
        0.05311291296574857,
        0.2578318955898931,
        0.06573451755266828,
        0.03693625276045961
    ],
    "dividend_dir": [
        1,
        1,
        1,
        1,
        1,
        1,
        1,
        1,
        1,
        1,
        -1,
        1,
        -1,
        1,
        1,
        1,
        1,
        1,
        1,
        1,
        1,
        1,
        1
    ],
    "p_tree": [
        [
            null,
            0
        ],
        [
            0,
            1
        ],
        [
            0,
            2
        ],
        [
            1,
            3
        ],
        [
            1,
            4
        ],
        [
            1,
            5
        ],
        [
            2,
            6
        ],
        [
            2,
            7
        ],
        [
            5,
            8
        ],
        [
            5,
            9
        ],
        [
            8,
            10
        ],
        [
            8,
            11
        ],
        [
            9,
            12
        ],
        [
            9,
            13
        ],
        [
            13,
            14
        ],
        [
            13,
            15
        ],
        [
            15,
            16
        ],
        [
            15,
            17
        ],
        [
            15,
            18
        ],
        [
            16,
            19
        ],
        [
            16,
            20
        ],
        [
            17,
            21
        ],
        [
            17,
            22
        ]
    ]
}