{
    "guid": "18529253_gab",
    "gt_cls": 1,
    "coalitions": [
        [
            "fun",
            "fact",
            "did",
            "you",
            "know",
            "kardashian",
            "is",
            "armenian",
            "for",
            "nigger",
            "lover"
        ],
        [
            "fun",
            "fact"
        ],
        [
            "did",
            "you",
            "know",
            "kardashian",
            "is",
            "armenian",
            "for",
            "nigger",
            "lover"
        ],
        [
            "fun"
        ],
        [
            "fact"
        ],
        [
            "did"
        ],
        [
            "you"
        ],
        [
            "know",
            "kardashian",
            "is",
            "armenian",
            "for",
            "nigger",
            "lover"
        ],
        [
            "know"
        ],
        [
            "kardashian",
            "is",
            "armenian",
            "for",
            "nigger",
            "lover"
        ],
        [
            "kardashian",
            "is",
            "armenian",
            "for",
            "nigger",
            "lover"
        ],
        [
            "kardashian"
        ],
        [
            "is",
            "armenian",
            "for",
            "nigger",
            "lover"
        ],
        [
            "is"
        ],
        [
            "armenian",
            "for",
            "nigger",
            "lover"
        ],
        [
            "armenian"
        ],
        [
            "for",
            "nigger",
            "lover"
        ],
        [
            "for"
        ],
        [
            "nigger",
            "lover"
        ],
        [
            "nigger"
        ],
        [
            "lover"
        ]
    ],
    "value_func": [
        1.0000000141013103,
        0.1081982024401091,
        0.8911028727573946,
        0.05966416678462607,
        0.048416814153840124,
        0.030585711972111684,
        0.03654211669017993,
        0.8232684238887404,
        0.03502828651263664,
        0.7874480722720587,
        0.7866301456171934,
        0.1895634303807489,
        0.596248788581579,
        0.04075296351908284,
        0.5543680707247068,
        0.08057583058429582,
        0.4725552445146452,
        0.0585716115615452,
        0.41252143285854276,
        0.28640658787806544,
        0.12454939271549813
    ],
    "dividend_dir": [
        1,
        1,
        1,
        1,
        -1,
        -1,
        -1,
        1,
        1,
        1,
        1,
        -1,
        1,
        -1,
        1,
        -1,
        1,
        1,
        1,
        1,
        1
    ],
    "p_tree": [
        [
            null,
            0
        ],
        [
            0,
            1
        ],
        [
            0,
            2
        ],
        [
            1,
            3
        ],
        [
            1,
            4
        ],
        [
            2,
            5
        ],
        [
            2,
            6
        ],
        [
            2,
            7
        ],
        [
            7,
            8
        ],
        [
            7,
            9
        ],
        [
            9,
            10
        ],
        [
            10,
            11
        ],
        [
            10,
            12
        ],
        [
            12,
            13
        ],
        [
            12,
            14
        ],
        [
            14,
            15
        ],
        [
            14,
            16
        ],
        [
            16,
            17
        ],
        [
            16,
            18
        ],
        [
            18,
            19
        ],
        [
            18,
            20
        ]
    ]
}