{
    "guid": "18793244_gab",
    "gt_cls": 1,
    "coalitions": [
        [
            "the",
            "koch",
            "faggots",
            "and",
            "friends",
            "should",
            "be",
            "ovened"
        ],
        [
            "the",
            "koch",
            "faggots",
            "and",
            "friends"
        ],
        [
            "should",
            "be",
            "ovened"
        ],
        [
            "the"
        ],
        [
            "koch"
        ],
        [
            "faggots"
        ],
        [
            "and"
        ],
        [
            "friends"
        ],
        [
            "should"
        ],
        [
            "be",
            "ovened"
        ],
        [
            "be"
        ],
        [
            "ovened"
        ]
    ],
    "value_func": [
        1.0000000157099709,
        0.6373763161329113,
        0.3613610215143604,
        0.0648078470405464,
        0.13843112728955217,
        0.30879397315663376,
        0.05422429639374771,
        0.06974565540672614,
        0.05123168185021552,
        0.30985108310899706,
        0.05667738971616079,
        0.25291887734423774
    ],
    "dividend_dir": [
        1,
        1,
        1,
        1,
        1,
        1,
        -1,
        1,
        1,
        1,
        -1,
        1
    ],
    "p_tree": [
        [
            null,
            0
        ],
        [
            0,
            1
        ],
        [
            0,
            2
        ],
        [
            1,
            3
        ],
        [
            1,
            4
        ],
        [
            1,
            5
        ],
        [
            1,
            6
        ],
        [
            1,
            7
        ],
        [
            2,
            8
        ],
        [
            2,
            9
        ],
        [
            9,
            10
        ],
        [
            9,
            11
        ]
    ]
}