{
    "guid": "18830189_gab",
    "gt_cls": 1,
    "coalitions": [
        [
            "this",
            "coon",
            "is",
            "full",
            "of",
            "shit"
        ],
        [
            "this",
            "coon"
        ],
        [
            "is",
            "full",
            "of",
            "shit"
        ],
        [
            "this"
        ],
        [
            "coon"
        ],
        [
            "is"
        ],
        [
            "full",
            "of",
            "shit"
        ],
        [
            "full"
        ],
        [
            "of",
            "shit"
        ],
        [
            "of"
        ],
        [
            "shit"
        ]
    ],
    "value_func": [
        1.0000000081955132,
        0.5395496110813663,
        0.4580338940784367,
        0.09623004109950248,
        0.44036822710758944,
        0.10151999027260052,
        0.35588782240746825,
        0.10350260251760349,
        0.2514000831880345,
        0.09047870297685641,
        0.15957072487742968
    ],
    "dividend_dir": [
        1,
        1,
        1,
        1,
        1,
        -1,
        1,
        -1,
        1,
        -1,
        1
    ],
    "p_tree": [
        [
            null,
            0
        ],
        [
            0,
            1
        ],
        [
            0,
            2
        ],
        [
            1,
            3
        ],
        [
            1,
            4
        ],
        [
            2,
            5
        ],
        [
            2,
            6
        ],
        [
            6,
            7
        ],
        [
            6,
            8
        ],
        [
            8,
            9
        ],
        [
            8,
            10
        ]
    ]
}