{
    "guid": "18869501_gab",
    "gt_cls": 1,
    "coalitions": [
        [
            "what",
            "the",
            "fuck",
            "is",
            "a",
            "snow",
            "nigger"
        ],
        [
            "what"
        ],
        [
            "the",
            "fuck",
            "is",
            "a",
            "snow",
            "nigger"
        ],
        [
            "the",
            "fuck"
        ],
        [
            "is",
            "a",
            "snow",
            "nigger"
        ],
        [
            "the"
        ],
        [
            "fuck"
        ],
        [
            "is"
        ],
        [
            "a",
            "snow",
            "nigger"
        ],
        [
            "a",
            "snow"
        ],
        [
            "nigger"
        ],
        [
            "a"
        ],
        [
            "snow"
        ]
    ],
    "value_func": [
        1.0000000629439696,
        0.07396417662190344,
        0.923142385753083,
        0.17914401354814224,
        0.7412626597192189,
        0.0843699363480394,
        0.09407980111877691,
        0.0691085564567229,
        0.669372351487244,
        0.25832946372104953,
        0.40784724556703095,
        0.08038748062582224,
        0.17680395606590957
    ],
    "dividend_dir": [
        1,
        1,
        1,
        1,
        1,
        1,
        1,
        -1,
        1,
        1,
        1,
        1,
        1
    ],
    "p_tree": [
        [
            null,
            0
        ],
        [
            0,
            1
        ],
        [
            0,
            2
        ],
        [
            2,
            3
        ],
        [
            2,
            4
        ],
        [
            3,
            5
        ],
        [
            3,
            6
        ],
        [
            4,
            7
        ],
        [
            4,
            8
        ],
        [
            8,
            9
        ],
        [
            8,
            10
        ],
        [
            9,
            11
        ],
        [
            9,
            12
        ]
    ]
}