{
    "guid": "18943330_gab",
    "gt_cls": 1,
    "coalitions": [
        [
            "the",
            "muzzie",
            "loving",
            "natsoc",
            "get",
            "the1",
            "sword"
        ],
        [
            "the",
            "muzzie",
            "loving",
            "natsoc"
        ],
        [
            "get",
            "the1",
            "sword"
        ],
        [
            "the",
            "muzzie"
        ],
        [
            "loving",
            "natsoc"
        ],
        [
            "get"
        ],
        [
            "the1",
            "sword"
        ],
        [
            "the"
        ],
        [
            "muzzie"
        ],
        [
            "loving"
        ],
        [
            "natsoc"
        ],
        [
            "the1"
        ],
        [
            "sword"
        ]
    ],
    "value_func": [
        0.9999999676568573,
        0.7584635247106877,
        0.2393948684644944,
        0.41046421027870833,
        0.3461856812358943,
        0.08559604291266072,
        0.15265813744009132,
        0.05750407151127444,
        0.35139318920857715,
        0.12439714094431054,
        0.2207817532354836,
        0.06032498140041519,
        0.09182299928704972
    ],
    "dividend_dir": [
        1,
        1,
        1,
        1,
        1,
        1,
        1,
        1,
        1,
        1,
        1,
        1,
        1
    ],
    "p_tree": [
        [
            null,
            0
        ],
        [
            0,
            1
        ],
        [
            0,
            2
        ],
        [
            1,
            3
        ],
        [
            1,
            4
        ],
        [
            2,
            5
        ],
        [
            2,
            6
        ],
        [
            3,
            7
        ],
        [
            3,
            8
        ],
        [
            4,
            9
        ],
        [
            4,
            10
        ],
        [
            6,
            11
        ],
        [
            6,
            12
        ]
    ]
}