{
    "guid": "1902424_gab",
    "gt_cls": 0,
    "coalitions": [
        [
            "<user>",
            "it",
            "actually",
            "country",
            "but",
            "ghetto",
            "stole",
            "it1"
        ],
        [
            "<user>"
        ],
        [
            "it",
            "actually",
            "country",
            "but",
            "ghetto",
            "stole",
            "it1"
        ],
        [
            "it",
            "actually",
            "country"
        ],
        [
            "but"
        ],
        [
            "ghetto",
            "stole",
            "it1"
        ],
        [
            "it"
        ],
        [
            "actually"
        ],
        [
            "country"
        ],
        [
            "ghetto"
        ],
        [
            "stole",
            "it1"
        ],
        [
            "stole"
        ],
        [
            "it1"
        ]
    ],
    "value_func": [
        0.9999999761209187,
        0.11611366638971475,
        0.8834857426006634,
        0.3295387954989491,
        0.08447711267149162,
        0.4691252978132546,
        0.08546867443817116,
        0.11789772834701757,
        0.12564592354944623,
        0.2273960620771859,
        0.2414397959282347,
        0.15861352236433723,
        0.082660346156627
    ],
    "dividend_dir": [
        1,
        1,
        1,
        1,
        1,
        -1,
        1,
        1,
        1,
        -1,
        -1,
        -1,
        1
    ],
    "p_tree": [
        [
            null,
            0
        ],
        [
            0,
            1
        ],
        [
            0,
            2
        ],
        [
            2,
            3
        ],
        [
            2,
            4
        ],
        [
            2,
            5
        ],
        [
            3,
            6
        ],
        [
            3,
            7
        ],
        [
            3,
            8
        ],
        [
            5,
            9
        ],
        [
            5,
            10
        ],
        [
            10,
            11
        ],
        [
            10,
            12
        ]
    ]
}