{
    "guid": "19115010_gab",
    "gt_cls": 1,
    "coalitions": [
        [
            "black",
            "be",
            "bootyful",
            "sheboons",
            "something",
            "even",
            "their",
            "gorillas",
            "dont",
            "want",
            "nobody",
            "wants"
        ],
        [
            "black",
            "be",
            "bootyful",
            "sheboons"
        ],
        [
            "something",
            "even",
            "their",
            "gorillas",
            "dont",
            "want",
            "nobody",
            "wants"
        ],
        [
            "black",
            "be",
            "bootyful"
        ],
        [
            "sheboons"
        ],
        [
            "something"
        ],
        [
            "even",
            "their",
            "gorillas",
            "dont",
            "want",
            "nobody",
            "wants"
        ],
        [
            "black",
            "be"
        ],
        [
            "bootyful"
        ],
        [
            "even",
            "their",
            "gorillas",
            "dont",
            "want",
            "nobody",
            "wants"
        ],
        [
            "black"
        ],
        [
            "be"
        ],
        [
            "even",
            "their",
            "gorillas"
        ],
        [
            "dont",
            "want",
            "nobody",
            "wants"
        ],
        [
            "even"
        ],
        [
            "their"
        ],
        [
            "gorillas"
        ],
        [
            "dont"
        ],
        [
            "want",
            "nobody",
            "wants"
        ],
        [
            "want"
        ],
        [
            "nobody",
            "wants"
        ],
        [
            "nobody",
            "wants"
        ],
        [
            "nobody"
        ],
        [
            "wants"
        ]
    ],
    "value_func": [
        0.9999999966282792,
        0.5811457609964701,
        0.4180834382321022,
        0.2992953055424447,
        0.2810498005661767,
        0.040498829717181196,
        0.37727646325093744,
        0.10081175065874069,
        0.1983273531914084,
        0.3769052451070434,
        0.05821242170065193,
        0.04246687803420941,
        0.17636907810175476,
        0.20016494886139452,
        0.026919934617644872,
        0.034756406156160415,
        0.11431304629634113,
        0.08474243669153672,
        0.1152646134577397,
        0.03818863790264991,
        0.07691198656306875,
        0.0767817013458383,
        0.036225454509436594,
        0.040425961619171245
    ],
    "dividend_dir": [
        1,
        1,
        1,
        1,
        1,
        -1,
        1,
        1,
        1,
        1,
        1,
        -1,
        1,
        1,
        -1,
        -1,
        1,
        1,
        1,
        1,
        1,
        1,
        1,
        1
    ],
    "p_tree": [
        [
            null,
            0
        ],
        [
            0,
            1
        ],
        [
            0,
            2
        ],
        [
            1,
            3
        ],
        [
            1,
            4
        ],
        [
            2,
            5
        ],
        [
            2,
            6
        ],
        [
            3,
            7
        ],
        [
            3,
            8
        ],
        [
            6,
            9
        ],
        [
            7,
            10
        ],
        [
            7,
            11
        ],
        [
            9,
            12
        ],
        [
            9,
            13
        ],
        [
            12,
            14
        ],
        [
            12,
            15
        ],
        [
            12,
            16
        ],
        [
            13,
            17
        ],
        [
            13,
            18
        ],
        [
            18,
            19
        ],
        [
            18,
            20
        ],
        [
            20,
            21
        ],
        [
            21,
            22
        ],
        [
            21,
            23
        ]
    ]
}