{
    "guid": "19399571_gab",
    "gt_cls": 1,
    "coalitions": [
        [
            "you",
            "are",
            "an",
            "illiterate",
            "kike",
            "apparently",
            "ey",
            "<wink>"
        ],
        [
            "you"
        ],
        [
            "are",
            "an",
            "illiterate",
            "kike",
            "apparently",
            "ey",
            "<wink>"
        ],
        [
            "are"
        ],
        [
            "an",
            "illiterate",
            "kike",
            "apparently",
            "ey",
            "<wink>"
        ],
        [
            "an",
            "illiterate",
            "kike"
        ],
        [
            "apparently",
            "ey",
            "<wink>"
        ],
        [
            "an"
        ],
        [
            "illiterate"
        ],
        [
            "kike"
        ],
        [
            "apparently"
        ],
        [
            "ey"
        ],
        [
            "<wink>"
        ]
    ],
    "value_func": [
        0.9999999740507358,
        0.07548193114346159,
        0.9222917628924214,
        0.05001806078139334,
        0.8702214379567265,
        0.6197571354166719,
        0.24828199776272294,
        0.04877730116357396,
        0.20385926997847695,
        0.36467076496868756,
        0.07937884909445726,
        0.10560150103851874,
        0.06300848228838173
    ],
    "dividend_dir": [
        1,
        1,
        1,
        -1,
        1,
        1,
        1,
        1,
        1,
        1,
        1,
        -1,
        1
    ],
    "p_tree": [
        [
            null,
            0
        ],
        [
            0,
            1
        ],
        [
            0,
            2
        ],
        [
            2,
            3
        ],
        [
            2,
            4
        ],
        [
            4,
            5
        ],
        [
            4,
            6
        ],
        [
            5,
            7
        ],
        [
            5,
            8
        ],
        [
            5,
            9
        ],
        [
            6,
            10
        ],
        [
            6,
            11
        ],
        [
            6,
            12
        ]
    ]
}