{
    "guid": "19404399_gab",
    "gt_cls": 1,
    "coalitions": [
        [
            "whoopi",
            "goldberk",
            "aka",
            "caryn",
            "johnson",
            "is",
            "a",
            "stupid",
            "nigger",
            "with",
            "no",
            "brain"
        ],
        [
            "whoopi",
            "goldberk",
            "aka",
            "caryn",
            "johnson"
        ],
        [
            "is",
            "a",
            "stupid",
            "nigger",
            "with",
            "no",
            "brain"
        ],
        [
            "whoopi",
            "goldberk"
        ],
        [
            "aka"
        ],
        [
            "caryn"
        ],
        [
            "johnson"
        ],
        [
            "is"
        ],
        [
            "a",
            "stupid",
            "nigger",
            "with",
            "no",
            "brain"
        ],
        [
            "whoopi"
        ],
        [
            "goldberk"
        ],
        [
            "a",
            "stupid",
            "nigger"
        ],
        [
            "with",
            "no",
            "brain"
        ],
        [
            "a"
        ],
        [
            "stupid"
        ],
        [
            "nigger"
        ],
        [
            "with"
        ],
        [
            "no",
            "brain"
        ],
        [
            "no"
        ],
        [
            "brain"
        ]
    ],
    "value_func": [
        1.0000000217117964,
        0.4290229777767741,
        0.5698156870122975,
        0.2329145401937974,
        0.06747809126351316,
        0.08906930038763253,
        0.03909828170713284,
        0.039530664199904586,
        0.5290523800678298,
        0.13233788292035742,
        0.10023156621369572,
        0.3703269718967424,
        0.15735249109725571,
        0.041759457176688886,
        0.10570121045742611,
        0.22140654809276797,
        0.04075860197002627,
        0.11617313117492253,
        0.036182466964901926,
        0.07956455569585263
    ],
    "dividend_dir": [
        1,
        1,
        1,
        1,
        1,
        1,
        1,
        -1,
        1,
        1,
        1,
        1,
        1,
        1,
        1,
        1,
        1,
        1,
        -1,
        1
    ],
    "p_tree": [
        [
            null,
            0
        ],
        [
            0,
            1
        ],
        [
            0,
            2
        ],
        [
            1,
            3
        ],
        [
            1,
            4
        ],
        [
            1,
            5
        ],
        [
            1,
            6
        ],
        [
            2,
            7
        ],
        [
            2,
            8
        ],
        [
            3,
            9
        ],
        [
            3,
            10
        ],
        [
            8,
            11
        ],
        [
            8,
            12
        ],
        [
            11,
            13
        ],
        [
            11,
            14
        ],
        [
            11,
            15
        ],
        [
            12,
            16
        ],
        [
            12,
            17
        ],
        [
            17,
            18
        ],
        [
            17,
            19
        ]
    ]
}