{
    "guid": "19624242_gab",
    "gt_cls": 1,
    "coalitions": [
        [
            "how",
            "about",
            "i",
            "fire",
            "a",
            "lime",
            "off",
            "ya",
            "head",
            "you",
            "filthy",
            "paki",
            "bastard"
        ],
        [
            "how",
            "about"
        ],
        [
            "i",
            "fire",
            "a",
            "lime",
            "off",
            "ya",
            "head",
            "you",
            "filthy",
            "paki",
            "bastard"
        ],
        [
            "how"
        ],
        [
            "about"
        ],
        [
            "i"
        ],
        [
            "fire",
            "a",
            "lime",
            "off",
            "ya",
            "head",
            "you",
            "filthy",
            "paki",
            "bastard"
        ],
        [
            "fire"
        ],
        [
            "a",
            "lime"
        ],
        [
            "off",
            "ya",
            "head"
        ],
        [
            "you",
            "filthy",
            "paki",
            "bastard"
        ],
        [
            "a"
        ],
        [
            "lime"
        ],
        [
            "off"
        ],
        [
            "ya",
            "head"
        ],
        [
            "you"
        ],
        [
            "filthy",
            "paki",
            "bastard"
        ],
        [
            "ya"
        ],
        [
            "head"
        ],
        [
            "filthy"
        ],
        [
            "paki"
        ],
        [
            "bastard"
        ]
    ],
    "value_func": [
        1.0000000130696678,
        0.0744525045053073,
        0.9242546958799597,
        0.03959016810850141,
        0.034708701092518626,
        0.038128557196577,
        0.8847929580400403,
        0.0605075362918305,
        0.159072913750506,
        0.12081394861039677,
        0.5429964708478117,
        0.04107424043446257,
        0.11781046934596674,
        0.04349794270224095,
        0.0770941686639315,
        0.046499934673430963,
        0.49462203761318235,
        0.040669917345640544,
        0.03627021379931786,
        0.08888842884421912,
        0.2675189524270317,
        0.13616296837826072
    ],
    "dividend_dir": [
        1,
        1,
        1,
        1,
        -1,
        -1,
        1,
        -1,
        1,
        1,
        1,
        -1,
        1,
        1,
        1,
        1,
        1,
        1,
        1,
        1,
        1,
        1
    ],
    "p_tree": [
        [
            null,
            0
        ],
        [
            0,
            1
        ],
        [
            0,
            2
        ],
        [
            1,
            3
        ],
        [
            1,
            4
        ],
        [
            2,
            5
        ],
        [
            2,
            6
        ],
        [
            6,
            7
        ],
        [
            6,
            8
        ],
        [
            6,
            9
        ],
        [
            6,
            10
        ],
        [
            8,
            11
        ],
        [
            8,
            12
        ],
        [
            9,
            13
        ],
        [
            9,
            14
        ],
        [
            10,
            15
        ],
        [
            10,
            16
        ],
        [
            14,
            17
        ],
        [
            14,
            18
        ],
        [
            16,
            19
        ],
        [
            16,
            20
        ],
        [
            16,
            21
        ]
    ]
}