{
    "guid": "19792641_gab",
    "gt_cls": 1,
    "coalitions": [
        [
            "ovomits",
            "a",
            "nigger",
            "and",
            "a1",
            "half",
            "nigger1"
        ],
        [
            "ovomits"
        ],
        [
            "a",
            "nigger",
            "and",
            "a1",
            "half",
            "nigger1"
        ],
        [
            "a",
            "nigger"
        ],
        [
            "and"
        ],
        [
            "a1",
            "half",
            "nigger1"
        ],
        [
            "a"
        ],
        [
            "nigger"
        ],
        [
            "a1"
        ],
        [
            "half"
        ],
        [
            "nigger1"
        ]
    ],
    "value_func": [
        0.9999999942214903,
        0.32845857578261856,
        0.6701919170062597,
        0.3143627095441514,
        0.04888299658037243,
        0.3053684206558655,
        0.07195988704690273,
        0.24081668585004565,
        0.04325339530947112,
        0.06031142062849782,
        0.20087538695876736
    ],
    "dividend_dir": [
        1,
        1,
        1,
        1,
        -1,
        1,
        1,
        1,
        1,
        -1,
        1
    ],
    "p_tree": [
        [
            null,
            0
        ],
        [
            0,
            1
        ],
        [
            0,
            2
        ],
        [
            2,
            3
        ],
        [
            2,
            4
        ],
        [
            2,
            5
        ],
        [
            3,
            6
        ],
        [
            3,
            7
        ],
        [
            5,
            8
        ],
        [
            5,
            9
        ],
        [
            5,
            10
        ]
    ]
}