{
    "guid": "19838726_gab",
    "gt_cls": 1,
    "coalitions": [
        [
            "anytime",
            "bro",
            "rekt",
            "the",
            "kike",
            "christ",
            "cuck",
            "fuckers",
            "shits",
            "about",
            "to",
            "get",
            "real"
        ],
        [
            "anytime"
        ],
        [
            "bro",
            "rekt",
            "the",
            "kike",
            "christ",
            "cuck",
            "fuckers",
            "shits",
            "about",
            "to",
            "get",
            "real"
        ],
        [
            "bro"
        ],
        [
            "rekt"
        ],
        [
            "the",
            "kike",
            "christ",
            "cuck",
            "fuckers",
            "shits",
            "about",
            "to",
            "get",
            "real"
        ],
        [
            "the",
            "kike",
            "christ",
            "cuck",
            "fuckers",
            "shits"
        ],
        [
            "about",
            "to",
            "get",
            "real"
        ],
        [
            "the"
        ],
        [
            "kike"
        ],
        [
            "christ"
        ],
        [
            "cuck",
            "fuckers"
        ],
        [
            "shits"
        ],
        [
            "about"
        ],
        [
            "to",
            "get",
            "real"
        ],
        [
            "cuck"
        ],
        [
            "fuckers"
        ],
        [
            "to",
            "get",
            "real"
        ],
        [
            "to"
        ],
        [
            "get",
            "real"
        ],
        [
            "get"
        ],
        [
            "real"
        ]
    ],
    "value_func": [
        1.0000000075201252,
        0.09125447348107851,
        0.9070777479291011,
        0.06840242433125052,
        0.09463376712983287,
        0.74247665300969,
        0.5953697564937038,
        0.14548917725865704,
        0.04628107977049982,
        0.19232809587016678,
        0.05830009781037905,
        0.2117473039231502,
        0.08497678914796539,
        0.0364739953959476,
        0.10874653632448289,
        0.09126054855824603,
        0.119631857426012,
        0.10854489181523634,
        0.02852892479882673,
        0.07981432250716305,
        0.03605940095050857,
        0.04356732018411117
    ],
    "dividend_dir": [
        1,
        1,
        1,
        1,
        1,
        1,
        1,
        1,
        1,
        1,
        1,
        1,
        1,
        1,
        1,
        1,
        1,
        1,
        1,
        1,
        1,
        1
    ],
    "p_tree": [
        [
            null,
            0
        ],
        [
            0,
            1
        ],
        [
            0,
            2
        ],
        [
            2,
            3
        ],
        [
            2,
            4
        ],
        [
            2,
            5
        ],
        [
            5,
            6
        ],
        [
            5,
            7
        ],
        [
            6,
            8
        ],
        [
            6,
            9
        ],
        [
            6,
            10
        ],
        [
            6,
            11
        ],
        [
            6,
            12
        ],
        [
            7,
            13
        ],
        [
            7,
            14
        ],
        [
            11,
            15
        ],
        [
            11,
            16
        ],
        [
            14,
            17
        ],
        [
            17,
            18
        ],
        [
            17,
            19
        ],
        [
            19,
            20
        ],
        [
            19,
            21
        ]
    ]
}