{
    "guid": "19839354_gab",
    "gt_cls": 1,
    "coalitions": [
        [
            "let",
            "us",
            "help",
            "the",
            "nigger",
            "sows",
            "pack"
        ],
        [
            "let",
            "us",
            "help",
            "the",
            "nigger",
            "sows",
            "pack"
        ],
        [
            "let"
        ],
        [
            "us",
            "help",
            "the",
            "nigger",
            "sows",
            "pack"
        ],
        [
            "us"
        ],
        [
            "help",
            "the",
            "nigger",
            "sows",
            "pack"
        ],
        [
            "help"
        ],
        [
            "the",
            "nigger",
            "sows"
        ],
        [
            "pack"
        ],
        [
            "the"
        ],
        [
            "nigger"
        ],
        [
            "sows"
        ]
    ],
    "value_func": [
        1.0000000443439894,
        0.9972279632622133,
        0.09916229728669546,
        0.8952935848937419,
        0.11459023624633874,
        0.7782214286087753,
        0.09487238834725717,
        0.5881195458299688,
        0.09262206543411658,
        0.08948814366258412,
        0.3199079630843386,
        0.17632621382637348
    ],
    "dividend_dir": [
        1,
        1,
        1,
        1,
        1,
        1,
        1,
        1,
        1,
        1,
        1,
        1
    ],
    "p_tree": [
        [
            null,
            0
        ],
        [
            0,
            1
        ],
        [
            1,
            2
        ],
        [
            1,
            3
        ],
        [
            3,
            4
        ],
        [
            3,
            5
        ],
        [
            5,
            6
        ],
        [
            5,
            7
        ],
        [
            5,
            8
        ],
        [
            7,
            9
        ],
        [
            7,
            10
        ],
        [
            7,
            11
        ]
    ]
}