{
    "guid": "19840406_gab",
    "gt_cls": 1,
    "coalitions": [
        [
            "koko",
            "probably",
            "the",
            "father",
            "of",
            "these",
            "nigger",
            "kids"
        ],
        [
            "koko"
        ],
        [
            "probably"
        ],
        [
            "the",
            "father",
            "of",
            "these",
            "nigger",
            "kids"
        ],
        [
            "the",
            "father"
        ],
        [
            "of",
            "these",
            "nigger",
            "kids"
        ],
        [
            "the"
        ],
        [
            "father"
        ],
        [
            "of"
        ],
        [
            "these",
            "nigger",
            "kids"
        ],
        [
            "these"
        ],
        [
            "nigger"
        ],
        [
            "kids"
        ]
    ],
    "value_func": [
        1.0000000419615371,
        0.1867069490764636,
        0.07319617796082262,
        0.7378885780590589,
        0.14065595937477957,
        0.5952139135376934,
        0.06525489229709341,
        0.0752934424186614,
        0.05392786630330175,
        0.5388497333454473,
        0.08659806628802749,
        0.32901822386266966,
        0.12052244015009271
    ],
    "dividend_dir": [
        1,
        1,
        1,
        1,
        -1,
        1,
        -1,
        1,
        -1,
        1,
        1,
        1,
        1
    ],
    "p_tree": [
        [
            null,
            0
        ],
        [
            0,
            1
        ],
        [
            0,
            2
        ],
        [
            0,
            3
        ],
        [
            3,
            4
        ],
        [
            3,
            5
        ],
        [
            4,
            6
        ],
        [
            4,
            7
        ],
        [
            5,
            8
        ],
        [
            5,
            9
        ],
        [
            9,
            10
        ],
        [
            9,
            11
        ],
        [
            9,
            12
        ]
    ]
}