{
    "guid": "19900230_gab",
    "gt_cls": 1,
    "coalitions": [
        [
            "filthy",
            "kike",
            "matt",
            "drudge",
            "throws",
            "in",
            "his",
            "two",
            "sheckels"
        ],
        [
            "filthy",
            "kike",
            "matt",
            "drudge"
        ],
        [
            "throws",
            "in",
            "his",
            "two",
            "sheckels"
        ],
        [
            "filthy"
        ],
        [
            "kike",
            "matt"
        ],
        [
            "drudge"
        ],
        [
            "throws"
        ],
        [
            "in"
        ],
        [
            "his",
            "two",
            "sheckels"
        ],
        [
            "kike"
        ],
        [
            "matt"
        ],
        [
            "his"
        ],
        [
            "two"
        ],
        [
            "sheckels"
        ]
    ],
    "value_func": [
        0.9999999974922581,
        0.5916510394425969,
        0.40649787092944206,
        0.06357329648218091,
        0.4074091414345616,
        0.11822295637621172,
        0.06873440163968564,
        0.043165930935558476,
        0.29435546406487584,
        0.32897007292700636,
        0.07574371131270168,
        0.04548023887328353,
        0.05530816180773363,
        0.19325235323130027
    ],
    "dividend_dir": [
        1,
        1,
        1,
        1,
        1,
        1,
        1,
        -1,
        1,
        1,
        -1,
        -1,
        1,
        1
    ],
    "p_tree": [
        [
            null,
            0
        ],
        [
            0,
            1
        ],
        [
            0,
            2
        ],
        [
            1,
            3
        ],
        [
            1,
            4
        ],
        [
            1,
            5
        ],
        [
            2,
            6
        ],
        [
            2,
            7
        ],
        [
            2,
            8
        ],
        [
            4,
            9
        ],
        [
            4,
            10
        ],
        [
            8,
            11
        ],
        [
            8,
            12
        ],
        [
            8,
            13
        ]
    ]
}