{
    "guid": "19956346_gab",
    "gt_cls": 1,
    "coalitions": [
        [
            "note",
            "no",
            "nigger",
            "was",
            "harmed",
            "during",
            "the",
            "making",
            "of",
            "this",
            "film"
        ],
        [
            "note"
        ],
        [
            "no",
            "nigger",
            "was",
            "harmed",
            "during",
            "the",
            "making",
            "of",
            "this",
            "film"
        ],
        [
            "no",
            "nigger",
            "was",
            "harmed",
            "during",
            "the",
            "making",
            "of",
            "this",
            "film"
        ],
        [
            "no",
            "nigger"
        ],
        [
            "was",
            "harmed",
            "during",
            "the",
            "making",
            "of",
            "this",
            "film"
        ],
        [
            "no"
        ],
        [
            "nigger"
        ],
        [
            "was"
        ],
        [
            "harmed",
            "during",
            "the",
            "making",
            "of",
            "this",
            "film"
        ],
        [
            "harmed"
        ],
        [
            "during",
            "the",
            "making",
            "of",
            "this",
            "film"
        ],
        [
            "during"
        ],
        [
            "the",
            "making",
            "of",
            "this",
            "film"
        ],
        [
            "the",
            "making"
        ],
        [
            "of",
            "this",
            "film"
        ],
        [
            "the"
        ],
        [
            "making"
        ],
        [
            "of"
        ],
        [
            "this",
            "film"
        ],
        [
            "this"
        ],
        [
            "film"
        ]
    ],
    "value_func": [
        1.000000033722014,
        0.08550162681301432,
        0.9129128009293157,
        0.9114863961769486,
        0.4659919379144774,
        0.44406805351010414,
        0.07719111738818585,
        0.3862475501308018,
        0.06398446236245649,
        0.3800716974595878,
        0.09113582422162063,
        0.2887611013457439,
        0.04480154749201734,
        0.24390121213095778,
        0.07448609230971476,
        0.16928670503864057,
        0.03378511849424816,
        0.040688891990775695,
        0.03320286774413986,
        0.13590829221912,
        0.04897261474043107,
        0.0866565295163039
    ],
    "dividend_dir": [
        1,
        1,
        1,
        1,
        1,
        1,
        1,
        1,
        -1,
        1,
        1,
        1,
        -1,
        1,
        -1,
        1,
        -1,
        1,
        -1,
        1,
        -1,
        1
    ],
    "p_tree": [
        [
            null,
            0
        ],
        [
            0,
            1
        ],
        [
            0,
            2
        ],
        [
            2,
            3
        ],
        [
            3,
            4
        ],
        [
            3,
            5
        ],
        [
            4,
            6
        ],
        [
            4,
            7
        ],
        [
            5,
            8
        ],
        [
            5,
            9
        ],
        [
            9,
            10
        ],
        [
            9,
            11
        ],
        [
            11,
            12
        ],
        [
            11,
            13
        ],
        [
            13,
            14
        ],
        [
            13,
            15
        ],
        [
            14,
            16
        ],
        [
            14,
            17
        ],
        [
            15,
            18
        ],
        [
            15,
            19
        ],
        [
            19,
            20
        ],
        [
            19,
            21
        ]
    ]
}