{
    "guid": "20069758_gab",
    "gt_cls": 1,
    "coalitions": [
        [
            "hating",
            "beaners",
            "is",
            "so",
            "easy"
        ],
        [
            "hating",
            "beaners"
        ],
        [
            "is",
            "so",
            "easy"
        ],
        [
            "hating",
            "beaners"
        ],
        [
            "is"
        ],
        [
            "so",
            "easy"
        ],
        [
            "hating"
        ],
        [
            "beaners"
        ],
        [
            "so"
        ],
        [
            "easy"
        ]
    ],
    "value_func": [
        1.000000008099709,
        0.6547917427847235,
        0.3419352283616684,
        0.6504163450887701,
        0.10489558278480464,
        0.23673288038094967,
        0.11799446209463679,
        0.5280464852981799,
        0.08776297253973167,
        0.14820686856306972
    ],
    "dividend_dir": [
        1,
        1,
        1,
        1,
        -1,
        1,
        1,
        1,
        -1,
        1
    ],
    "p_tree": [
        [
            null,
            0
        ],
        [
            0,
            1
        ],
        [
            0,
            2
        ],
        [
            1,
            3
        ],
        [
            2,
            4
        ],
        [
            2,
            5
        ],
        [
            3,
            6
        ],
        [
            3,
            7
        ],
        [
            5,
            8
        ],
        [
            5,
            9
        ]
    ]
}