{
    "guid": "20149987_gab",
    "gt_cls": 1,
    "coalitions": [
        [
            "why",
            "the",
            "second",
            "greatest",
            "film",
            "ever",
            "produced",
            "after",
            "nigger",
            "kitty"
        ],
        [
            "why"
        ],
        [
            "the",
            "second",
            "greatest",
            "film",
            "ever",
            "produced",
            "after",
            "nigger",
            "kitty"
        ],
        [
            "the",
            "second",
            "greatest",
            "film"
        ],
        [
            "ever"
        ],
        [
            "produced",
            "after",
            "nigger",
            "kitty"
        ],
        [
            "the"
        ],
        [
            "second"
        ],
        [
            "greatest"
        ],
        [
            "film"
        ],
        [
            "produced"
        ],
        [
            "after",
            "nigger",
            "kitty"
        ],
        [
            "after"
        ],
        [
            "nigger",
            "kitty"
        ],
        [
            "nigger"
        ],
        [
            "kitty"
        ]
    ],
    "value_func": [
        0.9999999947147208,
        0.06516874347720975,
        0.933785673039436,
        0.23695184339283215,
        0.044569083992671676,
        0.6512684063561783,
        0.04207107912283465,
        0.05233413514768413,
        0.07453808621925538,
        0.06796672638486694,
        0.04897885147152721,
        0.6008736681721014,
        0.059859105492569134,
        0.5394115176704215,
        0.38763605069280477,
        0.14981983945549662
    ],
    "dividend_dir": [
        1,
        1,
        1,
        -1,
        1,
        1,
        -1,
        -1,
        1,
        -1,
        -1,
        1,
        -1,
        1,
        1,
        1
    ],
    "p_tree": [
        [
            null,
            0
        ],
        [
            0,
            1
        ],
        [
            0,
            2
        ],
        [
            2,
            3
        ],
        [
            2,
            4
        ],
        [
            2,
            5
        ],
        [
            3,
            6
        ],
        [
            3,
            7
        ],
        [
            3,
            8
        ],
        [
            3,
            9
        ],
        [
            5,
            10
        ],
        [
            5,
            11
        ],
        [
            11,
            12
        ],
        [
            11,
            13
        ],
        [
            13,
            14
        ],
        [
            13,
            15
        ]
    ]
}