{
    "guid": "20318223_gab",
    "gt_cls": 0,
    "coalitions": [
        [
            "the",
            "heeb",
            "fears",
            "the1",
            "muramasa"
        ],
        [
            "the",
            "heeb"
        ],
        [
            "fears",
            "the1",
            "muramasa"
        ],
        [
            "the"
        ],
        [
            "heeb"
        ],
        [
            "fears"
        ],
        [
            "the1",
            "muramasa"
        ],
        [
            "the1"
        ],
        [
            "muramasa"
        ]
    ],
    "value_func": [
        1.0000000173294732,
        0.40007092524438265,
        0.5995911482783827,
        0.06996794043394608,
        0.32984306063862395,
        0.13879147387561466,
        0.4605728347772971,
        0.06004410054089984,
        0.40051221548421884
    ],
    "dividend_dir": [
        1,
        1,
        1,
        1,
        1,
        1,
        1,
        -1,
        1
    ],
    "p_tree": [
        [
            null,
            0
        ],
        [
            0,
            1
        ],
        [
            0,
            2
        ],
        [
            1,
            3
        ],
        [
            1,
            4
        ],
        [
            2,
            5
        ],
        [
            2,
            6
        ],
        [
            6,
            7
        ],
        [
            6,
            8
        ]
    ]
}