{
    "guid": "20339304_gab",
    "gt_cls": 1,
    "coalitions": [
        [
            "libtards",
            "are",
            "allowing",
            "jews",
            "and",
            "people",
            "of",
            "color",
            "to",
            "ruin",
            "america"
        ],
        [
            "libtards"
        ],
        [
            "are",
            "allowing",
            "jews",
            "and",
            "people",
            "of",
            "color",
            "to",
            "ruin",
            "america"
        ],
        [
            "are"
        ],
        [
            "allowing",
            "jews",
            "and",
            "people",
            "of",
            "color",
            "to",
            "ruin",
            "america"
        ],
        [
            "allowing"
        ],
        [
            "jews",
            "and",
            "people",
            "of",
            "color"
        ],
        [
            "to",
            "ruin",
            "america"
        ],
        [
            "jews",
            "and",
            "people"
        ],
        [
            "of",
            "color"
        ],
        [
            "to",
            "ruin",
            "america"
        ],
        [
            "jews"
        ],
        [
            "and"
        ],
        [
            "people"
        ],
        [
            "of"
        ],
        [
            "color"
        ],
        [
            "to"
        ],
        [
            "ruin",
            "america"
        ],
        [
            "ruin"
        ],
        [
            "america"
        ]
    ],
    "value_func": [
        1.0000000000176321,
        0.296328248817003,
        0.7017178418229414,
        0.06228091421381581,
        0.6377754863713062,
        0.07258710732813475,
        0.35214491191991626,
        0.21141417696156906,
        0.23996990331297333,
        0.11106578975591731,
        0.2102136093412771,
        0.13567393345072412,
        0.047884899368071686,
        0.055254112107482954,
        0.042893763810482106,
        0.06781383469790746,
        0.04034344221125513,
        0.16866959950973004,
        0.08278313876262457,
        0.08464923933924678
    ],
    "dividend_dir": [
        1,
        1,
        1,
        1,
        1,
        1,
        1,
        1,
        1,
        1,
        1,
        1,
        1,
        1,
        1,
        1,
        1,
        1,
        1,
        1
    ],
    "p_tree": [
        [
            null,
            0
        ],
        [
            0,
            1
        ],
        [
            0,
            2
        ],
        [
            2,
            3
        ],
        [
            2,
            4
        ],
        [
            4,
            5
        ],
        [
            4,
            6
        ],
        [
            4,
            7
        ],
        [
            6,
            8
        ],
        [
            6,
            9
        ],
        [
            7,
            10
        ],
        [
            8,
            11
        ],
        [
            8,
            12
        ],
        [
            8,
            13
        ],
        [
            9,
            14
        ],
        [
            9,
            15
        ],
        [
            10,
            16
        ],
        [
            10,
            17
        ],
        [
            17,
            18
        ],
        [
            17,
            19
        ]
    ]
}