{
    "guid": "20531142_gab",
    "gt_cls": 1,
    "coalitions": [
        [
            "i",
            "am",
            "starting",
            "to",
            "think",
            "it",
            "the",
            "jews",
            "👀"
        ],
        [
            "i"
        ],
        [
            "am",
            "starting",
            "to",
            "think",
            "it",
            "the",
            "jews"
        ],
        [
            "👀"
        ],
        [
            "am"
        ],
        [
            "starting",
            "to",
            "think",
            "it",
            "the",
            "jews"
        ],
        [
            "starting"
        ],
        [
            "to",
            "think",
            "it",
            "the",
            "jews"
        ],
        [
            "to",
            "think",
            "it",
            "the",
            "jews"
        ],
        [
            "to"
        ],
        [
            "think",
            "it",
            "the",
            "jews"
        ],
        [
            "think"
        ],
        [
            "it"
        ],
        [
            "the",
            "jews"
        ],
        [
            "the"
        ],
        [
            "jews"
        ]
    ],
    "value_func": [
        1.0000000132403817,
        0.057523186151726545,
        0.829274109383931,
        0.11255534480984332,
        0.05785660676706518,
        0.770660202178067,
        0.051970914797488554,
        0.7178462200343932,
        0.7168952927650892,
        0.05072802198537503,
        0.6652163435104101,
        0.08926399804891565,
        0.08961435453909648,
        0.48522931884784615,
        0.12465272272780348,
        0.3587028350935422
    ],
    "dividend_dir": [
        1,
        -1,
        1,
        -1,
        -1,
        1,
        -1,
        1,
        1,
        -1,
        1,
        -1,
        -1,
        1,
        -1,
        1
    ],
    "p_tree": [
        [
            null,
            0
        ],
        [
            0,
            1
        ],
        [
            0,
            2
        ],
        [
            0,
            3
        ],
        [
            2,
            4
        ],
        [
            2,
            5
        ],
        [
            5,
            6
        ],
        [
            5,
            7
        ],
        [
            7,
            8
        ],
        [
            8,
            9
        ],
        [
            8,
            10
        ],
        [
            10,
            11
        ],
        [
            10,
            12
        ],
        [
            10,
            13
        ],
        [
            13,
            14
        ],
        [
            13,
            15
        ]
    ]
}