{
    "guid": "20728328_gab",
    "gt_cls": 1,
    "coalitions": [
        [
            "4",
            "ft",
            "tall",
            "beaner",
            "women",
            "still",
            "dispensing",
            "<number>",
            "beanlets",
            "per",
            "year",
            "each",
            "it",
            "ogre"
        ],
        [
            "4",
            "ft",
            "tall",
            "beaner",
            "women",
            "still",
            "dispensing",
            "<number>",
            "beanlets",
            "per",
            "year",
            "each",
            "it"
        ],
        [
            "ogre"
        ],
        [
            "4",
            "ft",
            "tall",
            "beaner",
            "women"
        ],
        [
            "still",
            "dispensing",
            "<number>",
            "beanlets",
            "per",
            "year",
            "each",
            "it"
        ],
        [
            "4",
            "ft"
        ],
        [
            "tall"
        ],
        [
            "beaner"
        ],
        [
            "women"
        ],
        [
            "still"
        ],
        [
            "dispensing"
        ],
        [
            "<number>",
            "beanlets"
        ],
        [
            "per",
            "year"
        ],
        [
            "each",
            "it"
        ],
        [
            "4"
        ],
        [
            "ft"
        ],
        [
            "<number>"
        ],
        [
            "beanlets"
        ],
        [
            "per"
        ],
        [
            "year"
        ],
        [
            "each"
        ],
        [
            "it"
        ]
    ],
    "value_func": [
        1.0000000156249056,
        0.9055319586035084,
        0.09317283936399612,
        0.41739098144913217,
        0.48690452966266606,
        0.08403632732409425,
        0.06910354861853782,
        0.20001142424186796,
        0.06286275351145408,
        0.03572328837566433,
        0.11624070934052139,
        0.18893236263017618,
        0.07555606043940065,
        0.06992254140647242,
        0.036643911655735675,
        0.047224559737974334,
        0.048169748009975366,
        0.14013886693498825,
        0.036426470179125724,
        0.038836606566025916,
        0.033149314100107956,
        0.036696739595369426
    ],
    "dividend_dir": [
        1,
        1,
        1,
        1,
        1,
        1,
        1,
        1,
        1,
        1,
        1,
        1,
        1,
        1,
        1,
        1,
        -1,
        1,
        1,
        1,
        1,
        -1
    ],
    "p_tree": [
        [
            null,
            0
        ],
        [
            0,
            1
        ],
        [
            0,
            2
        ],
        [
            1,
            3
        ],
        [
            1,
            4
        ],
        [
            3,
            5
        ],
        [
            3,
            6
        ],
        [
            3,
            7
        ],
        [
            3,
            8
        ],
        [
            4,
            9
        ],
        [
            4,
            10
        ],
        [
            4,
            11
        ],
        [
            4,
            12
        ],
        [
            4,
            13
        ],
        [
            5,
            14
        ],
        [
            5,
            15
        ],
        [
            11,
            16
        ],
        [
            11,
            17
        ],
        [
            12,
            18
        ],
        [
            12,
            19
        ],
        [
            13,
            20
        ],
        [
            13,
            21
        ]
    ]
}