{
    "guid": "20983237_gab",
    "gt_cls": 1,
    "coalitions": [
        [
            "pls",
            "dont",
            "talk",
            "to",
            "me",
            "reality",
            "is",
            "too",
            "much",
            "for",
            "my",
            "kike",
            "infested",
            "mind"
        ],
        [
            "pls",
            "dont"
        ],
        [
            "talk",
            "to",
            "me",
            "reality"
        ],
        [
            "is",
            "too",
            "much",
            "for",
            "my",
            "kike",
            "infested",
            "mind"
        ],
        [
            "pls"
        ],
        [
            "dont"
        ],
        [
            "talk"
        ],
        [
            "to",
            "me",
            "reality"
        ],
        [
            "is"
        ],
        [
            "too",
            "much",
            "for",
            "my",
            "kike",
            "infested",
            "mind"
        ],
        [
            "to"
        ],
        [
            "me",
            "reality"
        ],
        [
            "too",
            "much",
            "for",
            "my",
            "kike"
        ],
        [
            "infested",
            "mind"
        ],
        [
            "me"
        ],
        [
            "reality"
        ],
        [
            "too",
            "much"
        ],
        [
            "for",
            "my",
            "kike"
        ],
        [
            "infested"
        ],
        [
            "mind"
        ],
        [
            "too"
        ],
        [
            "much"
        ],
        [
            "for"
        ],
        [
            "my",
            "kike"
        ],
        [
            "my"
        ],
        [
            "kike"
        ]
    ],
    "value_func": [
        0.999999994067681,
        0.19982753836337802,
        0.14229425724424075,
        0.6564548864695758,
        0.1053702637578232,
        0.09378815553143256,
        0.04044504212167624,
        0.10173988326311131,
        0.02784643972349047,
        0.6272127813570502,
        0.03030018467072556,
        0.07123628584124941,
        0.41948870848229347,
        0.20627416078660094,
        0.03199021359401736,
        0.039083927031948386,
        0.05411580818835247,
        0.3637394110041206,
        0.16354899806906933,
        0.04242188131139999,
        0.026639342944245893,
        0.027388399924318532,
        0.0363275325763131,
        0.3254673244176048,
        0.0706026514859732,
        0.252810881137825
    ],
    "dividend_dir": [
        1,
        1,
        1,
        1,
        1,
        1,
        -1,
        1,
        1,
        1,
        1,
        1,
        1,
        1,
        -1,
        1,
        1,
        1,
        1,
        -1,
        1,
        1,
        1,
        1,
        1,
        1
    ],
    "p_tree": [
        [
            null,
            0
        ],
        [
            0,
            1
        ],
        [
            0,
            2
        ],
        [
            0,
            3
        ],
        [
            1,
            4
        ],
        [
            1,
            5
        ],
        [
            2,
            6
        ],
        [
            2,
            7
        ],
        [
            3,
            8
        ],
        [
            3,
            9
        ],
        [
            7,
            10
        ],
        [
            7,
            11
        ],
        [
            9,
            12
        ],
        [
            9,
            13
        ],
        [
            11,
            14
        ],
        [
            11,
            15
        ],
        [
            12,
            16
        ],
        [
            12,
            17
        ],
        [
            13,
            18
        ],
        [
            13,
            19
        ],
        [
            16,
            20
        ],
        [
            16,
            21
        ],
        [
            17,
            22
        ],
        [
            17,
            23
        ],
        [
            23,
            24
        ],
        [
            23,
            25
        ]
    ]
}