{
    "guid": "21163029_gab",
    "gt_cls": 0,
    "coalitions": [
        [
            "sounds",
            "pretty",
            "queer",
            "to",
            "me"
        ],
        [
            "sounds",
            "pretty",
            "queer",
            "to",
            "me"
        ],
        [
            "sounds"
        ],
        [
            "pretty",
            "queer"
        ],
        [
            "to",
            "me"
        ],
        [
            "pretty"
        ],
        [
            "queer"
        ],
        [
            "to"
        ],
        [
            "me"
        ]
    ],
    "value_func": [
        0.9999999666745806,
        0.9987252850419694,
        0.16872550194644753,
        0.4540004898833853,
        0.37472461157952547,
        0.21098055123682036,
        0.24262770673374978,
        0.18270335828872197,
        0.19045064709790005
    ],
    "dividend_dir": [
        1,
        1,
        1,
        1,
        1,
        1,
        -1,
        1,
        1
    ],
    "p_tree": [
        [
            null,
            0
        ],
        [
            0,
            1
        ],
        [
            1,
            2
        ],
        [
            1,
            3
        ],
        [
            1,
            4
        ],
        [
            3,
            5
        ],
        [
            3,
            6
        ],
        [
            4,
            7
        ],
        [
            4,
            8
        ]
    ]
}