{
    "guid": "21276945_gab",
    "gt_cls": 0,
    "coalitions": [
        [
            "loll",
            "calling",
            "me",
            "a",
            "zhid",
            "and",
            "pedophile",
            "when",
            "i",
            "am",
            "neither"
        ],
        [
            "loll",
            "calling",
            "me",
            "a",
            "zhid",
            "and",
            "pedophile",
            "when",
            "i",
            "am",
            "neither"
        ],
        [
            "loll"
        ],
        [
            "calling",
            "me",
            "a",
            "zhid",
            "and",
            "pedophile"
        ],
        [
            "when",
            "i",
            "am",
            "neither"
        ],
        [
            "calling",
            "me",
            "a",
            "zhid",
            "and",
            "pedophile"
        ],
        [
            "when"
        ],
        [
            "i",
            "am",
            "neither"
        ],
        [
            "calling"
        ],
        [
            "me"
        ],
        [
            "a",
            "zhid",
            "and",
            "pedophile"
        ],
        [
            "i"
        ],
        [
            "am",
            "neither"
        ],
        [
            "a"
        ],
        [
            "zhid"
        ],
        [
            "and"
        ],
        [
            "pedophile"
        ],
        [
            "am"
        ],
        [
            "neither"
        ]
    ],
    "value_func": [
        1.0000000225186112,
        0.9998566905597764,
        0.13003696773843285,
        0.7192495841904705,
        0.1504268066720384,
        0.7192476105180272,
        0.035833828449015385,
        0.11450242779129768,
        0.05002374371653856,
        0.042121545837612684,
        0.6271003472914327,
        0.030121849312525893,
        0.0842373542603132,
        0.04563809082984221,
        0.294130112996058,
        0.0444045057413241,
        0.2429172059910263,
        0.03591093217757294,
        0.04817769763069226
    ],
    "dividend_dir": [
        -1,
        -1,
        -1,
        -1,
        -1,
        -1,
        1,
        -1,
        -1,
        1,
        -1,
        -1,
        -1,
        1,
        1,
        1,
        -1,
        -1,
        -1
    ],
    "p_tree": [
        [
            null,
            0
        ],
        [
            0,
            1
        ],
        [
            1,
            2
        ],
        [
            1,
            3
        ],
        [
            1,
            4
        ],
        [
            3,
            5
        ],
        [
            4,
            6
        ],
        [
            4,
            7
        ],
        [
            5,
            8
        ],
        [
            5,
            9
        ],
        [
            5,
            10
        ],
        [
            7,
            11
        ],
        [
            7,
            12
        ],
        [
            10,
            13
        ],
        [
            10,
            14
        ],
        [
            10,
            15
        ],
        [
            10,
            16
        ],
        [
            12,
            17
        ],
        [
            12,
            18
        ]
    ]
}