{
    "guid": "21292492_gab",
    "gt_cls": 0,
    "coalitions": [
        [
            "biological",
            "traitors",
            "that",
            "want",
            "to",
            "wallow",
            "in",
            "a",
            "ghetto"
        ],
        [
            "biological",
            "traitors"
        ],
        [
            "that",
            "want",
            "to",
            "wallow",
            "in",
            "a",
            "ghetto"
        ],
        [
            "biological"
        ],
        [
            "traitors"
        ],
        [
            "that"
        ],
        [
            "want",
            "to",
            "wallow",
            "in",
            "a",
            "ghetto"
        ],
        [
            "want",
            "to",
            "wallow",
            "in",
            "a",
            "ghetto"
        ],
        [
            "want"
        ],
        [
            "to",
            "wallow",
            "in",
            "a",
            "ghetto"
        ],
        [
            "to",
            "wallow",
            "in",
            "a",
            "ghetto"
        ],
        [
            "to"
        ],
        [
            "wallow",
            "in",
            "a",
            "ghetto"
        ],
        [
            "wallow"
        ],
        [
            "in",
            "a",
            "ghetto"
        ],
        [
            "in"
        ],
        [
            "a",
            "ghetto"
        ],
        [
            "a"
        ],
        [
            "ghetto"
        ]
    ],
    "value_func": [
        1.0000000163311262,
        0.3871191396922851,
        0.6119779572945008,
        0.1370256554994084,
        0.2493327915873354,
        0.05468406128612433,
        0.5566936260311036,
        0.5560209005570147,
        0.0620579078415738,
        0.49329026724135194,
        0.49250856826684175,
        0.036974999971153305,
        0.4547518693211782,
        0.15126933792125796,
        0.30259074513268625,
        0.05870592221594945,
        0.24262311499655215,
        0.06335331351710569,
        0.17785955074122634
    ],
    "dividend_dir": [
        1,
        1,
        1,
        1,
        1,
        -1,
        1,
        1,
        -1,
        1,
        1,
        -1,
        1,
        -1,
        1,
        1,
        1,
        1,
        1
    ],
    "p_tree": [
        [
            null,
            0
        ],
        [
            0,
            1
        ],
        [
            0,
            2
        ],
        [
            1,
            3
        ],
        [
            1,
            4
        ],
        [
            2,
            5
        ],
        [
            2,
            6
        ],
        [
            6,
            7
        ],
        [
            7,
            8
        ],
        [
            7,
            9
        ],
        [
            9,
            10
        ],
        [
            10,
            11
        ],
        [
            10,
            12
        ],
        [
            12,
            13
        ],
        [
            12,
            14
        ],
        [
            14,
            15
        ],
        [
            14,
            16
        ],
        [
            16,
            17
        ],
        [
            16,
            18
        ]
    ]
}