{
    "guid": "21374183_gab",
    "gt_cls": 1,
    "coalitions": [
        [
            "should",
            "martin",
            "shkreli",
            "get",
            "raped",
            "in",
            "prison"
        ],
        [
            "should"
        ],
        [
            "martin",
            "shkreli"
        ],
        [
            "get",
            "raped",
            "in",
            "prison"
        ],
        [
            "martin"
        ],
        [
            "shkreli"
        ],
        [
            "get"
        ],
        [
            "raped",
            "in",
            "prison"
        ],
        [
            "raped"
        ],
        [
            "in",
            "prison"
        ],
        [
            "in"
        ],
        [
            "prison"
        ]
    ],
    "value_func": [
        1.000000009315586,
        0.0981275109994494,
        0.5200186441024277,
        0.38178523659697905,
        0.12726581811617285,
        0.39256898647888555,
        0.08188026821680783,
        0.2997369935563389,
        0.13941646539383837,
        0.16013105594210816,
        0.061359647135533026,
        0.09850676623519831
    ],
    "dividend_dir": [
        -1,
        -1,
        1,
        1,
        1,
        1,
        1,
        1,
        -1,
        1,
        1,
        1
    ],
    "p_tree": [
        [
            null,
            0
        ],
        [
            0,
            1
        ],
        [
            0,
            2
        ],
        [
            0,
            3
        ],
        [
            2,
            4
        ],
        [
            2,
            5
        ],
        [
            3,
            6
        ],
        [
            3,
            7
        ],
        [
            7,
            8
        ],
        [
            7,
            9
        ],
        [
            9,
            10
        ],
        [
            9,
            11
        ]
    ]
}