{
    "guid": "21585337_gab",
    "gt_cls": 0,
    "coalitions": [
        [
            "these",
            "are",
            "the",
            "refugees",
            "that",
            "europe",
            "should",
            "be",
            "taking",
            "in"
        ],
        [
            "these"
        ],
        [
            "are",
            "the",
            "refugees",
            "that",
            "europe",
            "should",
            "be",
            "taking",
            "in"
        ],
        [
            "are"
        ],
        [
            "the",
            "refugees",
            "that",
            "europe",
            "should",
            "be",
            "taking",
            "in"
        ],
        [
            "the",
            "refugees"
        ],
        [
            "that",
            "europe",
            "should",
            "be",
            "taking",
            "in"
        ],
        [
            "the"
        ],
        [
            "refugees"
        ],
        [
            "that"
        ],
        [
            "europe",
            "should",
            "be",
            "taking",
            "in"
        ],
        [
            "europe"
        ],
        [
            "should",
            "be",
            "taking",
            "in"
        ],
        [
            "should"
        ],
        [
            "be",
            "taking",
            "in"
        ],
        [
            "be"
        ],
        [
            "taking",
            "in"
        ],
        [
            "taking"
        ],
        [
            "in"
        ]
    ],
    "value_func": [
        1.000000016014157,
        0.08572560181787799,
        0.9140497444569307,
        0.0899514128175661,
        0.8238585508392626,
        0.30657508404341405,
        0.5170444075522499,
        0.07083468110051619,
        0.23491771990337126,
        0.07134355032732839,
        0.4449760337957056,
        0.11948882952217155,
        0.32481111898403836,
        0.08916408091241786,
        0.23509327737987729,
        0.05574303588143281,
        0.17884992232369804,
        0.0935745071822312,
        0.08469078736150952
    ],
    "dividend_dir": [
        1,
        -1,
        1,
        1,
        1,
        -1,
        1,
        -1,
        -1,
        1,
        1,
        1,
        1,
        1,
        1,
        1,
        1,
        1,
        1
    ],
    "p_tree": [
        [
            null,
            0
        ],
        [
            0,
            1
        ],
        [
            0,
            2
        ],
        [
            2,
            3
        ],
        [
            2,
            4
        ],
        [
            4,
            5
        ],
        [
            4,
            6
        ],
        [
            5,
            7
        ],
        [
            5,
            8
        ],
        [
            6,
            9
        ],
        [
            6,
            10
        ],
        [
            10,
            11
        ],
        [
            10,
            12
        ],
        [
            12,
            13
        ],
        [
            12,
            14
        ],
        [
            14,
            15
        ],
        [
            14,
            16
        ],
        [
            16,
            17
        ],
        [
            16,
            18
        ]
    ]
}