{
    "guid": "21653890_gab",
    "gt_cls": 1,
    "coalitions": [
        [
            "<user>",
            "you",
            "are",
            "an",
            "entire",
            "nigger"
        ],
        [
            "<user>"
        ],
        [
            "you"
        ],
        [
            "are",
            "an",
            "entire",
            "nigger"
        ],
        [
            "are"
        ],
        [
            "an",
            "entire",
            "nigger"
        ],
        [
            "an"
        ],
        [
            "entire"
        ],
        [
            "nigger"
        ]
    ],
    "value_func": [
        1.0000000166275516,
        0.11392258919408231,
        0.09629626103643904,
        0.7876261238005722,
        0.07846278543986929,
        0.7067935612983618,
        0.07477748497613548,
        0.1254718998698273,
        0.50400357712627
    ],
    "dividend_dir": [
        1,
        -1,
        1,
        1,
        1,
        1,
        1,
        -1,
        1
    ],
    "p_tree": [
        [
            null,
            0
        ],
        [
            0,
            1
        ],
        [
            0,
            2
        ],
        [
            0,
            3
        ],
        [
            3,
            4
        ],
        [
            3,
            5
        ],
        [
            5,
            6
        ],
        [
            5,
            7
        ],
        [
            5,
            8
        ]
    ]
}