{
    "guid": "2183555_gab",
    "gt_cls": 1,
    "coalitions": [
        [
            "testing",
            "are",
            "you",
            "allowed",
            "to",
            "say",
            "nigger",
            "on",
            "here"
        ],
        [
            "testing"
        ],
        [
            "are",
            "you",
            "allowed",
            "to",
            "say",
            "nigger",
            "on",
            "here"
        ],
        [
            "are"
        ],
        [
            "you",
            "allowed",
            "to",
            "say",
            "nigger",
            "on",
            "here"
        ],
        [
            "you"
        ],
        [
            "allowed",
            "to",
            "say",
            "nigger",
            "on",
            "here"
        ],
        [
            "allowed"
        ],
        [
            "to",
            "say",
            "nigger",
            "on",
            "here"
        ],
        [
            "to",
            "say",
            "nigger",
            "on",
            "here"
        ],
        [
            "to"
        ],
        [
            "say",
            "nigger",
            "on",
            "here"
        ],
        [
            "say"
        ],
        [
            "nigger"
        ],
        [
            "on",
            "here"
        ],
        [
            "on"
        ],
        [
            "here"
        ]
    ],
    "value_func": [
        1.0000000105875313,
        0.1503284151801175,
        0.8489479157267625,
        0.06149585644386499,
        0.7871611050221654,
        0.06271570839820631,
        0.7241013247140381,
        0.06508404700433944,
        0.658566572349039,
        0.6580150060147474,
        0.04168887883666634,
        0.6157745608437893,
        0.09789106353724868,
        0.3854569852063889,
        0.1317601605634583,
        0.06659047689900575,
        0.06511548334787647
    ],
    "dividend_dir": [
        1,
        1,
        1,
        -1,
        1,
        -1,
        1,
        -1,
        1,
        1,
        -1,
        1,
        -1,
        1,
        1,
        -1,
        1
    ],
    "p_tree": [
        [
            null,
            0
        ],
        [
            0,
            1
        ],
        [
            0,
            2
        ],
        [
            2,
            3
        ],
        [
            2,
            4
        ],
        [
            4,
            5
        ],
        [
            4,
            6
        ],
        [
            6,
            7
        ],
        [
            6,
            8
        ],
        [
            8,
            9
        ],
        [
            9,
            10
        ],
        [
            9,
            11
        ],
        [
            11,
            12
        ],
        [
            11,
            13
        ],
        [
            11,
            14
        ],
        [
            14,
            15
        ],
        [
            14,
            16
        ]
    ]
}