{
    "guid": "21925689_gab",
    "gt_cls": 1,
    "coalitions": [
        [
            "no",
            "one",
            "did",
            "it",
            "to",
            "the",
            "niggers",
            "you",
            "lying",
            "kike",
            "whore"
        ],
        [
            "no",
            "one"
        ],
        [
            "did",
            "it",
            "to",
            "the",
            "niggers",
            "you",
            "lying",
            "kike",
            "whore"
        ],
        [
            "no"
        ],
        [
            "one"
        ],
        [
            "did"
        ],
        [
            "it"
        ],
        [
            "to",
            "the",
            "niggers",
            "you",
            "lying",
            "kike",
            "whore"
        ],
        [
            "to"
        ],
        [
            "the",
            "niggers",
            "you",
            "lying",
            "kike",
            "whore"
        ],
        [
            "the"
        ],
        [
            "niggers"
        ],
        [
            "you",
            "lying",
            "kike",
            "whore"
        ],
        [
            "you"
        ],
        [
            "lying",
            "kike",
            "whore"
        ],
        [
            "lying"
        ],
        [
            "kike",
            "whore"
        ],
        [
            "kike"
        ],
        [
            "whore"
        ]
    ],
    "value_func": [
        1.0000000168187764,
        0.13996422151549448,
        0.8579775978667529,
        0.07977919059630217,
        0.05968828271926075,
        0.045706847046896905,
        0.0446012216731377,
        0.7656463024943523,
        0.03774372861009891,
        0.7257479921035775,
        0.04622188508135268,
        0.2749041343310185,
        0.4023628708959414,
        0.0595475154746074,
        0.3409278726908576,
        0.06821963901180202,
        0.2708339506730482,
        0.19047371623207537,
        0.07839001493504778
    ],
    "dividend_dir": [
        1,
        1,
        1,
        1,
        -1,
        1,
        -1,
        1,
        1,
        1,
        1,
        1,
        1,
        1,
        1,
        1,
        1,
        1,
        1
    ],
    "p_tree": [
        [
            null,
            0
        ],
        [
            0,
            1
        ],
        [
            0,
            2
        ],
        [
            1,
            3
        ],
        [
            1,
            4
        ],
        [
            2,
            5
        ],
        [
            2,
            6
        ],
        [
            2,
            7
        ],
        [
            7,
            8
        ],
        [
            7,
            9
        ],
        [
            9,
            10
        ],
        [
            9,
            11
        ],
        [
            9,
            12
        ],
        [
            12,
            13
        ],
        [
            12,
            14
        ],
        [
            14,
            15
        ],
        [
            14,
            16
        ],
        [
            16,
            17
        ],
        [
            16,
            18
        ]
    ]
}