{
    "guid": "21990566_gab",
    "gt_cls": 1,
    "coalitions": [
        [
            "this",
            "kike",
            "is",
            "still",
            "alive",
            "wtf"
        ],
        [
            "this",
            "kike"
        ],
        [
            "is",
            "still",
            "alive",
            "wtf"
        ],
        [
            "this"
        ],
        [
            "kike"
        ],
        [
            "is"
        ],
        [
            "still"
        ],
        [
            "alive"
        ],
        [
            "wtf"
        ]
    ],
    "value_func": [
        1.0000000000355223,
        0.5465594824505478,
        0.450391855706135,
        0.08183103454754262,
        0.46011142110584413,
        0.09487833543432521,
        0.06717194687669814,
        0.10991227196932375,
        0.17814709711378057
    ],
    "dividend_dir": [
        1,
        1,
        1,
        1,
        1,
        -1,
        -1,
        1,
        1
    ],
    "p_tree": [
        [
            null,
            0
        ],
        [
            0,
            1
        ],
        [
            0,
            2
        ],
        [
            1,
            3
        ],
        [
            1,
            4
        ],
        [
            2,
            5
        ],
        [
            2,
            6
        ],
        [
            2,
            7
        ],
        [
            2,
            8
        ]
    ]
}