{
    "guid": "22152349_gab",
    "gt_cls": 1,
    "coalitions": [
        [
            "those",
            "are",
            "called",
            "niglets"
        ],
        [
            "those"
        ],
        [
            "are",
            "called",
            "niglets"
        ],
        [
            "are"
        ],
        [
            "called",
            "niglets"
        ],
        [
            "called"
        ],
        [
            "niglets"
        ]
    ],
    "value_func": [
        0.9999999831858212,
        0.09332540036635112,
        0.90454751347791,
        0.0972399568549767,
        0.8052076625461391,
        0.1250233227625172,
        0.6780250088324835
    ],
    "dividend_dir": [
        1,
        1,
        1,
        1,
        1,
        1,
        1
    ],
    "p_tree": [
        [
            null,
            0
        ],
        [
            0,
            1
        ],
        [
            0,
            2
        ],
        [
            2,
            3
        ],
        [
            2,
            4
        ],
        [
            4,
            5
        ],
        [
            4,
            6
        ]
    ]
}