{
    "guid": "22283835_gab",
    "gt_cls": 1,
    "coalitions": [
        [
            "who",
            "the",
            "fuck",
            "is",
            "goatfucker",
            "hamed",
            "halts",
            "maul",
            "du",
            "beschissener",
            "hinterlader"
        ],
        [
            "who",
            "the",
            "fuck",
            "is",
            "goatfucker",
            "hamed"
        ],
        [
            "halts",
            "maul",
            "du",
            "beschissener",
            "hinterlader"
        ],
        [
            "who"
        ],
        [
            "the",
            "fuck",
            "is",
            "goatfucker",
            "hamed"
        ],
        [
            "halts"
        ],
        [
            "maul"
        ],
        [
            "du"
        ],
        [
            "beschissener",
            "hinterlader"
        ],
        [
            "the",
            "fuck"
        ],
        [
            "is",
            "goatfucker",
            "hamed"
        ],
        [
            "beschissener"
        ],
        [
            "hinterlader"
        ],
        [
            "the"
        ],
        [
            "fuck"
        ],
        [
            "is"
        ],
        [
            "goatfucker",
            "hamed"
        ],
        [
            "goatfucker"
        ],
        [
            "hamed"
        ]
    ],
    "value_func": [
        1.0000000041670463,
        0.5327997394365619,
        0.46646459785462285,
        0.04911991668244239,
        0.48278042218202133,
        0.10049242562050367,
        0.05851293751129712,
        0.026792267783660815,
        0.2804502344423483,
        0.09522096803090434,
        0.38678820959058235,
        0.1158161745529572,
        0.1645140475430912,
        0.038191732378481405,
        0.05679484623556869,
        0.04407000969159049,
        0.3419666258454661,
        0.23965738288594843,
        0.10145265912177837
    ],
    "dividend_dir": [
        1,
        1,
        1,
        1,
        1,
        1,
        1,
        1,
        1,
        1,
        1,
        1,
        1,
        -1,
        1,
        -1,
        1,
        1,
        1
    ],
    "p_tree": [
        [
            null,
            0
        ],
        [
            0,
            1
        ],
        [
            0,
            2
        ],
        [
            1,
            3
        ],
        [
            1,
            4
        ],
        [
            2,
            5
        ],
        [
            2,
            6
        ],
        [
            2,
            7
        ],
        [
            2,
            8
        ],
        [
            4,
            9
        ],
        [
            4,
            10
        ],
        [
            8,
            11
        ],
        [
            8,
            12
        ],
        [
            9,
            13
        ],
        [
            9,
            14
        ],
        [
            10,
            15
        ],
        [
            10,
            16
        ],
        [
            16,
            17
        ],
        [
            16,
            18
        ]
    ]
}