{
    "guid": "22303507_gab",
    "gt_cls": 0,
    "coalitions": [
        [
            "your",
            "friendly",
            "moslem",
            "who",
            "went",
            "all",
            "allah",
            "akhbar",
            "today",
            "in",
            "france"
        ],
        [
            "your",
            "friendly",
            "moslem"
        ],
        [
            "who",
            "went",
            "all",
            "allah",
            "akhbar",
            "today",
            "in",
            "france"
        ],
        [
            "your"
        ],
        [
            "friendly"
        ],
        [
            "moslem"
        ],
        [
            "who"
        ],
        [
            "went",
            "all",
            "allah",
            "akhbar",
            "today",
            "in",
            "france"
        ],
        [
            "went",
            "all",
            "allah",
            "akhbar",
            "today",
            "in",
            "france"
        ],
        [
            "went"
        ],
        [
            "all",
            "allah",
            "akhbar"
        ],
        [
            "today"
        ],
        [
            "in",
            "france"
        ],
        [
            "all"
        ],
        [
            "allah"
        ],
        [
            "akhbar"
        ],
        [
            "in"
        ],
        [
            "france"
        ]
    ],
    "value_func": [
        0.9999999723895432,
        0.4748606660675382,
        0.5248788110884073,
        0.0699464953862585,
        0.08769813843958998,
        0.3167022752058402,
        0.04302707699324347,
        0.4818037369966519,
        0.4817776922597348,
        0.04921668516594431,
        0.28878400527252657,
        0.05005494625689346,
        0.0936960108274534,
        0.03995917496975548,
        0.10468114627423519,
        0.1441337418658231,
        0.0319756167499547,
        0.06160877737375845
    ],
    "dividend_dir": [
        -1,
        -1,
        1,
        -1,
        -1,
        -1,
        1,
        1,
        1,
        1,
        -1,
        1,
        -1,
        -1,
        1,
        -1,
        1,
        -1
    ],
    "p_tree": [
        [
            null,
            0
        ],
        [
            0,
            1
        ],
        [
            0,
            2
        ],
        [
            1,
            3
        ],
        [
            1,
            4
        ],
        [
            1,
            5
        ],
        [
            2,
            6
        ],
        [
            2,
            7
        ],
        [
            7,
            8
        ],
        [
            8,
            9
        ],
        [
            8,
            10
        ],
        [
            8,
            11
        ],
        [
            8,
            12
        ],
        [
            10,
            13
        ],
        [
            10,
            14
        ],
        [
            10,
            15
        ],
        [
            12,
            16
        ],
        [
            12,
            17
        ]
    ]
}