{
    "guid": "22331692_gab",
    "gt_cls": 1,
    "coalitions": [
        [
            "imagine",
            "unironically",
            "believing",
            "the",
            "high",
            "iq",
            "kike",
            "meme"
        ],
        [
            "imagine",
            "unironically",
            "believing",
            "the",
            "high",
            "iq",
            "kike",
            "meme"
        ],
        [
            "imagine"
        ],
        [
            "unironically",
            "believing",
            "the",
            "high",
            "iq",
            "kike",
            "meme"
        ],
        [
            "unironically"
        ],
        [
            "believing",
            "the",
            "high",
            "iq",
            "kike",
            "meme"
        ],
        [
            "believing"
        ],
        [
            "the",
            "high",
            "iq",
            "kike",
            "meme"
        ],
        [
            "the"
        ],
        [
            "high",
            "iq",
            "kike"
        ],
        [
            "meme"
        ],
        [
            "high",
            "iq"
        ],
        [
            "kike"
        ],
        [
            "high"
        ],
        [
            "iq"
        ]
    ],
    "value_func": [
        0.9999999763280113,
        0.9983916752037829,
        0.07181114650404087,
        0.9249722275755137,
        0.14997336372027503,
        0.773494297874833,
        0.04954732316766432,
        0.7221443778111816,
        0.0389723903912943,
        0.5161833136972562,
        0.16502628074547776,
        0.16207079621261064,
        0.35192583434697966,
        0.05047826397889577,
        0.11138006997806581
    ],
    "dividend_dir": [
        1,
        1,
        1,
        1,
        1,
        1,
        -1,
        1,
        1,
        1,
        1,
        -1,
        1,
        -1,
        -1
    ],
    "p_tree": [
        [
            null,
            0
        ],
        [
            0,
            1
        ],
        [
            1,
            2
        ],
        [
            1,
            3
        ],
        [
            3,
            4
        ],
        [
            3,
            5
        ],
        [
            5,
            6
        ],
        [
            5,
            7
        ],
        [
            7,
            8
        ],
        [
            7,
            9
        ],
        [
            7,
            10
        ],
        [
            9,
            11
        ],
        [
            9,
            12
        ],
        [
            11,
            13
        ],
        [
            11,
            14
        ]
    ]
}