{
    "guid": "22341782_gab",
    "gt_cls": 1,
    "coalitions": [
        [
            "was",
            "engels",
            "a",
            "kike"
        ],
        [
            "was"
        ],
        [
            "engels",
            "a",
            "kike"
        ],
        [
            "engels"
        ],
        [
            "a",
            "kike"
        ],
        [
            "a"
        ],
        [
            "kike"
        ]
    ],
    "value_func": [
        0.9999999903998462,
        0.09759845605037526,
        0.899322707200576,
        0.26000655188332833,
        0.6360554322003851,
        0.11657513472397305,
        0.5145074993807506
    ],
    "dividend_dir": [
        1,
        1,
        1,
        -1,
        1,
        1,
        1
    ],
    "p_tree": [
        [
            null,
            0
        ],
        [
            0,
            1
        ],
        [
            0,
            2
        ],
        [
            2,
            3
        ],
        [
            2,
            4
        ],
        [
            4,
            5
        ],
        [
            4,
            6
        ]
    ]
}