{
    "guid": "22398230_gab",
    "gt_cls": 1,
    "coalitions": [
        [
            "on",
            "point",
            "it",
            "all",
            "kike",
            "mercinary",
            "work"
        ],
        [
            "on",
            "point"
        ],
        [
            "it",
            "all",
            "kike",
            "mercinary",
            "work"
        ],
        [
            "on"
        ],
        [
            "point"
        ],
        [
            "it"
        ],
        [
            "all",
            "kike",
            "mercinary",
            "work"
        ],
        [
            "all"
        ],
        [
            "kike"
        ],
        [
            "mercinary"
        ],
        [
            "work"
        ]
    ],
    "value_func": [
        0.9999999861797629,
        0.12213334971527263,
        0.8760349542197794,
        0.06063613129659422,
        0.061445921346228664,
        0.06733115108395814,
        0.8066322978020358,
        0.10906667146964344,
        0.40629871810703494,
        0.22099211981488373,
        0.06800896077419347
    ],
    "dividend_dir": [
        1,
        -1,
        1,
        -1,
        -1,
        -1,
        1,
        1,
        1,
        1,
        1
    ],
    "p_tree": [
        [
            null,
            0
        ],
        [
            0,
            1
        ],
        [
            0,
            2
        ],
        [
            1,
            3
        ],
        [
            1,
            4
        ],
        [
            2,
            5
        ],
        [
            2,
            6
        ],
        [
            6,
            7
        ],
        [
            6,
            8
        ],
        [
            6,
            9
        ],
        [
            6,
            10
        ]
    ]
}