{
    "guid": "22502718_gab",
    "gt_cls": 1,
    "coalitions": [
        [
            "automatic",
            "sheboon",
            "niglet",
            "cannon"
        ],
        [
            "automatic"
        ],
        [
            "sheboon"
        ],
        [
            "niglet"
        ],
        [
            "cannon"
        ]
    ],
    "value_func": [
        1.000000013261163,
        0.11977574484260746,
        0.37640275062663076,
        0.35051465387332054,
        0.15121750906913403
    ],
    "dividend_dir": [
        1,
        1,
        1,
        1,
        1
    ],
    "p_tree": [
        [
            null,
            0
        ],
        [
            0,
            1
        ],
        [
            0,
            2
        ],
        [
            0,
            3
        ],
        [
            0,
            4
        ]
    ]
}