{
    "guid": "22753470_gab",
    "gt_cls": 1,
    "coalitions": [
        [
            "i",
            "poisoned",
            "sergei",
            "skripal",
            "he",
            "was",
            "a",
            "faggot",
            "anyway"
        ],
        [
            "i",
            "poisoned",
            "sergei",
            "skripal"
        ],
        [
            "he"
        ],
        [
            "was",
            "a",
            "faggot",
            "anyway"
        ],
        [
            "i"
        ],
        [
            "poisoned",
            "sergei",
            "skripal"
        ],
        [
            "was"
        ],
        [
            "a",
            "faggot",
            "anyway"
        ],
        [
            "poisoned"
        ],
        [
            "sergei",
            "skripal"
        ],
        [
            "a",
            "faggot"
        ],
        [
            "anyway"
        ],
        [
            "sergei"
        ],
        [
            "skripal"
        ],
        [
            "a"
        ],
        [
            "faggot"
        ]
    ],
    "value_func": [
        1.000000012746783,
        0.5377449717456732,
        0.045469584513159,
        0.4161962625048803,
        0.06009602243408969,
        0.47705331701555737,
        0.03850627956082217,
        0.37739031191273387,
        0.12223790785244686,
        0.3544211494244264,
        0.3136117075732902,
        0.06332223204430922,
        0.11643535358723262,
        0.23782592220389995,
        0.040687944144778644,
        0.27252981082156347
    ],
    "dividend_dir": [
        1,
        1,
        -1,
        1,
        1,
        1,
        -1,
        1,
        1,
        1,
        1,
        1,
        1,
        1,
        1,
        1
    ],
    "p_tree": [
        [
            null,
            0
        ],
        [
            0,
            1
        ],
        [
            0,
            2
        ],
        [
            0,
            3
        ],
        [
            1,
            4
        ],
        [
            1,
            5
        ],
        [
            3,
            6
        ],
        [
            3,
            7
        ],
        [
            5,
            8
        ],
        [
            5,
            9
        ],
        [
            7,
            10
        ],
        [
            7,
            11
        ],
        [
            9,
            12
        ],
        [
            9,
            13
        ],
        [
            10,
            14
        ],
        [
            10,
            15
        ]
    ]
}