{
    "guid": "22954086_gab",
    "gt_cls": 0,
    "coalitions": [
        [
            "keft",
            "wing",
            "nazi",
            "<number>",
            "life"
        ],
        [
            "keft",
            "wing",
            "nazi"
        ],
        [
            "<number>"
        ],
        [
            "life"
        ],
        [
            "keft"
        ],
        [
            "wing"
        ],
        [
            "nazi"
        ]
    ],
    "value_func": [
        1.0000000425967204,
        0.7413792436844807,
        0.14601693133614094,
        0.11257216400924783,
        0.2888116441423244,
        0.20107535740212487,
        0.2514859960977141
    ],
    "dividend_dir": [
        1,
        1,
        -1,
        1,
        -1,
        1,
        -1
    ],
    "p_tree": [
        [
            null,
            0
        ],
        [
            0,
            1
        ],
        [
            0,
            2
        ],
        [
            0,
            3
        ],
        [
            1,
            4
        ],
        [
            1,
            5
        ],
        [
            1,
            6
        ]
    ]
}