{
    "guid": "23025821_gab",
    "gt_cls": 1,
    "coalitions": [
        [
            "thelma",
            "and",
            "louise",
            "with",
            "a",
            "half",
            "dozen",
            "nigger",
            "kids",
            "in",
            "the",
            "back"
        ],
        [
            "thelma",
            "and",
            "louise"
        ],
        [
            "with",
            "a",
            "half",
            "dozen",
            "nigger",
            "kids",
            "in",
            "the",
            "back"
        ],
        [
            "thelma"
        ],
        [
            "and"
        ],
        [
            "louise"
        ],
        [
            "with"
        ],
        [
            "a",
            "half",
            "dozen",
            "nigger",
            "kids",
            "in",
            "the",
            "back"
        ],
        [
            "a",
            "half",
            "dozen",
            "nigger",
            "kids"
        ],
        [
            "in",
            "the",
            "back"
        ],
        [
            "a"
        ],
        [
            "half",
            "dozen"
        ],
        [
            "nigger"
        ],
        [
            "kids"
        ],
        [
            "in"
        ],
        [
            "the",
            "back"
        ],
        [
            "half"
        ],
        [
            "dozen"
        ],
        [
            "the"
        ],
        [
            "back"
        ]
    ],
    "value_func": [
        1.0000000186330134,
        0.2686357684675563,
        0.7299108641056833,
        0.1484069520147664,
        0.057217029987121436,
        0.06254121105618501,
        0.051544067543121644,
        0.6769509943358023,
        0.5067377380045942,
        0.16878643316624206,
        0.033176090767485095,
        0.09928182314653441,
        0.292405199511773,
        0.08055305473172465,
        0.045496289467357495,
        0.12269165452216706,
        0.036775254959006326,
        0.06226742046966451,
        0.04638474704891733,
        0.07555828627398647
    ],
    "dividend_dir": [
        1,
        1,
        1,
        1,
        1,
        1,
        1,
        1,
        1,
        1,
        -1,
        1,
        1,
        1,
        -1,
        1,
        1,
        1,
        1,
        1
    ],
    "p_tree": [
        [
            null,
            0
        ],
        [
            0,
            1
        ],
        [
            0,
            2
        ],
        [
            1,
            3
        ],
        [
            1,
            4
        ],
        [
            1,
            5
        ],
        [
            2,
            6
        ],
        [
            2,
            7
        ],
        [
            7,
            8
        ],
        [
            7,
            9
        ],
        [
            8,
            10
        ],
        [
            8,
            11
        ],
        [
            8,
            12
        ],
        [
            8,
            13
        ],
        [
            9,
            14
        ],
        [
            9,
            15
        ],
        [
            11,
            16
        ],
        [
            11,
            17
        ],
        [
            15,
            18
        ],
        [
            15,
            19
        ]
    ]
}