{
    "guid": "23143719_gab",
    "gt_cls": 1,
    "coalitions": [
        [
            "because",
            "fuck",
            "sargon",
            "remember",
            "what",
            "these",
            "little",
            "niglets",
            "grow",
            "in",
            "to",
            "hahahahaha"
        ],
        [
            "because"
        ],
        [
            "fuck",
            "sargon",
            "remember",
            "what",
            "these",
            "little",
            "niglets",
            "grow",
            "in",
            "to",
            "hahahahaha"
        ],
        [
            "fuck",
            "sargon"
        ],
        [
            "remember",
            "what",
            "these",
            "little",
            "niglets",
            "grow",
            "in",
            "to",
            "hahahahaha"
        ],
        [
            "fuck"
        ],
        [
            "sargon"
        ],
        [
            "remember"
        ],
        [
            "what",
            "these",
            "little",
            "niglets",
            "grow",
            "in",
            "to",
            "hahahahaha"
        ],
        [
            "what"
        ],
        [
            "these",
            "little",
            "niglets",
            "grow",
            "in",
            "to",
            "hahahahaha"
        ],
        [
            "these",
            "little",
            "niglets"
        ],
        [
            "grow",
            "in",
            "to",
            "hahahahaha"
        ],
        [
            "these"
        ],
        [
            "little"
        ],
        [
            "niglets"
        ],
        [
            "grow"
        ],
        [
            "in"
        ],
        [
            "to",
            "hahahahaha"
        ],
        [
            "to"
        ],
        [
            "hahahahaha"
        ]
    ],
    "value_func": [
        1.0000000176533888,
        0.04150140099642682,
        0.9574224305986289,
        0.3231211419198991,
        0.6331920428425113,
        0.11705293512429787,
        0.20521024551829983,
        0.05936048753259795,
        0.5730025711461777,
        0.03523175077529643,
        0.5370297915533169,
        0.30252829399936104,
        0.23376154187058296,
        0.03747380612002203,
        0.048879463903179696,
        0.21530091231227577,
        0.04517983332526567,
        0.027224440013797705,
        0.16110953289982163,
        0.024047013739827084,
        0.13689637587074127
    ],
    "dividend_dir": [
        1,
        -1,
        1,
        1,
        1,
        1,
        1,
        1,
        1,
        1,
        1,
        1,
        1,
        1,
        1,
        1,
        1,
        1,
        1,
        -1,
        1
    ],
    "p_tree": [
        [
            null,
            0
        ],
        [
            0,
            1
        ],
        [
            0,
            2
        ],
        [
            2,
            3
        ],
        [
            2,
            4
        ],
        [
            3,
            5
        ],
        [
            3,
            6
        ],
        [
            4,
            7
        ],
        [
            4,
            8
        ],
        [
            8,
            9
        ],
        [
            8,
            10
        ],
        [
            10,
            11
        ],
        [
            10,
            12
        ],
        [
            11,
            13
        ],
        [
            11,
            14
        ],
        [
            11,
            15
        ],
        [
            12,
            16
        ],
        [
            12,
            17
        ],
        [
            12,
            18
        ],
        [
            18,
            19
        ],
        [
            18,
            20
        ]
    ]
}