{
    "guid": "23513033_gab",
    "gt_cls": 0,
    "coalitions": [
        [
            "they",
            "fell",
            "for",
            "the",
            "women",
            "in",
            "charge",
            "meme"
        ],
        [
            "they"
        ],
        [
            "fell",
            "for",
            "the",
            "women",
            "in",
            "charge",
            "meme"
        ],
        [
            "fell"
        ],
        [
            "for",
            "the",
            "women",
            "in",
            "charge",
            "meme"
        ],
        [
            "for"
        ],
        [
            "the",
            "women",
            "in",
            "charge",
            "meme"
        ],
        [
            "the",
            "women"
        ],
        [
            "in",
            "charge",
            "meme"
        ],
        [
            "the"
        ],
        [
            "women"
        ],
        [
            "in"
        ],
        [
            "charge",
            "meme"
        ],
        [
            "charge"
        ],
        [
            "meme"
        ]
    ],
    "value_func": [
        0.9999999987921548,
        0.0963761744905204,
        0.9030259540760254,
        0.11463458042107308,
        0.7876945691901193,
        0.09363019883230381,
        0.6932946778495491,
        0.20320550643798424,
        0.4896103136063089,
        0.0894007030432642,
        0.1135168574985593,
        0.08375678730126151,
        0.4054702017214679,
        0.1277559451615687,
        0.27751249633907027
    ],
    "dividend_dir": [
        1,
        -1,
        1,
        -1,
        1,
        1,
        1,
        1,
        1,
        1,
        -1,
        1,
        1,
        -1,
        1
    ],
    "p_tree": [
        [
            null,
            0
        ],
        [
            0,
            1
        ],
        [
            0,
            2
        ],
        [
            2,
            3
        ],
        [
            2,
            4
        ],
        [
            4,
            5
        ],
        [
            4,
            6
        ],
        [
            6,
            7
        ],
        [
            6,
            8
        ],
        [
            7,
            9
        ],
        [
            7,
            10
        ],
        [
            8,
            11
        ],
        [
            8,
            12
        ],
        [
            12,
            13
        ],
        [
            12,
            14
        ]
    ]
}