{
    "guid": "24096893_gab",
    "gt_cls": 1,
    "coalitions": [
        [
            "lets",
            "hope",
            "so",
            "gas",
            "the",
            "lot",
            "including",
            "the1",
            "nigger"
        ],
        [
            "lets"
        ],
        [
            "hope",
            "so",
            "gas",
            "the",
            "lot",
            "including",
            "the1",
            "nigger"
        ],
        [
            "hope"
        ],
        [
            "so",
            "gas",
            "the",
            "lot",
            "including",
            "the1",
            "nigger"
        ],
        [
            "so"
        ],
        [
            "gas",
            "the",
            "lot",
            "including",
            "the1",
            "nigger"
        ],
        [
            "gas"
        ],
        [
            "the",
            "lot",
            "including",
            "the1",
            "nigger"
        ],
        [
            "the",
            "lot"
        ],
        [
            "including",
            "the1",
            "nigger"
        ],
        [
            "the"
        ],
        [
            "lot"
        ],
        [
            "including"
        ],
        [
            "the1",
            "nigger"
        ],
        [
            "the1"
        ],
        [
            "nigger"
        ]
    ],
    "value_func": [
        0.9999999614794961,
        0.07475433218713191,
        0.9233511851929107,
        0.08371108165745839,
        0.8377595624419494,
        0.06610782273853123,
        0.7698208105284717,
        0.1055844538991797,
        0.6624043983963226,
        0.16830003795497608,
        0.49236665452520956,
        0.06495983928972839,
        0.10320558207570907,
        0.0637977221405392,
        0.42652917554737624,
        0.06474352959027747,
        0.35946656672535987
    ],
    "dividend_dir": [
        1,
        1,
        1,
        1,
        1,
        1,
        1,
        1,
        1,
        1,
        1,
        -1,
        1,
        1,
        1,
        1,
        1
    ],
    "p_tree": [
        [
            null,
            0
        ],
        [
            0,
            1
        ],
        [
            0,
            2
        ],
        [
            2,
            3
        ],
        [
            2,
            4
        ],
        [
            4,
            5
        ],
        [
            4,
            6
        ],
        [
            6,
            7
        ],
        [
            6,
            8
        ],
        [
            8,
            9
        ],
        [
            8,
            10
        ],
        [
            9,
            11
        ],
        [
            9,
            12
        ],
        [
            10,
            13
        ],
        [
            10,
            14
        ],
        [
            14,
            15
        ],
        [
            14,
            16
        ]
    ]
}