{
    "guid": "24168193_gab",
    "gt_cls": 1,
    "coalitions": [
        [
            "or",
            "the",
            "construction",
            "company",
            "hired",
            "some",
            "raghead",
            "sleeper",
            "cell",
            "asshole"
        ],
        [
            "or"
        ],
        [
            "the",
            "construction",
            "company"
        ],
        [
            "hired",
            "some",
            "raghead",
            "sleeper",
            "cell",
            "asshole"
        ],
        [
            "the"
        ],
        [
            "construction"
        ],
        [
            "company"
        ],
        [
            "hired"
        ],
        [
            "some",
            "raghead",
            "sleeper",
            "cell",
            "asshole"
        ],
        [
            "some"
        ],
        [
            "raghead"
        ],
        [
            "sleeper",
            "cell"
        ],
        [
            "asshole"
        ],
        [
            "sleeper"
        ],
        [
            "cell"
        ]
    ],
    "value_func": [
        1.0000000134608016,
        0.09696378567400647,
        0.1935713189407495,
        0.707711791330099,
        0.06162806838851264,
        0.07235763812411336,
        0.05931709105864441,
        0.061398429329694214,
        0.6446620598509237,
        0.07143750997481203,
        0.2761072561025732,
        0.20811931186534802,
        0.08732259576713093,
        0.11381956457377189,
        0.09373074115615151
    ],
    "dividend_dir": [
        1,
        1,
        1,
        1,
        1,
        1,
        1,
        1,
        1,
        1,
        1,
        1,
        1,
        1,
        1
    ],
    "p_tree": [
        [
            null,
            0
        ],
        [
            0,
            1
        ],
        [
            0,
            2
        ],
        [
            0,
            3
        ],
        [
            2,
            4
        ],
        [
            2,
            5
        ],
        [
            2,
            6
        ],
        [
            3,
            7
        ],
        [
            3,
            8
        ],
        [
            8,
            9
        ],
        [
            8,
            10
        ],
        [
            8,
            11
        ],
        [
            8,
            12
        ],
        [
            11,
            13
        ],
        [
            11,
            14
        ]
    ]
}