{
    "guid": "24226606_gab",
    "gt_cls": 1,
    "coalitions": [
        [
            "better",
            "believe",
            "the",
            "kikes",
            "are",
            "behind",
            "these",
            "nigger",
            "attacks"
        ],
        [
            "better"
        ],
        [
            "believe",
            "the",
            "kikes",
            "are",
            "behind",
            "these",
            "nigger",
            "attacks"
        ],
        [
            "believe"
        ],
        [
            "the",
            "kikes",
            "are",
            "behind",
            "these",
            "nigger",
            "attacks"
        ],
        [
            "the",
            "kikes",
            "are",
            "behind",
            "these",
            "nigger",
            "attacks"
        ],
        [
            "the",
            "kikes"
        ],
        [
            "are",
            "behind",
            "these",
            "nigger",
            "attacks"
        ],
        [
            "the"
        ],
        [
            "kikes"
        ],
        [
            "are"
        ],
        [
            "behind",
            "these",
            "nigger",
            "attacks"
        ],
        [
            "behind"
        ],
        [
            "these",
            "nigger",
            "attacks"
        ],
        [
            "these"
        ],
        [
            "nigger"
        ],
        [
            "attacks"
        ]
    ],
    "value_func": [
        0.999999982294061,
        0.08418340472101105,
        0.9133108484503741,
        0.06513331800022477,
        0.8458158696326212,
        0.84350742386551,
        0.32255168519696753,
        0.5186472929014313,
        0.07322220776977931,
        0.24778756066558968,
        0.05029089321650574,
        0.4666211203668473,
        0.057286062487072215,
        0.40746780790153103,
        0.06573719827525618,
        0.25226963636522154,
        0.08750193630560157
    ],
    "dividend_dir": [
        1,
        1,
        1,
        1,
        1,
        1,
        1,
        1,
        1,
        1,
        1,
        1,
        1,
        1,
        1,
        1,
        1
    ],
    "p_tree": [
        [
            null,
            0
        ],
        [
            0,
            1
        ],
        [
            0,
            2
        ],
        [
            2,
            3
        ],
        [
            2,
            4
        ],
        [
            4,
            5
        ],
        [
            5,
            6
        ],
        [
            5,
            7
        ],
        [
            6,
            8
        ],
        [
            6,
            9
        ],
        [
            7,
            10
        ],
        [
            7,
            11
        ],
        [
            11,
            12
        ],
        [
            11,
            13
        ],
        [
            13,
            14
        ],
        [
            13,
            15
        ],
        [
            13,
            16
        ]
    ]
}