{
    "guid": "24225614_gab",
    "gt_cls": 1,
    "coalitions": [
        [
            "i",
            "just",
            "want",
            "to",
            "say",
            "muslimes",
            "f",
            "off"
        ],
        [
            "i"
        ],
        [
            "just"
        ],
        [
            "want",
            "to",
            "say",
            "muslimes",
            "f",
            "off"
        ],
        [
            "want"
        ],
        [
            "to",
            "say",
            "muslimes",
            "f",
            "off"
        ],
        [
            "to",
            "say",
            "muslimes",
            "f",
            "off"
        ],
        [
            "to"
        ],
        [
            "say",
            "muslimes",
            "f",
            "off"
        ],
        [
            "say"
        ],
        [
            "muslimes",
            "f",
            "off"
        ],
        [
            "muslimes"
        ],
        [
            "f"
        ],
        [
            "off"
        ]
    ],
    "value_func": [
        1.0000000197549461,
        0.03327235362724581,
        0.041381789991039974,
        0.9248188441046498,
        0.04425167090341263,
        0.8798986020746918,
        0.8791006656320907,
        0.04403531080487509,
        0.8342674183846144,
        0.12356011285693398,
        0.7097036387231976,
        0.5299524063404257,
        0.11791824796315724,
        0.060179117796841146
    ],
    "dividend_dir": [
        1,
        -1,
        -1,
        1,
        -1,
        1,
        1,
        -1,
        1,
        -1,
        1,
        1,
        -1,
        -1
    ],
    "p_tree": [
        [
            null,
            0
        ],
        [
            0,
            1
        ],
        [
            0,
            2
        ],
        [
            0,
            3
        ],
        [
            3,
            4
        ],
        [
            3,
            5
        ],
        [
            5,
            6
        ],
        [
            6,
            7
        ],
        [
            6,
            8
        ],
        [
            8,
            9
        ],
        [
            8,
            10
        ],
        [
            10,
            11
        ],
        [
            10,
            12
        ],
        [
            10,
            13
        ]
    ]
}