{
    "guid": "24226678_gab",
    "gt_cls": 1,
    "coalitions": [
        [
            "always",
            "thought",
            "that",
            "nigger",
            "was",
            "a",
            "faggot"
        ],
        [
            "always"
        ],
        [
            "thought",
            "that",
            "nigger",
            "was",
            "a",
            "faggot"
        ],
        [
            "thought"
        ],
        [
            "that",
            "nigger",
            "was",
            "a",
            "faggot"
        ],
        [
            "that"
        ],
        [
            "nigger",
            "was",
            "a",
            "faggot"
        ],
        [
            "nigger"
        ],
        [
            "was",
            "a",
            "faggot"
        ],
        [
            "was"
        ],
        [
            "a",
            "faggot"
        ],
        [
            "a"
        ],
        [
            "faggot"
        ]
    ],
    "value_func": [
        0.9999999840093348,
        0.05980943758090718,
        0.9381894435390404,
        0.061326354910910326,
        0.8747027821792768,
        0.06967818806605408,
        0.8028323421488995,
        0.42529202261978055,
        0.37516007746691693,
        0.058995457113105595,
        0.3151477061495678,
        0.06053550953147443,
        0.2535770155720792
    ],
    "dividend_dir": [
        1,
        -1,
        1,
        1,
        1,
        -1,
        1,
        1,
        1,
        1,
        1,
        1,
        1
    ],
    "p_tree": [
        [
            null,
            0
        ],
        [
            0,
            1
        ],
        [
            0,
            2
        ],
        [
            2,
            3
        ],
        [
            2,
            4
        ],
        [
            4,
            5
        ],
        [
            4,
            6
        ],
        [
            6,
            7
        ],
        [
            6,
            8
        ],
        [
            8,
            9
        ],
        [
            8,
            10
        ],
        [
            10,
            11
        ],
        [
            10,
            12
        ]
    ]
}