{
    "guid": "24277603_gab",
    "gt_cls": 1,
    "coalitions": [
        [
            "imagine",
            "trusting",
            "that",
            "rat",
            "faced",
            "faggot",
            "kike"
        ],
        [
            "imagine",
            "trusting",
            "that",
            "rat"
        ],
        [
            "faced",
            "faggot",
            "kike"
        ],
        [
            "imagine",
            "trusting",
            "that",
            "rat"
        ],
        [
            "faced"
        ],
        [
            "faggot",
            "kike"
        ],
        [
            "imagine"
        ],
        [
            "trusting",
            "that",
            "rat"
        ],
        [
            "faggot"
        ],
        [
            "kike"
        ],
        [
            "trusting",
            "that",
            "rat"
        ],
        [
            "trusting"
        ],
        [
            "that",
            "rat"
        ],
        [
            "that"
        ],
        [
            "rat"
        ]
    ],
    "value_func": [
        1.0000000008163936,
        0.3631815680456691,
        0.6341530143585712,
        0.36263142854292735,
        0.08839338959897364,
        0.5428107186037657,
        0.06935458474507294,
        0.29272670429511266,
        0.29201110868901103,
        0.24796746788621865,
        0.2921232186528695,
        0.0919436351034832,
        0.19957609790714312,
        0.08399431158325245,
        0.11514014175285514
    ],
    "dividend_dir": [
        1,
        1,
        1,
        1,
        1,
        1,
        1,
        1,
        1,
        1,
        1,
        1,
        1,
        -1,
        1
    ],
    "p_tree": [
        [
            null,
            0
        ],
        [
            0,
            1
        ],
        [
            0,
            2
        ],
        [
            1,
            3
        ],
        [
            2,
            4
        ],
        [
            2,
            5
        ],
        [
            3,
            6
        ],
        [
            3,
            7
        ],
        [
            5,
            8
        ],
        [
            5,
            9
        ],
        [
            7,
            10
        ],
        [
            10,
            11
        ],
        [
            10,
            12
        ],
        [
            12,
            13
        ],
        [
            12,
            14
        ]
    ]
}