{
    "guid": "24406690_gab",
    "gt_cls": 0,
    "coalitions": [
        [
            "omg",
            "we",
            "just",
            "had",
            "a",
            "monster",
            "queers",
            "on",
            "american",
            "idol",
            "lmfao",
            "😂",
            "😂1",
            "😂2"
        ],
        [
            "omg"
        ],
        [
            "we"
        ],
        [
            "just"
        ],
        [
            "had",
            "a",
            "monster",
            "queers",
            "on",
            "american",
            "idol",
            "lmfao",
            "😂",
            "😂1"
        ],
        [
            "😂2"
        ],
        [
            "had"
        ],
        [
            "a",
            "monster",
            "queers",
            "on",
            "american",
            "idol",
            "lmfao"
        ],
        [
            "😂"
        ],
        [
            "😂1"
        ],
        [
            "a",
            "monster",
            "queers"
        ],
        [
            "on",
            "american",
            "idol",
            "lmfao"
        ],
        [
            "a"
        ],
        [
            "monster"
        ],
        [
            "queers"
        ],
        [
            "on"
        ],
        [
            "american",
            "idol",
            "lmfao"
        ],
        [
            "american"
        ],
        [
            "idol"
        ],
        [
            "lmfao"
        ]
    ],
    "value_func": [
        0.9999999874976221,
        0.053971238155500666,
        0.036490245382434,
        0.030290370300982295,
        0.8438086989783388,
        0.03529717128002913,
        0.036215219123411996,
        0.7151419484220612,
        0.047939074745280384,
        0.044374882122823284,
        0.44317021720039734,
        0.27183812253069667,
        0.03628136105103873,
        0.1191382178544843,
        0.28728354163390324,
        0.04412147070027438,
        0.22753909932959968,
        0.05419574204582334,
        0.06617545683563777,
        0.10701528028733129
    ],
    "dividend_dir": [
        -1,
        -1,
        1,
        1,
        -1,
        -1,
        1,
        -1,
        -1,
        -1,
        -1,
        1,
        1,
        -1,
        -1,
        1,
        1,
        -1,
        1,
        1
    ],
    "p_tree": [
        [
            null,
            0
        ],
        [
            0,
            1
        ],
        [
            0,
            2
        ],
        [
            0,
            3
        ],
        [
            0,
            4
        ],
        [
            0,
            5
        ],
        [
            4,
            6
        ],
        [
            4,
            7
        ],
        [
            4,
            8
        ],
        [
            4,
            9
        ],
        [
            7,
            10
        ],
        [
            7,
            11
        ],
        [
            10,
            12
        ],
        [
            10,
            13
        ],
        [
            10,
            14
        ],
        [
            11,
            15
        ],
        [
            11,
            16
        ],
        [
            16,
            17
        ],
        [
            16,
            18
        ],
        [
            16,
            19
        ]
    ]
}