{
    "guid": "24549535_gab",
    "gt_cls": 1,
    "coalitions": [
        [
            "solo",
            "que",
            "soy",
            "de",
            "derecha",
            "a",
            "l",
            "<percent>",
            "el",
            "virus",
            "kike",
            "no",
            "va",
            "con",
            "jesus"
        ],
        [
            "solo",
            "que",
            "soy",
            "de",
            "derecha",
            "a",
            "l",
            "<percent>",
            "el",
            "virus"
        ],
        [
            "kike",
            "no",
            "va",
            "con",
            "jesus"
        ],
        [
            "solo"
        ],
        [
            "que",
            "soy",
            "de",
            "derecha",
            "a",
            "l",
            "<percent>",
            "el",
            "virus"
        ],
        [
            "kike"
        ],
        [
            "no",
            "va",
            "con",
            "jesus"
        ],
        [
            "que"
        ],
        [
            "soy",
            "de",
            "derecha",
            "a",
            "l",
            "<percent>",
            "el",
            "virus"
        ],
        [
            "no"
        ],
        [
            "va"
        ],
        [
            "con"
        ],
        [
            "jesus"
        ],
        [
            "soy",
            "de",
            "derecha"
        ],
        [
            "a",
            "l",
            "<percent>",
            "el",
            "virus"
        ],
        [
            "soy"
        ],
        [
            "de"
        ],
        [
            "derecha"
        ],
        [
            "a"
        ],
        [
            "l"
        ],
        [
            "<percent>"
        ],
        [
            "el"
        ],
        [
            "virus"
        ]
    ],
    "value_func": [
        1.000000023378991,
        0.508253603638902,
        0.49088447942216396,
        0.06142046717510025,
        0.4466656509438044,
        0.3285041516189614,
        0.16116612982324183,
        0.0423714026367801,
        0.40422949025327226,
        0.0462231028072172,
        0.04079516512832835,
        0.028433560178214766,
        0.04570250265688409,
        0.17488491167953615,
        0.229290158942886,
        0.05801839438259856,
        0.02992681465405956,
        0.08693915545563832,
        0.022985783917929496,
        0.024328354257886223,
        0.047165562684582496,
        0.04045462166784318,
        0.09427277618446625
    ],
    "dividend_dir": [
        1,
        1,
        1,
        1,
        1,
        1,
        1,
        1,
        1,
        -1,
        -1,
        -1,
        1,
        -1,
        1,
        1,
        1,
        -1,
        1,
        -1,
        1,
        -1,
        1
    ],
    "p_tree": [
        [
            null,
            0
        ],
        [
            0,
            1
        ],
        [
            0,
            2
        ],
        [
            1,
            3
        ],
        [
            1,
            4
        ],
        [
            2,
            5
        ],
        [
            2,
            6
        ],
        [
            4,
            7
        ],
        [
            4,
            8
        ],
        [
            6,
            9
        ],
        [
            6,
            10
        ],
        [
            6,
            11
        ],
        [
            6,
            12
        ],
        [
            8,
            13
        ],
        [
            8,
            14
        ],
        [
            13,
            15
        ],
        [
            13,
            16
        ],
        [
            13,
            17
        ],
        [
            14,
            18
        ],
        [
            14,
            19
        ],
        [
            14,
            20
        ],
        [
            14,
            21
        ],
        [
            14,
            22
        ]
    ]
}