{
    "guid": "24590941_gab",
    "gt_cls": 1,
    "coalitions": [
        [
            "pipe",
            "down",
            "nigger",
            "lover"
        ],
        [
            "pipe",
            "down",
            "nigger",
            "lover"
        ],
        [
            "pipe"
        ],
        [
            "down",
            "nigger",
            "lover"
        ],
        [
            "down"
        ],
        [
            "nigger",
            "lover"
        ],
        [
            "nigger"
        ],
        [
            "lover"
        ]
    ],
    "value_func": [
        1.0000000411081502,
        0.9974101642258971,
        0.18012631875233687,
        0.8146939685913072,
        0.1388360572353044,
        0.6730719911332816,
        0.46312189448260804,
        0.2068689813025999
    ],
    "dividend_dir": [
        1,
        1,
        1,
        1,
        1,
        1,
        1,
        1
    ],
    "p_tree": [
        [
            null,
            0
        ],
        [
            0,
            1
        ],
        [
            1,
            2
        ],
        [
            1,
            3
        ],
        [
            3,
            4
        ],
        [
            3,
            5
        ],
        [
            5,
            6
        ],
        [
            5,
            7
        ]
    ]
}