{
    "guid": "24665773_gab",
    "gt_cls": 1,
    "coalitions": [
        [
            "amy",
            "loves",
            "to",
            "guzzle",
            "down",
            "nigger",
            "cum"
        ],
        [
            "amy"
        ],
        [
            "loves",
            "to",
            "guzzle",
            "down",
            "nigger",
            "cum"
        ],
        [
            "loves"
        ],
        [
            "to",
            "guzzle",
            "down",
            "nigger",
            "cum"
        ],
        [
            "to",
            "guzzle",
            "down",
            "nigger",
            "cum"
        ],
        [
            "to"
        ],
        [
            "guzzle",
            "down",
            "nigger",
            "cum"
        ],
        [
            "guzzle"
        ],
        [
            "down"
        ],
        [
            "nigger",
            "cum"
        ],
        [
            "nigger"
        ],
        [
            "cum"
        ]
    ],
    "value_func": [
        1.0000000454714946,
        0.07385766808029032,
        0.9249444969201818,
        0.09141133939253326,
        0.8322391816631282,
        0.8310342101789201,
        0.05383835140571434,
        0.7759908872889977,
        0.21719620567256648,
        0.08882040849663697,
        0.4686721465958741,
        0.32410535661845497,
        0.1431087699018255
    ],
    "dividend_dir": [
        1,
        -1,
        1,
        1,
        1,
        1,
        -1,
        1,
        1,
        1,
        1,
        1,
        1
    ],
    "p_tree": [
        [
            null,
            0
        ],
        [
            0,
            1
        ],
        [
            0,
            2
        ],
        [
            2,
            3
        ],
        [
            2,
            4
        ],
        [
            4,
            5
        ],
        [
            5,
            6
        ],
        [
            5,
            7
        ],
        [
            7,
            8
        ],
        [
            7,
            9
        ],
        [
            7,
            10
        ],
        [
            10,
            11
        ],
        [
            10,
            12
        ]
    ]
}