{
    "guid": "24728249_gab",
    "gt_cls": 1,
    "coalitions": [
        [
            "kim",
            "kardashian",
            "is",
            "a",
            "negress",
            "by",
            "now",
            "anyway"
        ],
        [
            "kim",
            "kardashian"
        ],
        [
            "is",
            "a",
            "negress",
            "by",
            "now",
            "anyway"
        ],
        [
            "kim"
        ],
        [
            "kardashian"
        ],
        [
            "is"
        ],
        [
            "a",
            "negress"
        ],
        [
            "by",
            "now"
        ],
        [
            "anyway"
        ],
        [
            "a"
        ],
        [
            "negress"
        ],
        [
            "by"
        ],
        [
            "now"
        ]
    ],
    "value_func": [
        0.9999999879052955,
        0.3185412479951879,
        0.6806379401007362,
        0.07475711836113659,
        0.24349365929229166,
        0.04570262740062349,
        0.4598191401317457,
        0.099538007110684,
        0.07475945015829116,
        0.05255404426979651,
        0.40629643594270315,
        0.04150205791366118,
        0.05770626112078826
    ],
    "dividend_dir": [
        1,
        1,
        1,
        1,
        1,
        -1,
        1,
        1,
        1,
        -1,
        1,
        1,
        1
    ],
    "p_tree": [
        [
            null,
            0
        ],
        [
            0,
            1
        ],
        [
            0,
            2
        ],
        [
            1,
            3
        ],
        [
            1,
            4
        ],
        [
            2,
            5
        ],
        [
            2,
            6
        ],
        [
            2,
            7
        ],
        [
            2,
            8
        ],
        [
            6,
            9
        ],
        [
            6,
            10
        ],
        [
            7,
            11
        ],
        [
            7,
            12
        ]
    ]
}