{
    "guid": "24921789_gab",
    "gt_cls": 1,
    "coalitions": [
        [
            "plenty",
            "of",
            "faggots",
            "to",
            "talk",
            "to1"
        ],
        [
            "plenty",
            "of",
            "faggots"
        ],
        [
            "to",
            "talk",
            "to1"
        ],
        [
            "plenty"
        ],
        [
            "of",
            "faggots"
        ],
        [
            "to",
            "talk",
            "to1"
        ],
        [
            "of"
        ],
        [
            "faggots"
        ],
        [
            "to",
            "talk",
            "to1"
        ],
        [
            "to"
        ],
        [
            "talk",
            "to1"
        ],
        [
            "talk"
        ],
        [
            "to1"
        ]
    ],
    "value_func": [
        1.0000000043566903,
        0.719424306840676,
        0.2789076953053472,
        0.13192009983448438,
        0.5859161207684257,
        0.278237539941524,
        0.07915829157464327,
        0.505530433346474,
        0.2775673845777008,
        0.08103416198032229,
        0.1958630672335553,
        0.1135770251233567,
        0.08158688462158245
    ],
    "dividend_dir": [
        1,
        1,
        1,
        1,
        1,
        1,
        1,
        1,
        1,
        1,
        1,
        1,
        1
    ],
    "p_tree": [
        [
            null,
            0
        ],
        [
            0,
            1
        ],
        [
            0,
            2
        ],
        [
            1,
            3
        ],
        [
            1,
            4
        ],
        [
            2,
            5
        ],
        [
            4,
            6
        ],
        [
            4,
            7
        ],
        [
            5,
            8
        ],
        [
            8,
            9
        ],
        [
            8,
            10
        ],
        [
            10,
            11
        ],
        [
            10,
            12
        ]
    ]
}