{
    "guid": "24998360_gab",
    "gt_cls": 1,
    "coalitions": [
        [
            "nigger",
            "and",
            "a",
            "chimp",
            "walk",
            "into",
            "a1",
            "gay",
            "bar",
            "iran",
            "has",
            "nukes",
            "istandwithisrael"
        ],
        [
            "nigger",
            "and",
            "a",
            "chimp",
            "walk",
            "into",
            "a1",
            "gay",
            "bar",
            "iran"
        ],
        [
            "has",
            "nukes",
            "istandwithisrael"
        ],
        [
            "nigger"
        ],
        [
            "and"
        ],
        [
            "a",
            "chimp",
            "walk",
            "into",
            "a1",
            "gay",
            "bar",
            "iran"
        ],
        [
            "has"
        ],
        [
            "nukes",
            "istandwithisrael"
        ],
        [
            "a",
            "chimp",
            "walk"
        ],
        [
            "into",
            "a1",
            "gay",
            "bar",
            "iran"
        ],
        [
            "nukes"
        ],
        [
            "istandwithisrael"
        ],
        [
            "a"
        ],
        [
            "chimp"
        ],
        [
            "walk"
        ],
        [
            "into"
        ],
        [
            "a1",
            "gay",
            "bar",
            "iran"
        ],
        [
            "a1"
        ],
        [
            "gay"
        ],
        [
            "bar"
        ],
        [
            "iran"
        ]
    ],
    "value_func": [
        0.9999999982298925,
        0.694262576740178,
        0.3048239162691428,
        0.1816225577528298,
        0.044463861784471495,
        0.4669237801826879,
        0.03291666673324149,
        0.27187047474656717,
        0.25043143005699725,
        0.21573902148715085,
        0.06733140395222177,
        0.20447354816729374,
        0.04654089099210883,
        0.15890581997095135,
        0.04426513296191293,
        0.030479091159704243,
        0.18489734170456734,
        0.030808264778313346,
        0.06406355068848806,
        0.044109101334168385,
        0.04553456284385218
    ],
    "dividend_dir": [
        1,
        1,
        -1,
        1,
        1,
        1,
        1,
        -1,
        1,
        1,
        1,
        -1,
        1,
        1,
        1,
        1,
        1,
        1,
        1,
        1,
        1
    ],
    "p_tree": [
        [
            null,
            0
        ],
        [
            0,
            1
        ],
        [
            0,
            2
        ],
        [
            1,
            3
        ],
        [
            1,
            4
        ],
        [
            1,
            5
        ],
        [
            2,
            6
        ],
        [
            2,
            7
        ],
        [
            5,
            8
        ],
        [
            5,
            9
        ],
        [
            7,
            10
        ],
        [
            7,
            11
        ],
        [
            8,
            12
        ],
        [
            8,
            13
        ],
        [
            8,
            14
        ],
        [
            9,
            15
        ],
        [
            9,
            16
        ],
        [
            16,
            17
        ],
        [
            16,
            18
        ],
        [
            16,
            19
        ],
        [
            16,
            20
        ]
    ]
}