{
    "guid": "2521549_gab",
    "gt_cls": 1,
    "coalitions": [
        [
            "<user>",
            "cuz",
            "it",
            "is",
            "upsetting",
            "all",
            "of",
            "my",
            "muzzie",
            "friends",
            "fam"
        ],
        [
            "<user>",
            "cuz"
        ],
        [
            "it"
        ],
        [
            "is",
            "upsetting",
            "all",
            "of",
            "my",
            "muzzie",
            "friends",
            "fam"
        ],
        [
            "<user>"
        ],
        [
            "cuz"
        ],
        [
            "is"
        ],
        [
            "upsetting",
            "all",
            "of",
            "my",
            "muzzie",
            "friends",
            "fam"
        ],
        [
            "upsetting"
        ],
        [
            "all",
            "of",
            "my",
            "muzzie",
            "friends",
            "fam"
        ],
        [
            "all"
        ],
        [
            "of",
            "my",
            "muzzie",
            "friends",
            "fam"
        ],
        [
            "of"
        ],
        [
            "my",
            "muzzie",
            "friends",
            "fam"
        ],
        [
            "my"
        ],
        [
            "muzzie"
        ],
        [
            "friends"
        ],
        [
            "fam"
        ]
    ],
    "value_func": [
        0.9999999919370447,
        0.1907880378880159,
        0.033797764254834516,
        0.774433698728042,
        0.07353766890481821,
        0.11705245831264553,
        0.03791081429868716,
        0.7355200206876188,
        0.07958908093917753,
        0.6548423805093009,
        0.027257235903777006,
        0.6263956586977484,
        0.030590763714153868,
        0.5945431991597637,
        0.0706833341523476,
        0.3789035194650981,
        0.05765153123063931,
        0.08593309906089426
    ],
    "dividend_dir": [
        1,
        1,
        1,
        1,
        1,
        1,
        -1,
        1,
        1,
        1,
        1,
        1,
        -1,
        1,
        1,
        1,
        1,
        1
    ],
    "p_tree": [
        [
            null,
            0
        ],
        [
            0,
            1
        ],
        [
            0,
            2
        ],
        [
            0,
            3
        ],
        [
            1,
            4
        ],
        [
            1,
            5
        ],
        [
            3,
            6
        ],
        [
            3,
            7
        ],
        [
            7,
            8
        ],
        [
            7,
            9
        ],
        [
            9,
            10
        ],
        [
            9,
            11
        ],
        [
            11,
            12
        ],
        [
            11,
            13
        ],
        [
            13,
            14
        ],
        [
            13,
            15
        ],
        [
            13,
            16
        ],
        [
            13,
            17
        ]
    ]
}