{
    "guid": "25400457_gab",
    "gt_cls": 1,
    "coalitions": [
        [
            "why",
            "jews",
            "are",
            "profiting",
            "from",
            "the",
            "us",
            "importing",
            "moslem",
            "refugees"
        ],
        [
            "why"
        ],
        [
            "jews",
            "are",
            "profiting",
            "from",
            "the",
            "us",
            "importing",
            "moslem",
            "refugees"
        ],
        [
            "jews"
        ],
        [
            "are",
            "profiting",
            "from",
            "the",
            "us",
            "importing",
            "moslem",
            "refugees"
        ],
        [
            "are"
        ],
        [
            "profiting",
            "from",
            "the",
            "us",
            "importing",
            "moslem",
            "refugees"
        ],
        [
            "profiting"
        ],
        [
            "from",
            "the",
            "us"
        ],
        [
            "importing",
            "moslem",
            "refugees"
        ],
        [
            "from"
        ],
        [
            "the",
            "us"
        ],
        [
            "importing",
            "moslem",
            "refugees"
        ],
        [
            "the"
        ],
        [
            "us"
        ],
        [
            "importing"
        ],
        [
            "moslem",
            "refugees"
        ],
        [
            "moslem"
        ],
        [
            "refugees"
        ]
    ],
    "value_func": [
        1.0000000240794518,
        0.07769616723925411,
        0.9214548894837288,
        0.1523059178249328,
        0.7683045770318842,
        0.06316275534854239,
        0.7045489778928816,
        0.11528473421270863,
        0.15089827853169024,
        0.4377692673918536,
        0.03746331204766139,
        0.11321569332779637,
        0.43730073752297915,
        0.03922578438610921,
        0.07371910958401522,
        0.12896643096921992,
        0.30786577668488474,
        0.2059298793716057,
        0.10148194793853942
    ],
    "dividend_dir": [
        1,
        1,
        1,
        1,
        1,
        1,
        1,
        1,
        1,
        1,
        -1,
        1,
        1,
        1,
        1,
        1,
        1,
        1,
        1
    ],
    "p_tree": [
        [
            null,
            0
        ],
        [
            0,
            1
        ],
        [
            0,
            2
        ],
        [
            2,
            3
        ],
        [
            2,
            4
        ],
        [
            4,
            5
        ],
        [
            4,
            6
        ],
        [
            6,
            7
        ],
        [
            6,
            8
        ],
        [
            6,
            9
        ],
        [
            8,
            10
        ],
        [
            8,
            11
        ],
        [
            9,
            12
        ],
        [
            11,
            13
        ],
        [
            11,
            14
        ],
        [
            12,
            15
        ],
        [
            12,
            16
        ],
        [
            16,
            17
        ],
        [
            16,
            18
        ]
    ]
}