{
    "guid": "25502005_gab",
    "gt_cls": 1,
    "coalitions": [
        [
            "morning",
            "fag",
            "kike",
            "<user>"
        ],
        [
            "morning"
        ],
        [
            "fag"
        ],
        [
            "kike"
        ],
        [
            "<user>"
        ]
    ],
    "value_func": [
        0.9999999694409689,
        0.11712491206859066,
        0.24664538128153166,
        0.4472932228149145,
        0.1853558034899769
    ],
    "dividend_dir": [
        1,
        1,
        1,
        1,
        1
    ],
    "p_tree": [
        [
            null,
            0
        ],
        [
            0,
            1
        ],
        [
            0,
            2
        ],
        [
            0,
            3
        ],
        [
            0,
            4
        ]
    ]
}