{
    "guid": "25559720_gab",
    "gt_cls": 1,
    "coalitions": [
        [
            "massive",
            "muzrat",
            "espionage"
        ],
        [
            "massive"
        ],
        [
            "muzrat"
        ],
        [
            "espionage"
        ]
    ],
    "value_func": [
        0.99999999057232,
        0.14676144663863616,
        0.6210014295771991,
        0.2286289951779878
    ],
    "dividend_dir": [
        1,
        1,
        1,
        1
    ],
    "p_tree": [
        [
            null,
            0
        ],
        [
            0,
            1
        ],
        [
            0,
            2
        ],
        [
            0,
            3
        ]
    ]
}