{
    "guid": "25708251_gab",
    "gt_cls": 1,
    "coalitions": [
        [
            "twatter",
            "does",
            "not",
            "like",
            "muzrat",
            "either"
        ],
        [
            "twatter"
        ],
        [
            "does",
            "not",
            "like",
            "muzrat",
            "either"
        ],
        [
            "does"
        ],
        [
            "not"
        ],
        [
            "like",
            "muzrat",
            "either"
        ],
        [
            "like"
        ],
        [
            "muzrat"
        ],
        [
            "either"
        ]
    ],
    "value_func": [
        1.0000000011351537,
        0.3205893437914442,
        0.6780009190927838,
        0.0667155477055158,
        0.05328412111747646,
        0.5564618189965664,
        0.07551663430758382,
        0.41142953295915785,
        0.06771753019700373
    ],
    "dividend_dir": [
        1,
        1,
        1,
        1,
        -1,
        1,
        1,
        1,
        -1
    ],
    "p_tree": [
        [
            null,
            0
        ],
        [
            0,
            1
        ],
        [
            0,
            2
        ],
        [
            2,
            3
        ],
        [
            2,
            4
        ],
        [
            2,
            5
        ],
        [
            5,
            6
        ],
        [
            5,
            7
        ],
        [
            5,
            8
        ]
    ]
}