{
    "guid": "25954119_gab",
    "gt_cls": 1,
    "coalitions": [
        [
            "perverted",
            "old",
            "kike",
            "drooling",
            "over",
            "yentas",
            "sad"
        ],
        [
            "perverted",
            "old",
            "kike"
        ],
        [
            "drooling",
            "over",
            "yentas",
            "sad"
        ],
        [
            "perverted"
        ],
        [
            "old"
        ],
        [
            "kike"
        ],
        [
            "drooling"
        ],
        [
            "over",
            "yentas"
        ],
        [
            "sad"
        ],
        [
            "over"
        ],
        [
            "yentas"
        ]
    ],
    "value_func": [
        1.0000000085741023,
        0.5981388654184004,
        0.39948215869243076,
        0.13024553235307793,
        0.09416299872228617,
        0.37066246115948026,
        0.16233863246982627,
        0.18169212103955507,
        0.05489646162175803,
        0.04483401267044342,
        0.13647545538271544
    ],
    "dividend_dir": [
        1,
        1,
        1,
        1,
        1,
        1,
        1,
        1,
        1,
        1,
        1
    ],
    "p_tree": [
        [
            null,
            0
        ],
        [
            0,
            1
        ],
        [
            0,
            2
        ],
        [
            1,
            3
        ],
        [
            1,
            4
        ],
        [
            1,
            5
        ],
        [
            2,
            6
        ],
        [
            2,
            7
        ],
        [
            2,
            8
        ],
        [
            7,
            9
        ],
        [
            7,
            10
        ]
    ]
}