{
    "guid": "25995789_gab",
    "gt_cls": 1,
    "coalitions": [
        [
            "do",
            "dykes",
            "keep",
            "their",
            "nails",
            "short"
        ],
        [
            "do"
        ],
        [
            "dykes"
        ],
        [
            "keep",
            "their",
            "nails",
            "short"
        ],
        [
            "keep"
        ],
        [
            "their",
            "nails"
        ],
        [
            "short"
        ],
        [
            "their"
        ],
        [
            "nails"
        ]
    ],
    "value_func": [
        1.00000003040813,
        0.10210694563919621,
        0.4458050203685317,
        0.4514666579106703,
        0.10856206929414917,
        0.24954413097487807,
        0.09289038843053124,
        0.0955428130102704,
        0.15364653304922857
    ],
    "dividend_dir": [
        1,
        1,
        1,
        1,
        1,
        1,
        -1,
        1,
        1
    ],
    "p_tree": [
        [
            null,
            0
        ],
        [
            0,
            1
        ],
        [
            0,
            2
        ],
        [
            0,
            3
        ],
        [
            3,
            4
        ],
        [
            3,
            5
        ],
        [
            3,
            6
        ],
        [
            5,
            7
        ],
        [
            5,
            8
        ]
    ]
}