{
    "guid": "26046364_gab",
    "gt_cls": 1,
    "coalitions": [
        [
            "meet",
            "the",
            "british",
            "nigger",
            "bitch",
            "princess",
            "criminal",
            "trash",
            "family",
            "🤣"
        ],
        [
            "meet",
            "the",
            "british",
            "nigger",
            "bitch",
            "princess",
            "criminal",
            "trash",
            "family"
        ],
        [
            "🤣"
        ],
        [
            "meet"
        ],
        [
            "the",
            "british",
            "nigger",
            "bitch",
            "princess",
            "criminal",
            "trash",
            "family"
        ],
        [
            "the"
        ],
        [
            "british"
        ],
        [
            "nigger",
            "bitch",
            "princess"
        ],
        [
            "criminal"
        ],
        [
            "trash"
        ],
        [
            "family"
        ],
        [
            "nigger"
        ],
        [
            "bitch"
        ],
        [
            "princess"
        ]
    ],
    "value_func": [
        1.0000000249424974,
        0.9275961316192379,
        0.07023208454935327,
        0.05402942117685464,
        0.871353002816767,
        0.06000713132998246,
        0.07566255905830223,
        0.4616535137538248,
        0.08343316818367873,
        0.12310533110829218,
        0.06531155900051894,
        0.25562988931978087,
        0.12370318801298207,
        0.08008030757711086
    ],
    "dividend_dir": [
        1,
        1,
        -1,
        1,
        1,
        1,
        -1,
        1,
        1,
        1,
        1,
        1,
        1,
        1
    ],
    "p_tree": [
        [
            null,
            0
        ],
        [
            0,
            1
        ],
        [
            0,
            2
        ],
        [
            1,
            3
        ],
        [
            1,
            4
        ],
        [
            4,
            5
        ],
        [
            4,
            6
        ],
        [
            4,
            7
        ],
        [
            4,
            8
        ],
        [
            4,
            9
        ],
        [
            4,
            10
        ],
        [
            7,
            11
        ],
        [
            7,
            12
        ],
        [
            7,
            13
        ]
    ]
}