{
    "guid": "26212173_gab",
    "gt_cls": 1,
    "coalitions": [
        [
            "reminder",
            "to",
            "everyone",
            "wes",
            "bellamy",
            "is",
            "a",
            "nigger"
        ],
        [
            "reminder",
            "to",
            "everyone",
            "wes",
            "bellamy"
        ],
        [
            "is",
            "a",
            "nigger"
        ],
        [
            "reminder"
        ],
        [
            "to",
            "everyone",
            "wes",
            "bellamy"
        ],
        [
            "is"
        ],
        [
            "a",
            "nigger"
        ],
        [
            "to"
        ],
        [
            "everyone",
            "wes",
            "bellamy"
        ],
        [
            "a"
        ],
        [
            "nigger"
        ],
        [
            "everyone"
        ],
        [
            "wes",
            "bellamy"
        ],
        [
            "wes"
        ],
        [
            "bellamy"
        ]
    ],
    "value_func": [
        1.0000000120717778,
        0.44771294523106614,
        0.5505006985356665,
        0.08377020667934616,
        0.36355902518718547,
        0.0594810565432729,
        0.4888083323305663,
        0.07256831472893462,
        0.29057983408833793,
        0.07536758497629421,
        0.4107131392855456,
        0.06856081049901275,
        0.22152432186230014,
        0.10650899312898016,
        0.1146331410746556
    ],
    "dividend_dir": [
        1,
        1,
        1,
        1,
        1,
        -1,
        1,
        -1,
        1,
        1,
        1,
        1,
        1,
        1,
        1
    ],
    "p_tree": [
        [
            null,
            0
        ],
        [
            0,
            1
        ],
        [
            0,
            2
        ],
        [
            1,
            3
        ],
        [
            1,
            4
        ],
        [
            2,
            5
        ],
        [
            2,
            6
        ],
        [
            4,
            7
        ],
        [
            4,
            8
        ],
        [
            6,
            9
        ],
        [
            6,
            10
        ],
        [
            8,
            11
        ],
        [
            8,
            12
        ],
        [
            12,
            13
        ],
        [
            12,
            14
        ]
    ]
}