{
    "guid": "26212911_gab",
    "gt_cls": 1,
    "coalitions": [
        [
            "jew",
            "on",
            "a",
            "stick",
            "now",
            "kike",
            "in",
            "a1",
            "bag",
            "whatever",
            "will",
            "they",
            "think",
            "of",
            "next"
        ],
        [
            "jew",
            "on",
            "a",
            "stick",
            "now",
            "kike",
            "in",
            "a1",
            "bag"
        ],
        [
            "whatever"
        ],
        [
            "will",
            "they",
            "think",
            "of",
            "next"
        ],
        [
            "jew",
            "on",
            "a",
            "stick",
            "now",
            "kike",
            "in",
            "a1",
            "bag"
        ],
        [
            "will"
        ],
        [
            "they"
        ],
        [
            "think",
            "of",
            "next"
        ],
        [
            "jew"
        ],
        [
            "on",
            "a",
            "stick"
        ],
        [
            "now"
        ],
        [
            "kike",
            "in",
            "a1",
            "bag"
        ],
        [
            "think"
        ],
        [
            "of",
            "next"
        ],
        [
            "on"
        ],
        [
            "a",
            "stick"
        ],
        [
            "kike"
        ],
        [
            "in",
            "a1",
            "bag"
        ],
        [
            "of"
        ],
        [
            "next"
        ],
        [
            "a"
        ],
        [
            "stick"
        ],
        [
            "in"
        ],
        [
            "a1",
            "bag"
        ],
        [
            "a1"
        ],
        [
            "bag"
        ]
    ],
    "value_func": [
        0.999999984906689,
        0.7396672458497682,
        0.05755123977904415,
        0.20096742826182154,
        0.7377709768894494,
        0.037873003374579266,
        0.03590706185229577,
        0.12691181980578062,
        0.06893157988496602,
        0.1629276031278426,
        0.06800776065968117,
        0.43600776425664073,
        0.038024548371657585,
        0.08864300609399496,
        0.0476654803442801,
        0.11468434453395224,
        0.2983531433742117,
        0.13564442421130288,
        0.03733434309692869,
        0.0511074986701471,
        0.0466581419616105,
        0.0675221075639013,
        0.04908775012477831,
        0.08636353919018366,
        0.036654349565444465,
        0.049448155953643595
    ],
    "dividend_dir": [
        1,
        1,
        1,
        1,
        1,
        1,
        1,
        1,
        1,
        1,
        1,
        1,
        1,
        1,
        1,
        1,
        1,
        1,
        1,
        1,
        1,
        1,
        -1,
        1,
        1,
        1
    ],
    "p_tree": [
        [
            null,
            0
        ],
        [
            0,
            1
        ],
        [
            0,
            2
        ],
        [
            0,
            3
        ],
        [
            1,
            4
        ],
        [
            3,
            5
        ],
        [
            3,
            6
        ],
        [
            3,
            7
        ],
        [
            4,
            8
        ],
        [
            4,
            9
        ],
        [
            4,
            10
        ],
        [
            4,
            11
        ],
        [
            7,
            12
        ],
        [
            7,
            13
        ],
        [
            9,
            14
        ],
        [
            9,
            15
        ],
        [
            11,
            16
        ],
        [
            11,
            17
        ],
        [
            13,
            18
        ],
        [
            13,
            19
        ],
        [
            15,
            20
        ],
        [
            15,
            21
        ],
        [
            17,
            22
        ],
        [
            17,
            23
        ],
        [
            23,
            24
        ],
        [
            23,
            25
        ]
    ]
}