{
    "guid": "26427633_gab",
    "gt_cls": 0,
    "coalitions": [
        [
            "because",
            "e",
            "should",
            "have",
            "bee",
            "asians",
            "and",
            "f",
            "should1",
            "have1",
            "been",
            "all",
            "the",
            "above"
        ],
        [
            "because",
            "e",
            "should",
            "have",
            "bee",
            "asians",
            "and",
            "f"
        ],
        [
            "should1",
            "have1",
            "been",
            "all",
            "the",
            "above"
        ],
        [
            "because"
        ],
        [
            "e",
            "should",
            "have",
            "bee",
            "asians",
            "and",
            "f"
        ],
        [
            "should1"
        ],
        [
            "have1",
            "been",
            "all",
            "the",
            "above"
        ],
        [
            "e"
        ],
        [
            "should",
            "have",
            "bee",
            "asians",
            "and",
            "f"
        ],
        [
            "have1"
        ],
        [
            "been",
            "all",
            "the",
            "above"
        ],
        [
            "should",
            "have",
            "bee",
            "asians"
        ],
        [
            "and"
        ],
        [
            "f"
        ],
        [
            "been"
        ],
        [
            "all",
            "the",
            "above"
        ],
        [
            "should"
        ],
        [
            "have",
            "bee",
            "asians"
        ],
        [
            "all"
        ],
        [
            "the"
        ],
        [
            "above"
        ],
        [
            "have"
        ],
        [
            "bee",
            "asians"
        ],
        [
            "bee"
        ],
        [
            "asians"
        ]
    ],
    "value_func": [
        1.0000000046957387,
        0.7394803755040321,
        0.26034595370351316,
        0.060286459312151416,
        0.6791431228216666,
        0.04913192167269646,
        0.2110019091372901,
        0.06105763392024969,
        0.6179720885918554,
        0.03497608937839316,
        0.17587080939622468,
        0.5014828257726668,
        0.04995264565595314,
        0.06645365976555977,
        0.0391702566139655,
        0.1365703608597328,
        0.057935768251721496,
        0.4435206446331738,
        0.03712694864157183,
        0.03400898394538411,
        0.06532953434048493,
        0.061092063449311965,
        0.38233827186064434,
        0.1700346142896502,
        0.2121781891365323
    ],
    "dividend_dir": [
        1,
        1,
        1,
        -1,
        1,
        1,
        1,
        1,
        1,
        1,
        1,
        1,
        1,
        -1,
        1,
        1,
        1,
        -1,
        1,
        -1,
        1,
        1,
        -1,
        -1,
        1
    ],
    "p_tree": [
        [
            null,
            0
        ],
        [
            0,
            1
        ],
        [
            0,
            2
        ],
        [
            1,
            3
        ],
        [
            1,
            4
        ],
        [
            2,
            5
        ],
        [
            2,
            6
        ],
        [
            4,
            7
        ],
        [
            4,
            8
        ],
        [
            6,
            9
        ],
        [
            6,
            10
        ],
        [
            8,
            11
        ],
        [
            8,
            12
        ],
        [
            8,
            13
        ],
        [
            10,
            14
        ],
        [
            10,
            15
        ],
        [
            11,
            16
        ],
        [
            11,
            17
        ],
        [
            15,
            18
        ],
        [
            15,
            19
        ],
        [
            15,
            20
        ],
        [
            17,
            21
        ],
        [
            17,
            22
        ],
        [
            22,
            23
        ],
        [
            22,
            24
        ]
    ]
}