{
    "guid": "26619153_gab",
    "gt_cls": 1,
    "coalitions": [
        [
            "arab",
            "refugees",
            "the",
            "jews",
            "are",
            "fucking",
            "arabs"
        ],
        [
            "arab",
            "refugees"
        ],
        [
            "the",
            "jews",
            "are",
            "fucking",
            "arabs"
        ],
        [
            "arab"
        ],
        [
            "refugees"
        ],
        [
            "the",
            "jews",
            "are",
            "fucking",
            "arabs"
        ],
        [
            "the",
            "jews"
        ],
        [
            "are",
            "fucking",
            "arabs"
        ],
        [
            "the"
        ],
        [
            "jews"
        ],
        [
            "are"
        ],
        [
            "fucking",
            "arabs"
        ],
        [
            "fucking"
        ],
        [
            "arabs"
        ]
    ],
    "value_func": [
        1.0000000347426532,
        0.2413955324363802,
        0.7558669353032782,
        0.12028255364276322,
        0.12020400584728806,
        0.7532120857140865,
        0.284090172155508,
        0.46646706396938675,
        0.10037060742698303,
        0.18257373917758662,
        0.11060486661659964,
        0.35337254933122414,
        0.19476889721369098,
        0.15638176307022825
    ],
    "dividend_dir": [
        1,
        1,
        1,
        1,
        1,
        1,
        1,
        1,
        -1,
        1,
        1,
        1,
        1,
        1
    ],
    "p_tree": [
        [
            null,
            0
        ],
        [
            0,
            1
        ],
        [
            0,
            2
        ],
        [
            1,
            3
        ],
        [
            1,
            4
        ],
        [
            2,
            5
        ],
        [
            5,
            6
        ],
        [
            5,
            7
        ],
        [
            6,
            8
        ],
        [
            6,
            9
        ],
        [
            7,
            10
        ],
        [
            7,
            11
        ],
        [
            11,
            12
        ],
        [
            11,
            13
        ]
    ]
}