{
    "guid": "2694325_gab",
    "gt_cls": 1,
    "coalitions": [
        [
            "<user>",
            "lol",
            "what",
            "a",
            "stupid",
            "gook"
        ],
        [
            "<user>"
        ],
        [
            "lol",
            "what",
            "a",
            "stupid",
            "gook"
        ],
        [
            "lol"
        ],
        [
            "what",
            "a",
            "stupid",
            "gook"
        ],
        [
            "what"
        ],
        [
            "a",
            "stupid",
            "gook"
        ],
        [
            "a",
            "stupid",
            "gook"
        ],
        [
            "a"
        ],
        [
            "stupid"
        ],
        [
            "gook"
        ]
    ],
    "value_func": [
        0.9999999639132412,
        0.08641404083831992,
        0.9119691815609521,
        0.1724836619766226,
        0.7378795575892998,
        0.08651630849213794,
        0.6495716009689502,
        0.6474835128085653,
        0.06615886237956124,
        0.12662203710466924,
        0.45261452516394995
    ],
    "dividend_dir": [
        1,
        1,
        1,
        1,
        1,
        -1,
        1,
        1,
        -1,
        1,
        1
    ],
    "p_tree": [
        [
            null,
            0
        ],
        [
            0,
            1
        ],
        [
            0,
            2
        ],
        [
            2,
            3
        ],
        [
            2,
            4
        ],
        [
            4,
            5
        ],
        [
            4,
            6
        ],
        [
            6,
            7
        ],
        [
            7,
            8
        ],
        [
            7,
            9
        ],
        [
            7,
            10
        ]
    ]
}