{
    "guid": "27149193_gab",
    "gt_cls": 1,
    "coalitions": [
        [
            "enjoy",
            "your",
            "kike",
            "faith"
        ],
        [
            "enjoy",
            "your",
            "kike",
            "faith"
        ],
        [
            "enjoy"
        ],
        [
            "your",
            "kike",
            "faith"
        ],
        [
            "your"
        ],
        [
            "kike"
        ],
        [
            "faith"
        ]
    ],
    "value_func": [
        0.9999999894467099,
        0.9948114684572776,
        0.127016180904724,
        0.8626067665631214,
        0.1376637049046201,
        0.5622580078932765,
        0.15724617381055178
    ],
    "dividend_dir": [
        1,
        1,
        1,
        1,
        1,
        1,
        1
    ],
    "p_tree": [
        [
            null,
            0
        ],
        [
            0,
            1
        ],
        [
            1,
            2
        ],
        [
            1,
            3
        ],
        [
            3,
            4
        ],
        [
            3,
            5
        ],
        [
            3,
            6
        ]
    ]
}