{
    "guid": "27436789_gab",
    "gt_cls": 1,
    "coalitions": [
        [
            "keep",
            "waiting",
            "sheboon"
        ],
        [
            "keep",
            "waiting",
            "sheboon"
        ],
        [
            "keep"
        ],
        [
            "waiting",
            "sheboon"
        ],
        [
            "waiting"
        ],
        [
            "sheboon"
        ]
    ],
    "value_func": [
        1.0000000266000133,
        0.9972174737801783,
        0.18576561933059366,
        0.8086693016297498,
        0.13671731009468344,
        0.6686658042644692
    ],
    "dividend_dir": [
        1,
        1,
        -1,
        1,
        1,
        1
    ],
    "p_tree": [
        [
            null,
            0
        ],
        [
            0,
            1
        ],
        [
            1,
            2
        ],
        [
            1,
            3
        ],
        [
            3,
            4
        ],
        [
            3,
            5
        ]
    ]
}