{
    "guid": "27528223_gab",
    "gt_cls": 1,
    "coalitions": [
        [
            "when",
            "muzzies",
            "rule",
            "the",
            "uk",
            "this",
            "is",
            "what",
            "happens"
        ],
        [
            "when",
            "muzzies",
            "rule",
            "the",
            "uk"
        ],
        [
            "this"
        ],
        [
            "is",
            "what",
            "happens"
        ],
        [
            "when"
        ],
        [
            "muzzies",
            "rule",
            "the",
            "uk"
        ],
        [
            "is"
        ],
        [
            "what",
            "happens"
        ],
        [
            "muzzies"
        ],
        [
            "rule",
            "the",
            "uk"
        ],
        [
            "what"
        ],
        [
            "happens"
        ],
        [
            "rule"
        ],
        [
            "the",
            "uk"
        ],
        [
            "the"
        ],
        [
            "uk"
        ]
    ],
    "value_func": [
        1.0000000097109145,
        0.7369800392044669,
        0.0477724395504073,
        0.2129597005333522,
        0.05792117346761479,
        0.6769225449030424,
        0.04732731279543909,
        0.16460755439134264,
        0.44604462336870143,
        0.228702027763762,
        0.06288858839816867,
        0.10052297396390598,
        0.08133866235618917,
        0.14675697387892184,
        0.050969990374795555,
        0.09522154429748714
    ],
    "dividend_dir": [
        1,
        1,
        1,
        1,
        1,
        1,
        1,
        1,
        1,
        1,
        1,
        1,
        1,
        1,
        1,
        1
    ],
    "p_tree": [
        [
            null,
            0
        ],
        [
            0,
            1
        ],
        [
            0,
            2
        ],
        [
            0,
            3
        ],
        [
            1,
            4
        ],
        [
            1,
            5
        ],
        [
            3,
            6
        ],
        [
            3,
            7
        ],
        [
            5,
            8
        ],
        [
            5,
            9
        ],
        [
            7,
            10
        ],
        [
            7,
            11
        ],
        [
            9,
            12
        ],
        [
            9,
            13
        ],
        [
            13,
            14
        ],
        [
            13,
            15
        ]
    ]
}