{
    "guid": "27673860_gab",
    "gt_cls": 0,
    "coalitions": [
        [
            "twitter",
            "is",
            "agaisnt",
            "all",
            "non",
            "muslim",
            "holidays"
        ],
        [
            "twitter"
        ],
        [
            "is",
            "agaisnt",
            "all",
            "non",
            "muslim",
            "holidays"
        ],
        [
            "is"
        ],
        [
            "agaisnt",
            "all",
            "non",
            "muslim",
            "holidays"
        ],
        [
            "agaisnt"
        ],
        [
            "all",
            "non",
            "muslim",
            "holidays"
        ],
        [
            "all"
        ],
        [
            "non"
        ],
        [
            "muslim"
        ],
        [
            "holidays"
        ]
    ],
    "value_func": [
        1.000000031190889,
        0.12068019372016728,
        0.8792070163388648,
        0.06663014451095674,
        0.8125211178348435,
        0.3247135779450359,
        0.48766583820999027,
        0.0693059682988277,
        0.09626371516018,
        0.19332236202881295,
        0.12861888119562598
    ],
    "dividend_dir": [
        -1,
        -1,
        -1,
        1,
        -1,
        -1,
        -1,
        1,
        -1,
        -1,
        -1
    ],
    "p_tree": [
        [
            null,
            0
        ],
        [
            0,
            1
        ],
        [
            0,
            2
        ],
        [
            2,
            3
        ],
        [
            2,
            4
        ],
        [
            4,
            5
        ],
        [
            4,
            6
        ],
        [
            6,
            7
        ],
        [
            6,
            8
        ],
        [
            6,
            9
        ],
        [
            6,
            10
        ]
    ]
}