{
    "guid": "4100251_gab",
    "gt_cls": 0,
    "coalitions": [
        [
            "<user>",
            "they",
            "will",
            "get",
            "arrested",
            "if",
            "cause",
            "violence"
        ],
        [
            "<user>"
        ],
        [
            "they"
        ],
        [
            "will",
            "get",
            "arrested",
            "if",
            "cause",
            "violence"
        ],
        [
            "will"
        ],
        [
            "get",
            "arrested",
            "if",
            "cause",
            "violence"
        ],
        [
            "get"
        ],
        [
            "arrested",
            "if",
            "cause",
            "violence"
        ],
        [
            "arrested"
        ],
        [
            "if",
            "cause",
            "violence"
        ],
        [
            "if"
        ],
        [
            "cause",
            "violence"
        ],
        [
            "cause",
            "violence"
        ],
        [
            "cause"
        ],
        [
            "violence"
        ]
    ],
    "value_func": [
        0.9999999884702416,
        0.15664523410339562,
        0.1293372212352234,
        0.7126198841971856,
        0.11124310645026649,
        0.6001468745312691,
        0.11504949595852859,
        0.48370724359630995,
        0.13670301695480186,
        0.3456596872066555,
        0.10343227663818057,
        0.24101375429582284,
        0.2399701389835137,
        0.10948018009458237,
        0.12944634357662216
    ],
    "dividend_dir": [
        1,
        1,
        1,
        1,
        -1,
        1,
        1,
        1,
        1,
        1,
        1,
        1,
        1,
        1,
        1
    ],
    "p_tree": [
        [
            null,
            0
        ],
        [
            0,
            1
        ],
        [
            0,
            2
        ],
        [
            0,
            3
        ],
        [
            3,
            4
        ],
        [
            3,
            5
        ],
        [
            5,
            6
        ],
        [
            5,
            7
        ],
        [
            7,
            8
        ],
        [
            7,
            9
        ],
        [
            9,
            10
        ],
        [
            9,
            11
        ],
        [
            11,
            12
        ],
        [
            12,
            13
        ],
        [
            12,
            14
        ]
    ]
}