{
    "guid": "5125277_gab",
    "gt_cls": 1,
    "coalitions": [
        [
            "what",
            "an",
            "absolutely",
            "ignorant",
            "negro",
            "she",
            "gives",
            "the",
            "good",
            "a",
            "bad",
            "name"
        ],
        [
            "what",
            "an",
            "absolutely",
            "ignorant",
            "negro"
        ],
        [
            "she",
            "gives",
            "the",
            "good",
            "a",
            "bad",
            "name"
        ],
        [
            "what"
        ],
        [
            "an"
        ],
        [
            "absolutely",
            "ignorant"
        ],
        [
            "negro"
        ],
        [
            "she"
        ],
        [
            "gives",
            "the",
            "good",
            "a",
            "bad",
            "name"
        ],
        [
            "absolutely"
        ],
        [
            "ignorant"
        ],
        [
            "gives"
        ],
        [
            "the",
            "good"
        ],
        [
            "a",
            "bad",
            "name"
        ],
        [
            "the"
        ],
        [
            "good"
        ],
        [
            "a"
        ],
        [
            "bad"
        ],
        [
            "name"
        ]
    ],
    "value_func": [
        0.9999999974246779,
        0.6388189057038312,
        0.36063919438702047,
        0.04204982940189775,
        0.045881031858914074,
        0.2494347806941679,
        0.30075761521702726,
        0.07343797872731989,
        0.28707758350454676,
        0.06670020928216838,
        0.18230397285112923,
        0.060999292389248734,
        0.09087154906992498,
        0.13512661129417047,
        0.03421024324810598,
        0.05659273032679443,
        0.03078821717656534,
        0.046810937797463356,
        0.057522626051255216
    ],
    "dividend_dir": [
        1,
        1,
        1,
        -1,
        1,
        -1,
        1,
        1,
        1,
        1,
        -1,
        1,
        1,
        -1,
        1,
        1,
        -1,
        1,
        1
    ],
    "p_tree": [
        [
            null,
            0
        ],
        [
            0,
            1
        ],
        [
            0,
            2
        ],
        [
            1,
            3
        ],
        [
            1,
            4
        ],
        [
            1,
            5
        ],
        [
            1,
            6
        ],
        [
            2,
            7
        ],
        [
            2,
            8
        ],
        [
            5,
            9
        ],
        [
            5,
            10
        ],
        [
            8,
            11
        ],
        [
            8,
            12
        ],
        [
            8,
            13
        ],
        [
            12,
            14
        ],
        [
            12,
            15
        ],
        [
            13,
            16
        ],
        [
            13,
            17
        ],
        [
            13,
            18
        ]
    ]
}