{
    "guid": "5942714_gab",
    "gt_cls": 1,
    "coalitions": [
        [
            "are",
            "you",
            "talking",
            "about",
            "sand",
            "niggers"
        ],
        [
            "are"
        ],
        [
            "you"
        ],
        [
            "talking",
            "about",
            "sand",
            "niggers"
        ],
        [
            "talking"
        ],
        [
            "about",
            "sand",
            "niggers"
        ],
        [
            "about"
        ],
        [
            "sand",
            "niggers"
        ],
        [
            "sand"
        ],
        [
            "niggers"
        ]
    ],
    "value_func": [
        1.0000000307210342,
        0.06650656488609383,
        0.07992383077036161,
        0.8512469982712638,
        0.08102635740247408,
        0.7679819001204321,
        0.08214354302349784,
        0.6834834116711074,
        0.1917859839167176,
        0.4890357953663367
    ],
    "dividend_dir": [
        1,
        1,
        1,
        1,
        1,
        1,
        -1,
        1,
        1,
        1
    ],
    "p_tree": [
        [
            null,
            0
        ],
        [
            0,
            1
        ],
        [
            0,
            2
        ],
        [
            0,
            3
        ],
        [
            3,
            4
        ],
        [
            3,
            5
        ],
        [
            5,
            6
        ],
        [
            5,
            7
        ],
        [
            7,
            8
        ],
        [
            7,
            9
        ]
    ]
}