{
    "guid": "6305207_gab",
    "gt_cls": 1,
    "coalitions": [
        [
            "trump",
            "is",
            "a",
            "pedophile",
            "kike",
            "verified",
            "power",
            "user"
        ],
        [
            "trump"
        ],
        [
            "is",
            "a",
            "pedophile",
            "kike",
            "verified",
            "power",
            "user"
        ],
        [
            "is"
        ],
        [
            "a",
            "pedophile",
            "kike",
            "verified",
            "power",
            "user"
        ],
        [
            "a"
        ],
        [
            "pedophile"
        ],
        [
            "kike",
            "verified"
        ],
        [
            "power"
        ],
        [
            "user"
        ],
        [
            "kike"
        ],
        [
            "verified"
        ]
    ],
    "value_func": [
        0.9999999917868402,
        0.055828411373886215,
        0.9418848375215335,
        0.050990965583275885,
        0.8884600363735101,
        0.05756494888284578,
        0.24914536186202366,
        0.42765141230590364,
        0.07966018465304237,
        0.0718433527902111,
        0.3228273616954213,
        0.10163906689891347
    ],
    "dividend_dir": [
        1,
        -1,
        1,
        -1,
        1,
        1,
        1,
        1,
        1,
        1,
        1,
        1
    ],
    "p_tree": [
        [
            null,
            0
        ],
        [
            0,
            1
        ],
        [
            0,
            2
        ],
        [
            2,
            3
        ],
        [
            2,
            4
        ],
        [
            4,
            5
        ],
        [
            4,
            6
        ],
        [
            4,
            7
        ],
        [
            4,
            8
        ],
        [
            4,
            9
        ],
        [
            7,
            10
        ],
        [
            7,
            11
        ]
    ]
}