{
    "guid": "6361297_gab",
    "gt_cls": 1,
    "coalitions": [
        [
            "another",
            "day",
            "another1",
            "sand",
            "nigger",
            "kills",
            "whites"
        ],
        [
            "another",
            "day"
        ],
        [
            "another1",
            "sand",
            "nigger",
            "kills",
            "whites"
        ],
        [
            "another"
        ],
        [
            "day"
        ],
        [
            "another1",
            "sand",
            "nigger",
            "kills",
            "whites"
        ],
        [
            "another1",
            "sand",
            "nigger"
        ],
        [
            "kills",
            "whites"
        ],
        [
            "another1"
        ],
        [
            "sand"
        ],
        [
            "nigger"
        ],
        [
            "kills"
        ],
        [
            "whites"
        ]
    ],
    "value_func": [
        0.9999999813496836,
        0.16363265332674512,
        0.8331261829271188,
        0.06476059640188657,
        0.09840184158120836,
        0.8296513492712971,
        0.5984727077970343,
        0.2277038078184411,
        0.09548943194135308,
        0.17671608961349755,
        0.3229747350167185,
        0.11913345276370517,
        0.10724266186714114
    ],
    "dividend_dir": [
        1,
        1,
        1,
        1,
        1,
        1,
        1,
        1,
        1,
        1,
        1,
        1,
        1
    ],
    "p_tree": [
        [
            null,
            0
        ],
        [
            0,
            1
        ],
        [
            0,
            2
        ],
        [
            1,
            3
        ],
        [
            1,
            4
        ],
        [
            2,
            5
        ],
        [
            5,
            6
        ],
        [
            5,
            7
        ],
        [
            6,
            8
        ],
        [
            6,
            9
        ],
        [
            6,
            10
        ],
        [
            7,
            11
        ],
        [
            7,
            12
        ]
    ]
}