{
    "guid": "7079730_gab",
    "gt_cls": 0,
    "coalitions": [
        [
            "fox",
            "news",
            "terrorists",
            "and",
            "immigrant",
            "criminal",
            "gangs",
            "working",
            "together"
        ],
        [
            "fox",
            "news",
            "terrorists",
            "and",
            "immigrant",
            "criminal",
            "gangs"
        ],
        [
            "working",
            "together"
        ],
        [
            "fox",
            "news",
            "terrorists"
        ],
        [
            "and"
        ],
        [
            "immigrant",
            "criminal",
            "gangs"
        ],
        [
            "working"
        ],
        [
            "together"
        ],
        [
            "fox"
        ],
        [
            "news"
        ],
        [
            "terrorists"
        ],
        [
            "immigrant"
        ],
        [
            "criminal"
        ],
        [
            "gangs"
        ]
    ],
    "value_func": [
        1.0000000040831851,
        0.8796466526482473,
        0.11997063226944336,
        0.3090479742874796,
        0.06959230103012423,
        0.5007606513031096,
        0.057617404189010575,
        0.06200898993516902,
        0.0938033163783898,
        0.09268398877547313,
        0.12241990567594843,
        0.2451870878285545,
        0.1289025717632502,
        0.12661098479877228
    ],
    "dividend_dir": [
        1,
        1,
        1,
        1,
        1,
        1,
        1,
        1,
        -1,
        1,
        -1,
        -1,
        1,
        1
    ],
    "p_tree": [
        [
            null,
            0
        ],
        [
            0,
            1
        ],
        [
            0,
            2
        ],
        [
            1,
            3
        ],
        [
            1,
            4
        ],
        [
            1,
            5
        ],
        [
            2,
            6
        ],
        [
            2,
            7
        ],
        [
            3,
            8
        ],
        [
            3,
            9
        ],
        [
            3,
            10
        ],
        [
            5,
            11
        ],
        [
            5,
            12
        ],
        [
            5,
            13
        ]
    ]
}