{
    "guid": "8524582_gab",
    "gt_cls": 0,
    "coalitions": [
        [
            "cnn",
            "exclusive",
            "picture",
            "of",
            "the",
            "plight",
            "of1",
            "refugees",
            "on",
            "the1",
            "high",
            "seas"
        ],
        [
            "cnn"
        ],
        [
            "exclusive",
            "picture",
            "of",
            "the",
            "plight",
            "of1",
            "refugees",
            "on",
            "the1",
            "high",
            "seas"
        ],
        [
            "exclusive",
            "picture"
        ],
        [
            "of",
            "the",
            "plight",
            "of1",
            "refugees",
            "on",
            "the1",
            "high",
            "seas"
        ],
        [
            "exclusive"
        ],
        [
            "picture"
        ],
        [
            "of"
        ],
        [
            "the",
            "plight",
            "of1",
            "refugees",
            "on",
            "the1",
            "high",
            "seas"
        ],
        [
            "the",
            "plight"
        ],
        [
            "of1",
            "refugees",
            "on",
            "the1",
            "high",
            "seas"
        ],
        [
            "the"
        ],
        [
            "plight"
        ],
        [
            "of1"
        ],
        [
            "refugees",
            "on",
            "the1",
            "high",
            "seas"
        ],
        [
            "refugees"
        ],
        [
            "on",
            "the1",
            "high",
            "seas"
        ],
        [
            "on"
        ],
        [
            "the1",
            "high",
            "seas"
        ],
        [
            "the1"
        ],
        [
            "high"
        ],
        [
            "seas"
        ]
    ],
    "value_func": [
        1.0000000000342832,
        0.11100765832085503,
        0.8882841877839482,
        0.18530813159088463,
        0.7024563746849974,
        0.09803338403169835,
        0.08722132267585571,
        0.06757685761922809,
        0.6343261560768786,
        0.16016632633629949,
        0.4737308748856225,
        0.06337681499289494,
        0.09609597525903824,
        0.0627269735871913,
        0.410891259965586,
        0.10047255721879698,
        0.3102728519637791,
        0.06268206885613335,
        0.24758873149253147,
        0.05623900984701866,
        0.08202833880609171,
        0.10926593486477228
    ],
    "dividend_dir": [
        1,
        1,
        1,
        1,
        1,
        -1,
        1,
        1,
        1,
        1,
        1,
        1,
        1,
        1,
        -1,
        -1,
        -1,
        1,
        -1,
        1,
        1,
        -1
    ],
    "p_tree": [
        [
            null,
            0
        ],
        [
            0,
            1
        ],
        [
            0,
            2
        ],
        [
            2,
            3
        ],
        [
            2,
            4
        ],
        [
            3,
            5
        ],
        [
            3,
            6
        ],
        [
            4,
            7
        ],
        [
            4,
            8
        ],
        [
            8,
            9
        ],
        [
            8,
            10
        ],
        [
            9,
            11
        ],
        [
            9,
            12
        ],
        [
            10,
            13
        ],
        [
            10,
            14
        ],
        [
            14,
            15
        ],
        [
            14,
            16
        ],
        [
            16,
            17
        ],
        [
            16,
            18
        ],
        [
            18,
            19
        ],
        [
            18,
            20
        ],
        [
            18,
            21
        ]
    ]
}