{
    "guid": "9053284_gab",
    "gt_cls": 1,
    "coalitions": [
        [
            "they",
            "average",
            "more",
            "in",
            "cali",
            "with",
            "the",
            "feeding",
            "program",
            "but",
            "the1",
            "skunks",
            "and",
            "coons",
            "eat",
            "well",
            "too"
        ],
        [
            "they",
            "average",
            "more",
            "in",
            "cali",
            "with",
            "the",
            "feeding",
            "program"
        ],
        [
            "but"
        ],
        [
            "the1",
            "skunks",
            "and",
            "coons",
            "eat",
            "well",
            "too"
        ],
        [
            "they"
        ],
        [
            "average",
            "more",
            "in",
            "cali",
            "with",
            "the",
            "feeding",
            "program"
        ],
        [
            "the1",
            "skunks",
            "and",
            "coons"
        ],
        [
            "eat",
            "well",
            "too"
        ],
        [
            "average"
        ],
        [
            "more"
        ],
        [
            "in",
            "cali"
        ],
        [
            "with",
            "the",
            "feeding",
            "program"
        ],
        [
            "the1"
        ],
        [
            "skunks"
        ],
        [
            "and"
        ],
        [
            "coons"
        ],
        [
            "eat"
        ],
        [
            "well"
        ],
        [
            "too"
        ],
        [
            "in"
        ],
        [
            "cali"
        ],
        [
            "with"
        ],
        [
            "the",
            "feeding",
            "program"
        ],
        [
            "the"
        ],
        [
            "feeding"
        ],
        [
            "program"
        ]
    ],
    "value_func": [
        1.0000000251348753,
        0.40721099444950554,
        0.02780987259895603,
        0.5640344198748772,
        0.04156198711408968,
        0.3651895333974875,
        0.4311329072161332,
        0.1319814264616392,
        0.03925084344099349,
        0.035444896740463194,
        0.13930654806000364,
        0.15079952263245164,
        0.028734813504041664,
        0.17416610062008775,
        0.03985541221097448,
        0.18741485050007195,
        0.053089243036014554,
        0.036832842322098866,
        0.04184974734974,
        0.037800266153265254,
        0.10122152187363946,
        0.027792876478174182,
        0.12282904617537356,
        0.028364719549504046,
        0.0473714192517655,
        0.046920445679188634
    ],
    "dividend_dir": [
        1,
        1,
        -1,
        1,
        1,
        1,
        1,
        1,
        1,
        1,
        1,
        1,
        1,
        1,
        1,
        1,
        1,
        1,
        -1,
        1,
        1,
        1,
        1,
        1,
        1,
        1
    ],
    "p_tree": [
        [
            null,
            0
        ],
        [
            0,
            1
        ],
        [
            0,
            2
        ],
        [
            0,
            3
        ],
        [
            1,
            4
        ],
        [
            1,
            5
        ],
        [
            3,
            6
        ],
        [
            3,
            7
        ],
        [
            5,
            8
        ],
        [
            5,
            9
        ],
        [
            5,
            10
        ],
        [
            5,
            11
        ],
        [
            6,
            12
        ],
        [
            6,
            13
        ],
        [
            6,
            14
        ],
        [
            6,
            15
        ],
        [
            7,
            16
        ],
        [
            7,
            17
        ],
        [
            7,
            18
        ],
        [
            10,
            19
        ],
        [
            10,
            20
        ],
        [
            11,
            21
        ],
        [
            11,
            22
        ],
        [
            22,
            23
        ],
        [
            22,
            24
        ],
        [
            22,
            25
        ]
    ]
}