{
    "guid": "9144883_gab",
    "gt_cls": 0,
    "coalitions": [
        [
            "can",
            "i",
            "say",
            "nigger",
            "too"
        ],
        [
            "can"
        ],
        [
            "i"
        ],
        [
            "say",
            "nigger",
            "too"
        ],
        [
            "say"
        ],
        [
            "nigger"
        ],
        [
            "too"
        ]
    ],
    "value_func": [
        1.0000000363551358,
        0.09034024008551494,
        0.08801653860105967,
        0.8198676894779104,
        0.1362896025149487,
        0.5550963369688444,
        0.12630118164215767
    ],
    "dividend_dir": [
        1,
        -1,
        1,
        1,
        -1,
        1,
        1
    ],
    "p_tree": [
        [
            null,
            0
        ],
        [
            0,
            1
        ],
        [
            0,
            2
        ],
        [
            0,
            3
        ],
        [
            3,
            4
        ],
        [
            3,
            5
        ],
        [
            3,
            6
        ]
    ]
}