{
    "guid": "9283077_gab",
    "gt_cls": 0,
    "coalitions": [
        [
            "some",
            "might",
            "argue",
            "we",
            "already",
            "had",
            "a",
            "muslim",
            "leader",
            "just",
            "saying"
        ],
        [
            "some"
        ],
        [
            "might",
            "argue",
            "we",
            "already",
            "had",
            "a",
            "muslim",
            "leader",
            "just",
            "saying"
        ],
        [
            "might"
        ],
        [
            "argue",
            "we",
            "already",
            "had",
            "a",
            "muslim",
            "leader",
            "just",
            "saying"
        ],
        [
            "argue"
        ],
        [
            "we",
            "already",
            "had",
            "a",
            "muslim",
            "leader",
            "just",
            "saying"
        ],
        [
            "we",
            "already",
            "had",
            "a",
            "muslim",
            "leader",
            "just",
            "saying"
        ],
        [
            "we"
        ],
        [
            "already"
        ],
        [
            "had",
            "a",
            "muslim",
            "leader",
            "just",
            "saying"
        ],
        [
            "had"
        ],
        [
            "a",
            "muslim",
            "leader"
        ],
        [
            "just",
            "saying"
        ],
        [
            "a"
        ],
        [
            "muslim"
        ],
        [
            "leader"
        ],
        [
            "just"
        ],
        [
            "saying"
        ]
    ],
    "value_func": [
        0.9999999973314175,
        0.04101433488893037,
        0.9587343047489161,
        0.04935751322771466,
        0.9092373795950772,
        0.061345725272621554,
        0.8477469688866068,
        0.8476568590489675,
        0.058512023573900174,
        0.04783788836908697,
        0.741216837268341,
        0.04864987338292221,
        0.56333956591609,
        0.12911300721116503,
        0.08604617572438732,
        0.3467419286842599,
        0.12969699998637413,
        0.06276899443018769,
        0.06572075443306609
    ],
    "dividend_dir": [
        1,
        1,
        1,
        1,
        1,
        1,
        1,
        1,
        1,
        1,
        -1,
        1,
        -1,
        1,
        1,
        -1,
        1,
        1,
        1
    ],
    "p_tree": [
        [
            null,
            0
        ],
        [
            0,
            1
        ],
        [
            0,
            2
        ],
        [
            2,
            3
        ],
        [
            2,
            4
        ],
        [
            4,
            5
        ],
        [
            4,
            6
        ],
        [
            6,
            7
        ],
        [
            7,
            8
        ],
        [
            7,
            9
        ],
        [
            7,
            10
        ],
        [
            10,
            11
        ],
        [
            10,
            12
        ],
        [
            10,
            13
        ],
        [
            12,
            14
        ],
        [
            12,
            15
        ],
        [
            12,
            16
        ],
        [
            13,
            17
        ],
        [
            13,
            18
        ]
    ]
}