{
    "guid": "9587435_gab",
    "gt_cls": 1,
    "coalitions": [
        [
            "suicide",
            "the",
            "camel",
            "face",
            "muscum",
            "cunt"
        ],
        [
            "suicide"
        ],
        [
            "the",
            "camel",
            "face",
            "muscum",
            "cunt"
        ],
        [
            "the"
        ],
        [
            "camel",
            "face"
        ],
        [
            "muscum"
        ],
        [
            "cunt"
        ],
        [
            "camel"
        ],
        [
            "face"
        ]
    ],
    "value_func": [
        1.0000000120226493,
        0.13660227929712268,
        0.8615407139769293,
        0.07699162811971055,
        0.24545463401966247,
        0.28859690829203616,
        0.24906171346040035,
        0.13363620966366774,
        0.11156905948171669
    ],
    "dividend_dir": [
        1,
        1,
        1,
        -1,
        1,
        1,
        1,
        1,
        -1
    ],
    "p_tree": [
        [
            null,
            0
        ],
        [
            0,
            1
        ],
        [
            0,
            2
        ],
        [
            2,
            3
        ],
        [
            2,
            4
        ],
        [
            2,
            5
        ],
        [
            2,
            6
        ],
        [
            4,
            7
        ],
        [
            4,
            8
        ]
    ]
}