{
    "guid": "9648403_gab",
    "gt_cls": 1,
    "coalitions": [
        [
            "oh",
            "so",
            "not",
            "only",
            "a",
            "sjw",
            "but",
            "a1",
            "nigger",
            "lover",
            "on",
            "top"
        ],
        [
            "oh",
            "so"
        ],
        [
            "not",
            "only",
            "a",
            "sjw",
            "but",
            "a1",
            "nigger",
            "lover",
            "on",
            "top"
        ],
        [
            "oh"
        ],
        [
            "so"
        ],
        [
            "not",
            "only"
        ],
        [
            "a",
            "sjw",
            "but",
            "a1",
            "nigger",
            "lover",
            "on",
            "top"
        ],
        [
            "not"
        ],
        [
            "only"
        ],
        [
            "a",
            "sjw"
        ],
        [
            "but"
        ],
        [
            "a1",
            "nigger",
            "lover",
            "on",
            "top"
        ],
        [
            "a"
        ],
        [
            "sjw"
        ],
        [
            "a1",
            "nigger",
            "lover"
        ],
        [
            "on",
            "top"
        ],
        [
            "a1"
        ],
        [
            "nigger"
        ],
        [
            "lover"
        ],
        [
            "on"
        ],
        [
            "top"
        ]
    ],
    "value_func": [
        0.9999999874764236,
        0.14918295912187626,
        0.8496072847458825,
        0.1021697013582269,
        0.04627316223917991,
        0.07268186060449638,
        0.7759146281861978,
        0.036481669278670796,
        0.03605047341302282,
        0.1899234082981814,
        0.03276143925996557,
        0.5520671123837565,
        0.03912272648807,
        0.1505295139366049,
        0.44226349306716906,
        0.10796167231090346,
        0.04930934103118171,
        0.2916573070138087,
        0.099230535813431,
        0.043490912489199646,
        0.06419768604075299
    ],
    "dividend_dir": [
        1,
        1,
        1,
        1,
        -1,
        -1,
        1,
        -1,
        -1,
        -1,
        -1,
        1,
        1,
        -1,
        1,
        1,
        1,
        1,
        1,
        -1,
        1
    ],
    "p_tree": [
        [
            null,
            0
        ],
        [
            0,
            1
        ],
        [
            0,
            2
        ],
        [
            1,
            3
        ],
        [
            1,
            4
        ],
        [
            2,
            5
        ],
        [
            2,
            6
        ],
        [
            5,
            7
        ],
        [
            5,
            8
        ],
        [
            6,
            9
        ],
        [
            6,
            10
        ],
        [
            6,
            11
        ],
        [
            9,
            12
        ],
        [
            9,
            13
        ],
        [
            11,
            14
        ],
        [
            11,
            15
        ],
        [
            14,
            16
        ],
        [
            14,
            17
        ],
        [
            14,
            18
        ],
        [
            15,
            19
        ],
        [
            15,
            20
        ]
    ]
}