{
    "guid": "9709951_gab",
    "gt_cls": 0,
    "coalitions": [
        [
            "it",
            "called",
            "hijrah",
            "islamic",
            "migration",
            "for",
            "the",
            "sole",
            "purpose",
            "of",
            "spreading",
            "islam"
        ],
        [
            "it"
        ],
        [
            "called",
            "hijrah",
            "islamic",
            "migration",
            "for",
            "the",
            "sole",
            "purpose",
            "of",
            "spreading",
            "islam"
        ],
        [
            "called"
        ],
        [
            "hijrah",
            "islamic",
            "migration",
            "for",
            "the",
            "sole",
            "purpose",
            "of",
            "spreading",
            "islam"
        ],
        [
            "hijrah",
            "islamic",
            "migration"
        ],
        [
            "for",
            "the",
            "sole",
            "purpose",
            "of",
            "spreading",
            "islam"
        ],
        [
            "hijrah"
        ],
        [
            "islamic"
        ],
        [
            "migration"
        ],
        [
            "for"
        ],
        [
            "the",
            "sole",
            "purpose",
            "of",
            "spreading",
            "islam"
        ],
        [
            "the",
            "sole",
            "purpose"
        ],
        [
            "of",
            "spreading",
            "islam"
        ],
        [
            "the"
        ],
        [
            "sole"
        ],
        [
            "purpose"
        ],
        [
            "of"
        ],
        [
            "spreading",
            "islam"
        ],
        [
            "spreading",
            "islam"
        ],
        [
            "spreading"
        ],
        [
            "islam"
        ]
    ],
    "value_func": [
        0.9999999891953848,
        0.05927600491078833,
        0.9406389425022388,
        0.07328323225649382,
        0.8673277884087953,
        0.452607504420466,
        0.41447810935131585,
        0.2304283929046701,
        0.11673259942805687,
        0.10539184886627238,
        0.0465926450068578,
        0.36761356655791544,
        0.13980640397278854,
        0.2275059731957452,
        0.03705505356801542,
        0.046649350358501825,
        0.05593844373974178,
        0.038896638027926825,
        0.18834454609082113,
        0.1879723506858006,
        0.07880067718332505,
        0.10879947809745501
    ],
    "dividend_dir": [
        -1,
        -1,
        -1,
        1,
        -1,
        -1,
        -1,
        1,
        -1,
        1,
        1,
        -1,
        -1,
        -1,
        -1,
        1,
        -1,
        1,
        -1,
        -1,
        1,
        -1
    ],
    "p_tree": [
        [
            null,
            0
        ],
        [
            0,
            1
        ],
        [
            0,
            2
        ],
        [
            2,
            3
        ],
        [
            2,
            4
        ],
        [
            4,
            5
        ],
        [
            4,
            6
        ],
        [
            5,
            7
        ],
        [
            5,
            8
        ],
        [
            5,
            9
        ],
        [
            6,
            10
        ],
        [
            6,
            11
        ],
        [
            11,
            12
        ],
        [
            11,
            13
        ],
        [
            12,
            14
        ],
        [
            12,
            15
        ],
        [
            12,
            16
        ],
        [
            13,
            17
        ],
        [
            13,
            18
        ],
        [
            18,
            19
        ],
        [
            19,
            20
        ],
        [
            19,
            21
        ]
    ]
}