{
    "guid": "9869181_gab",
    "gt_cls": 0,
    "coalitions": [
        [
            "but",
            "it",
            "on",
            "hbo",
            "more",
            "violence",
            "and",
            "sex",
            "come",
            "on1",
            "what",
            "not",
            "to",
            "love"
        ],
        [
            "but"
        ],
        [
            "it"
        ],
        [
            "on",
            "hbo"
        ],
        [
            "more",
            "violence",
            "and",
            "sex"
        ],
        [
            "come",
            "on1",
            "what",
            "not",
            "to",
            "love"
        ],
        [
            "on"
        ],
        [
            "hbo"
        ],
        [
            "more"
        ],
        [
            "violence"
        ],
        [
            "and"
        ],
        [
            "sex"
        ],
        [
            "come"
        ],
        [
            "on1",
            "what",
            "not",
            "to",
            "love"
        ],
        [
            "on1"
        ],
        [
            "what",
            "not",
            "to",
            "love"
        ],
        [
            "what"
        ],
        [
            "not",
            "to",
            "love"
        ],
        [
            "not"
        ],
        [
            "to",
            "love"
        ],
        [
            "to"
        ],
        [
            "love"
        ]
    ],
    "value_func": [
        1.0000000043184378,
        0.05323476483162013,
        0.0607863998670835,
        0.1903916694067116,
        0.29427020347289506,
        0.40101969280862765,
        0.06860534690297188,
        0.12173970485854987,
        0.06638606679012894,
        0.0922539006139935,
        0.04881516786900245,
        0.08681261092736474,
        0.07140514738931805,
        0.3293449868660812,
        0.057940444279775766,
        0.27115804184601233,
        0.07418710069549465,
        0.19675933167440693,
        0.06342594606850169,
        0.13317768311407513,
        0.05280552949502332,
        0.08035004958436391
    ],
    "dividend_dir": [
        1,
        -1,
        1,
        -1,
        -1,
        1,
        1,
        -1,
        1,
        1,
        -1,
        -1,
        1,
        1,
        1,
        1,
        1,
        1,
        1,
        1,
        -1,
        1
    ],
    "p_tree": [
        [
            null,
            0
        ],
        [
            0,
            1
        ],
        [
            0,
            2
        ],
        [
            0,
            3
        ],
        [
            0,
            4
        ],
        [
            0,
            5
        ],
        [
            3,
            6
        ],
        [
            3,
            7
        ],
        [
            4,
            8
        ],
        [
            4,
            9
        ],
        [
            4,
            10
        ],
        [
            4,
            11
        ],
        [
            5,
            12
        ],
        [
            5,
            13
        ],
        [
            13,
            14
        ],
        [
            13,
            15
        ],
        [
            15,
            16
        ],
        [
            15,
            17
        ],
        [
            17,
            18
        ],
        [
            17,
            19
        ],
        [
            19,
            20
        ],
        [
            19,
            21
        ]
    ]
}