{
    "guid": "9968459_gab",
    "gt_cls": 1,
    "coalitions": [
        [
            "i",
            "hate",
            "that",
            "wailing",
            "muzrat",
            "shit"
        ],
        [
            "i"
        ],
        [
            "hate",
            "that",
            "wailing",
            "muzrat",
            "shit"
        ],
        [
            "hate"
        ],
        [
            "that"
        ],
        [
            "wailing",
            "muzrat",
            "shit"
        ],
        [
            "wailing",
            "muzrat",
            "shit"
        ],
        [
            "wailing"
        ],
        [
            "muzrat"
        ],
        [
            "shit"
        ]
    ],
    "value_func": [
        0.9999999869093217,
        0.05974982267019185,
        0.9379726516846615,
        0.09828175840511437,
        0.07478503430920817,
        0.7626415595028153,
        0.7607626925286108,
        0.2491824692905832,
        0.40968236971216715,
        0.10001898655165599
    ],
    "dividend_dir": [
        1,
        1,
        1,
        1,
        1,
        1,
        1,
        -1,
        1,
        1
    ],
    "p_tree": [
        [
            null,
            0
        ],
        [
            0,
            1
        ],
        [
            0,
            2
        ],
        [
            2,
            3
        ],
        [
            2,
            4
        ],
        [
            2,
            5
        ],
        [
            5,
            6
        ],
        [
            6,
            7
        ],
        [
            6,
            8
        ],
        [
            6,
            9
        ]
    ]
}